frame,timestamp,wall_clock_ms,zone,px,py,angle,fov,render_w,render_h,dt_floor_ceil,dt_walls,dt_cast,dt_blit_walls,dt_visplane,dt_entities,dt_tint,dt_upscale,dt_hud,dt_sim,dt_physics,dt_frame_total,fps,strip_cache_size,strip_cache_prev_size,col_cache_size,ent_pool_size,bb_base_cache_size,glyph_cache_size,n_entities_visible,n_entity_billboards,n_deferred_halves,n_slices,c_extension_active
0,1771515496.8746817,0.9245999972335994,pawn_shop,6.733,7.842,4.5644,1.0472,480,320,0.751,1.02,0.326,0.695,0.671,1.299,0.001,0.316,1.12,,,5.334,92.6,1785,0,0,0,0,141,14,12,118,238,True
1,1771515496.884683,10.743299993919209,pawn_shop,6.733,7.842,4.5644,1.0472,480,320,0.797,1.06,0.338,0.722,0.687,1.343,0.001,0.333,1.144,,,5.553,92.6,1785,0,0,0,0,141,14,12,118,238,True
2,1771515496.8956857,21.845800001756288,pawn_shop,6.733,7.842,4.5644,1.0472,480,320,0.839,1.06,0.341,0.719,0.742,1.364,0.002,0.39,1.142,,,5.718,92.6,1785,0,0,0,0,141,14,12,118,238,True
3,1771515496.9066896,32.55560000252444,pawn_shop,6.733,7.842,4.5644,1.0472,480,320,0.776,1.018,0.304,0.714,0.708,1.346,0.001,0.29,1.127,,,5.43,92.6,1785,0,0,0,0,141,14,12,118,238,True
4,1771515496.916694,42.70189999078866,pawn_shop,6.733,7.842,4.5644,1.0472,480,320,0.716,0.967,0.282,0.685,0.689,1.277,0.001,0.288,1.106,,,5.188,92.6,1785,0,0,0,0,141,14,12,118,238,True
5,1771515496.9266963,52.683000001707114,pawn_shop,6.733,7.842,4.5644,1.0472,480,320,0.698,0.99,0.288,0.702,0.691,1.276,0.001,0.223,1.093,,,5.111,92.6,1785,0,0,0,0,141,14,12,118,238,True
6,1771515496.936699,62.68979999003932,pawn_shop,6.733,7.842,4.5644,1.0472,480,320,0.664,0.957,0.281,0.676,0.681,1.278,0.001,0.196,1.136,,,5.054,92.6,1785,0,0,0,0,141,14,12,118,238,True
7,1771515496.9467044,72.6888999924995,pawn_shop,6.733,7.842,4.5644,1.0472,480,320,0.657,0.941,0.277,0.664,0.67,1.274,0.001,0.256,1.122,,,5.065,92.6,1785,0,0,0,0,141,14,12,118,238,True
8,1771515496.9577072,83.90869999129791,pawn_shop,6.733,7.842,4.5644,1.0472,480,320,0.771,1.055,0.336,0.718,0.73,1.335,0.001,0.373,1.111,,,5.541,92.6,1785,0,0,0,0,141,14,12,118,238,True
9,1771515496.9687097,94.71009999106172,pawn_shop,6.733,7.842,4.5644,1.0472,480,320,0.749,0.976,0.289,0.687,0.736,1.308,0.001,0.245,1.098,,,5.267,92.6,1785,0,0,0,0,141,14,12,118,238,True
10,1771515496.9787118,104.70789999817498,pawn_shop,6.733,7.842,4.5644,1.0472,480,320,0.739,0.978,0.293,0.685,0.666,1.285,0.001,0.263,1.097,,,5.174,95.2,1785,0,0,0,0,141,14,12,118,238,True
11,1771515496.9887142,114.72159999539144,pawn_shop,6.733,7.842,4.5644,1.0472,480,320,0.703,0.956,0.282,0.674,0.673,1.289,0.001,0.272,1.11,,,5.156,95.2,1785,0,0,0,0,141,14,12,118,238,True
12,1771515496.9987164,124.70420000317972,pawn_shop,6.733,7.842,4.5644,1.0472,480,320,0.738,0.983,0.292,0.691,0.68,1.327,0.001,0.259,1.138,,,5.272,95.2,1785,0,0,0,0,141,14,12,118,238,True
13,1771515497.009719,135.73609999730252,pawn_shop,6.733,7.842,4.5644,1.0472,480,320,0.747,0.986,0.293,0.693,0.679,1.306,0.001,0.261,1.117,,,5.246,95.2,1785,0,0,0,0,141,14,12,118,238,True
14,1771515497.0197213,145.73019999079406,pawn_shop,6.733,7.842,4.5644,1.0472,480,320,0.703,0.97,0.287,0.683,0.668,1.295,0.001,0.206,1.105,,,5.091,95.2,1785,0,0,0,0,141,14,12,118,238,True
15,1771515497.0297232,155.71009999257512,pawn_shop,6.733,7.842,4.5644,1.0472,480,320,0.667,0.945,0.278,0.668,0.652,1.309,0.001,0.25,1.1,,,5.065,95.2,1785,0,0,0,0,141,14,12,118,238,True
16,1771515497.040726,166.70719999819994,pawn_shop,6.733,7.842,4.5644,1.0472,480,320,0.685,0.945,0.278,0.667,0.656,1.282,0.001,0.208,1.096,,,5.012,95.2,1785,0,0,0,0,141,14,12,118,238,True
17,1771515497.0517285,177.70899999595713,pawn_shop,6.733,7.842,4.5644,1.0472,480,320,0.7,0.948,0.282,0.666,0.659,1.271,0.001,0.191,1.082,,,4.99,95.2,1785,0,0,0,0,141,14,12,118,238,True
18,1771515497.0627308,188.7121999898227,pawn_shop,6.733,7.842,4.5644,1.0472,480,320,0.723,0.946,0.28,0.666,0.658,1.273,0.001,0.237,1.094,,,5.072,95.2,1785,0,0,0,0,141,14,12,118,238,True
19,1771515497.0737338,199.70830000238493,pawn_shop,6.733,7.842,4.5644,1.0472,480,320,0.7,0.943,0.275,0.668,0.68,1.276,0.001,0.241,1.093,,,5.072,95.2,1785,0,0,0,0,141,14,12,118,238,True
20,1771515497.0837357,209.8587999935262,pawn_shop,6.733,7.842,4.5644,1.0472,480,320,0.849,1.055,0.331,0.724,0.698,1.34,0.001,0.293,1.121,,,5.52,95.2,1785,0,0,0,0,141,14,12,118,238,True
21,1771515497.0947382,220.74520000023767,pawn_shop,6.733,7.842,4.5644,1.0472,480,320,8.372,0.974,0.291,0.683,0.673,1.289,0.0,0.278,1.098,,,12.825,95.2,1785,0,0,0,0,141,14,12,118,238,True
22,1771515497.1097422,235.06979999365285,pawn_shop,6.733,7.842,4.5644,1.0472,480,320,0.691,0.932,0.273,0.659,0.65,1.253,0.0,0.199,1.083,,,4.947,95.2,1785,0,0,0,0,141,14,12,118,238,True
23,1771515497.1187432,244.71749999793246,pawn_shop,6.733,7.842,4.5644,1.0472,480,320,0.725,0.951,0.282,0.669,0.659,1.274,0.001,0.278,1.125,,,5.153,95.2,1785,0,0,0,0,141,14,12,118,238,True
24,1771515497.1287458,254.73220000276342,pawn_shop,6.733,7.842,4.5644,1.0472,480,320,0.715,0.956,0.283,0.673,0.663,1.287,0.001,0.214,1.095,,,5.071,95.2,1785,0,0,0,0,141,14,12,118,238,True
25,1771515497.138748,264.7388999903342,pawn_shop,6.733,7.842,4.5644,1.0472,480,320,0.708,0.942,0.276,0.667,0.664,1.286,0.001,0.319,1.111,,,5.179,95.2,1785,0,0,0,0,141,14,12,118,238,True
26,1771515497.1487541,274.747399991611,pawn_shop,6.733,7.842,4.5644,1.0472,480,320,0.722,0.95,0.279,0.672,0.668,1.278,0.001,0.274,1.119,,,5.153,95.2,1785,0,0,0,0,141,14,12,118,238,True
27,1771515497.1587563,284.7353999968618,pawn_shop,6.733,7.842,4.5644,1.0472,480,320,0.7,0.952,0.281,0.671,0.716,1.32,0.001,0.277,1.129,,,5.246,95.2,1785,0,0,0,0,141,14,12,118,238,True
28,1771515497.1687589,294.8098999913782,pawn_shop,6.733,7.842,4.5644,1.0472,480,320,0.802,1.033,0.319,0.714,0.745,1.34,0.001,0.297,1.115,,,5.497,95.2,1785,0,0,0,0,141,14,12,118,238,True
29,1771515497.1797612,305.7919999992009,pawn_shop,6.733,7.842,4.5644,1.0472,480,320,0.769,0.993,0.302,0.691,0.672,1.334,0.001,0.266,1.105,,,5.286,95.2,1785,0,0,0,0,141,14,12,118,238,True
30,1771515497.1897633,315.7546000002185,pawn_shop,6.733,7.842,4.5644,1.0472,480,320,0.679,0.947,0.274,0.673,0.662,1.268,0.001,0.276,1.101,,,5.076,94.3,1785,0,0,0,0,141,14,12,118,238,True
31,1771515497.1997657,325.7588999986183,pawn_shop,6.733,7.842,4.5644,1.0472,480,320,0.69,0.939,0.274,0.665,0.651,1.261,0.001,0.263,1.083,,,5.026,94.3,1785,0,0,0,0,141,14,12,118,238,True
32,1771515497.210768,336.77709999028593,pawn_shop,6.733,7.842,4.5644,1.0472,480,320,0.737,0.986,0.291,0.695,0.668,1.331,0.001,0.37,1.143,,,5.409,94.3,1785,0,0,0,0,141,14,12,118,238,True
33,1771515497.222996,348.906100000022,pawn_shop,6.733,7.842,4.5644,1.0472,480,320,0.803,1.033,0.316,0.717,0.69,1.351,0.001,0.321,1.158,,,5.524,94.3,1785,0,0,0,0,141,14,12,118,238,True
34,1771515497.2319973,358.04779999307357,pawn_shop,6.733,7.842,4.5644,1.0472,480,320,0.798,1.04,0.32,0.72,0.686,1.332,0.001,0.291,1.124,,,5.438,94.3,1785,0,0,0,0,141,14,12,118,238,True
35,1771515497.2426007,368.7099999951897,pawn_shop,6.733,7.842,4.5644,1.0472,480,320,0.801,1.027,0.321,0.706,0.669,1.316,0.001,0.307,1.109,,,5.378,94.3,1785,0,0,0,0,141,14,12,118,238,True
36,1771515497.253603,379.59509999200236,pawn_shop,6.733,7.842,4.5644,1.0472,480,320,0.658,0.937,0.277,0.66,0.661,1.26,0.001,0.278,1.084,,,5.016,94.3,1785,0,0,0,0,141,14,12,118,238,True
37,1771515497.2646053,390.58799999475013,pawn_shop,6.733,7.842,4.5644,1.0472,480,320,0.674,0.943,0.274,0.67,0.669,1.29,0.001,0.28,1.108,,,5.111,94.3,1785,0,0,0,0,141,14,12,118,238,True
38,1771515497.2756083,401.69020000030287,pawn_shop,6.733,7.842,4.5644,1.0472,480,320,0.818,1.062,0.334,0.729,0.706,1.345,0.001,0.323,1.124,,,5.551,94.3,1785,0,0,0,0,141,14,12,118,238,True
39,1771515497.2866104,412.65369999746326,pawn_shop,6.733,7.842,4.5644,1.0472,480,320,0.77,1.06,0.319,0.741,0.706,1.388,0.001,0.341,1.164,,,5.615,94.3,1785,0,0,0,0,141,14,12,118,238,True
40,1771515497.2976131,423.658500003512,pawn_shop,6.733,7.842,4.5644,1.0472,480,320,0.783,1.022,0.315,0.707,0.686,1.323,0.001,0.281,1.123,,,5.366,92.6,1785,0,0,0,0,141,14,12,118,238,True
41,1771515497.3076153,433.6079999920912,pawn_shop,6.733,7.842,4.5644,1.0472,480,320,10.463,1.056,0.333,0.723,0.786,1.394,0.002,0.353,1.234,,,15.501,92.6,1785,0,0,0,0,141,14,12,118,238,True
42,1771515497.3256197,450.9997999994084,pawn_shop,6.733,7.842,4.5644,1.0472,480,320,0.777,1.027,0.323,0.704,0.675,1.325,0.001,0.253,1.129,,,5.336,92.6,1785,0,0,0,0,141,14,12,118,238,True
43,1771515497.3356223,461.77480000187643,pawn_shop,6.733,7.842,4.5644,1.0472,480,320,0.801,1.066,0.339,0.727,0.693,1.348,0.001,0.302,1.131,,,5.498,92.6,1785,0,0,0,0,141,14,12,118,238,True
44,1771515497.346624,472.63489999750163,pawn_shop,6.733,7.842,4.5644,1.0472,480,320,0.698,0.973,0.289,0.683,0.672,1.295,0.001,0.224,1.104,,,5.11,92.6,1785,0,0,0,0,141,14,12,118,238,True
45,1771515497.3566263,482.59699999471195,pawn_shop,6.733,7.842,4.5644,1.0472,480,320,0.638,0.931,0.274,0.657,0.656,1.258,0.001,0.244,1.067,,,4.931,92.6,1785,0,0,0,0,141,14,12,118,238,True
46,1771515497.3676286,493.59719999483787,pawn_shop,6.733,7.842,4.5644,1.0472,480,320,0.65,0.93,0.275,0.655,0.654,1.266,0.001,0.281,1.062,,,4.982,92.6,1785,0,0,0,0,141,14,12,118,238,True
47,1771515497.378631,504.62799999513663,pawn_shop,6.733,7.842,4.5644,1.0472,480,320,0.654,0.947,0.273,0.674,0.66,1.249,0.001,0.227,1.072,,,4.948,92.6,1785,0,0,0,0,141,14,12,118,238,True
48,1771515497.3896334,515.6104999914533,pawn_shop,6.733,7.842,4.5644,1.0472,480,320,0.659,0.943,0.275,0.669,0.654,1.284,0.001,0.224,1.074,,,4.981,92.6,1785,0,0,0,0,141,14,12,118,238,True
49,1771515497.400637,526.9047999900067,pawn_shop,6.731,7.829,4.5644,1.0472,480,320,0.753,1.089,0.319,0.77,0.725,1.325,0.001,0.299,1.104,,,5.452,92.6,1789,0,0,0,0,141,14,12,117,237,True
50,1771515497.4116392,537.7135000017006,pawn_shop,6.728,7.805,4.5644,1.0472,480,320,0.751,1.032,0.31,0.722,0.673,1.311,0.001,0.283,1.092,,,5.291,87.7,1789,0,0,0,0,141,14,12,117,237,True
51,1771515497.421662,547.6718999998411,pawn_shop,6.723,7.774,4.5644,1.0472,480,320,0.664,0.993,0.272,0.722,0.666,1.261,0.001,0.246,1.067,,,5.038,87.7,1795,0,0,0,0,141,14,12,115,235,True
52,1771515497.4326434,558.6795999988681,pawn_shop,6.718,7.736,4.5644,1.0472,480,320,0.689,0.99,0.282,0.708,0.662,1.28,0.001,0.233,1.075,,,5.069,87.7,1798,0,0,0,0,141,14,12,115,235,True
53,1771515497.4436462,569.6944999945117,pawn_shop,6.711,7.693,4.5644,1.0472,480,320,0.724,1.029,0.296,0.733,0.671,1.315,0.001,0.298,1.127,,,5.318,87.7,1803,0,0,0,0,141,14,12,114,234,True
54,1771515497.4546483,580.7797000015853,pawn_shop,6.704,7.645,4.5644,1.0472,480,320,0.932,1.119,0.335,0.784,0.728,1.377,0.001,0.358,1.13,,,5.824,87.7,1810,0,0,0,0,141,14,12,111,231,True
55,1771515497.4646509,590.7669000007445,pawn_shop,6.697,7.595,4.5644,1.0472,480,320,0.777,1.134,0.315,0.819,0.716,1.375,0.001,0.354,1.122,,,5.662,87.7,1823,0,0,0,0,141,14,12,112,232,True
56,1771515497.4756532,601.7522999900393,pawn_shop,6.689,7.542,4.5644,1.0472,480,320,0.826,1.092,0.313,0.779,0.693,1.265,0.001,0.299,1.091,,,5.426,87.7,1835,0,0,0,0,141,14,12,108,228,True
57,1771515497.4866557,612.7691000001505,pawn_shop,6.68,7.487,4.5644,1.0472,480,320,0.769,1.122,0.304,0.818,0.687,1.283,0.001,0.299,1.09,,,5.402,87.7,1854,0,0,0,0,141,14,12,107,227,True
58,1771515497.4976578,623.7448000028962,pawn_shop,6.672,7.429,4.5644,1.0472,480,320,0.76,1.15,0.301,0.849,0.716,1.682,0.001,0.329,1.123,,,5.927,87.7,1874,0,0,0,0,142,14,12,106,226,True
59,1771515497.5086606,634.7166999912588,pawn_shop,6.663,7.371,4.5644,1.0472,480,320,0.723,1.121,0.28,0.841,0.683,1.294,0.001,0.295,1.109,,,5.402,87.7,1896,0,0,0,0,142,14,12,105,225,True
60,1771515497.519663,645.7435999909649,pawn_shop,6.654,7.31,4.5644,1.0472,480,320,0.81,1.134,0.3,0.834,0.695,1.288,0.001,0.321,1.154,,,5.558,92.6,1915,0,0,0,0,142,14,12,104,224,True
61,1771515497.5306654,656.7348999960814,pawn_shop,6.645,7.249,4.5644,1.0472,480,320,0.75,1.148,0.316,0.832,0.694,1.273,0.001,0.312,1.073,,,5.401,92.6,1934,0,0,0,0,142,14,12,104,224,True
62,1771515497.5406675,666.6890999913448,pawn_shop,6.636,7.189,4.5644,1.0472,480,320,0.647,1.002,0.26,0.742,0.679,1.226,0.001,0.182,1.069,,,4.944,92.6,1946,0,0,0,0,142,14,12,104,224,True
63,1771515497.5516703,677.6905000006082,pawn_shop,6.627,7.127,4.5644,1.0472,480,320,0.661,1.158,0.266,0.892,0.665,1.234,0.001,0.256,1.061,,,5.175,92.6,1980,0,0,0,0,142,14,12,103,223,True
64,1771515497.5616727,687.6880999916466,pawn_shop,6.618,7.066,4.5644,1.0472,480,320,0.757,1.088,0.269,0.819,0.651,1.234,0.001,0.24,1.075,,,5.187,92.6,2002,0,0,0,0,142,14,12,104,224,True
65,1771515497.5716748,697.6999000034994,pawn_shop,6.609,7.005,4.5644,1.0472,480,320,0.662,1.214,0.26,0.954,0.708,1.218,0.001,0.256,1.07,,,5.269,92.6,2038,0,0,0,0,142,14,12,104,224,True
66,1771515497.5816777,707.7091999963159,pawn_shop,6.6,6.944,4.5644,1.0472,480,320,0.672,1.086,0.264,0.822,0.658,1.211,0.001,0.198,1.075,,,5.04,92.6,2058,0,0,0,0,142,14,12,101,221,True
67,1771515497.5916798,717.8847000031965,pawn_shop,6.591,6.884,4.5684,1.0472,480,320,0.773,1.149,0.31,0.839,0.683,1.307,0.002,0.342,1.119,,,5.547,92.6,2070,0,0,0,0,142,14,12,100,220,True
68,1771515497.6026833,728.9193000033265,pawn_shop,6.582,6.823,4.5844,1.0472,480,320,0.84,1.222,0.316,0.906,0.695,1.294,0.001,0.338,1.138,,,5.768,92.6,2084,0,0,0,0,142,14,11,97,217,True
69,1771515497.6126852,738.8914000039222,pawn_shop,6.573,6.762,4.6004,1.0472,480,320,0.831,1.254,0.301,0.953,0.679,1.249,0.001,0.328,1.139,,,5.706,92.6,2110,0,0,0,0,142,14,11,93,213,True
70,1771515497.6236882,749.0066000027582,pawn_shop,6.565,6.701,4.6164,1.0472,480,320,0.766,1.201,0.277,0.924,0.692,1.244,0.001,0.348,1.127,,,5.602,97.1,2135,0,0,0,0,142,14,11,89,209,True
71,1771515497.6326892,758.8278999901377,pawn_shop,6.558,6.641,4.6284,1.0472,480,320,0.732,1.113,0.259,0.853,0.663,1.434,0.001,0.292,1.113,,,5.55,97.1,2152,0,0,0,0,142,14,11,86,206,True
72,1771515497.6436915,769.8145000031218,pawn_shop,6.551,6.579,4.6404,1.0472,480,320,0.693,1.065,0.25,0.815,0.646,1.094,0.001,0.237,1.067,,,4.993,97.1,2166,0,0,0,0,142,14,10,84,204,True
73,1771515497.6536934,779.7859999991488,pawn_shop,6.545,6.518,4.6484,1.0472,480,320,0.673,1.045,0.239,0.806,0.646,1.083,0.001,0.267,1.076,,,4.982,97.1,2182,0,0,0,0,142,14,10,80,200,True
74,1771515497.6646957,790.8548999985214,pawn_shop,6.539,6.456,4.6524,1.0472,480,320,0.683,1.025,0.238,0.786,0.627,1.179,0.001,0.209,1.042,,,4.954,97.1,2196,0,0,0,0,143,14,10,77,197,True
75,1771515497.6746979,800.7491000025766,pawn_shop,6.533,6.394,4.6564,1.0472,480,320,0.663,1.033,0.231,0.802,0.631,1.065,0.001,0.278,1.049,,,4.91,97.1,2212,0,0,0,0,143,14,10,75,195,True
76,1771515497.6857011,811.7347999941558,pawn_shop,6.528,6.332,4.6564,1.0472,480,320,0.702,1.059,0.24,0.819,0.634,1.052,0.001,0.273,1.078,,,4.988,97.1,2230,0,0,0,0,143,14,10,71,191,True
77,1771515497.6957028,821.8101999955252,pawn_shop,6.524,6.27,4.6644,1.0472,480,320,0.741,1.179,0.249,0.93,0.647,1.066,0.001,0.241,1.055,,,5.123,97.1,2261,0,0,0,0,143,14,10,70,190,True
78,1771515497.7057054,831.7976999969687,pawn_shop,6.519,6.208,4.6764,1.0472,480,320,0.682,1.214,0.228,0.985,0.632,1.031,0.001,0.22,1.049,,,5.017,97.1,2300,0,0,0,0,143,14,10,69,189,True
79,1771515497.7167075,842.9366999916965,pawn_shop,6.516,6.145,4.7004,1.0472,480,320,0.717,1.05,0.237,0.813,0.619,1.076,0.001,0.252,1.056,,,4.98,97.1,2317,0,0,0,0,143,14,10,68,188,True
80,1771515497.7277102,853.015000000596,pawn_shop,6.513,6.084,4.7244,1.0472,480,320,0.778,1.106,0.259,0.847,0.64,1.077,0.001,0.299,1.072,,,5.187,96.2,2335,0,0,0,0,143,14,10,66,186,True
81,1771515497.7377124,863.9047999895411,pawn_shop,6.511,6.021,4.7444,1.0472,480,320,0.795,1.043,0.253,0.79,0.619,1.06,0.001,0.288,1.065,,,5.067,96.2,2344,0,0,0,0,143,14,10,64,184,True
82,1771515497.747715,873.9250999933574,pawn_shop,6.51,5.959,4.7644,1.0472,480,320,0.716,1.169,0.231,0.938,0.609,1.036,0.001,0.178,1.033,,,4.942,96.2,2379,0,0,0,0,143,14,10,62,182,True
83,1771515497.757717,883.8331000006292,pawn_shop,6.51,5.897,4.7804,1.0472,480,320,0.723,1.149,0.232,0.918,0.603,1.048,0.001,0.227,1.057,,,5.01,96.2,2411,0,0,0,0,143,14,10,61,181,True
84,1771515497.7677195,893.7989999976708,pawn_shop,6.511,5.835,4.7964,1.0472,480,320,0.669,1.023,0.211,0.811,0.593,0.994,0.001,0.262,1.059,,,4.8,96.2,2432,0,0,0,0,143,14,9,59,179,True
85,1771515497.7787216,904.8349999939092,pawn_shop,6.513,5.773,4.8124,1.0472,480,320,0.692,1.065,0.217,0.848,0.6,1.002,0.001,0.216,1.081,,,4.858,96.2,2455,0,0,0,0,143,14,9,57,177,True
86,1771515497.7887237,914.7965000011027,pawn_shop,6.516,5.712,4.8284,1.0472,480,320,0.675,1.039,0.205,0.834,0.561,0.976,0.001,0.294,1.049,,,4.803,96.2,2479,0,0,0,0,143,14,9,55,175,True
87,1771515497.7997262,925.8380999963265,pawn_shop,6.52,5.649,4.8444,1.0472,480,320,0.688,1.196,0.205,0.992,0.579,1.014,0.001,0.292,1.047,,,5.025,96.2,2524,0,0,0,0,143,14,9,52,172,True
88,1771515497.8097289,935.8933999901637,pawn_shop,6.525,5.587,4.8564,1.0472,480,320,0.685,1.198,0.203,0.995,0.59,0.983,0.001,0.266,1.058,,,4.982,96.2,2569,0,0,0,0,143,14,9,50,170,True
89,1771515497.8197312,945.8570999995572,pawn_shop,6.531,5.526,4.8644,1.0472,480,320,0.64,1.143,0.232,0.911,0.569,0.99,0.001,0.324,1.069,,,4.948,96.2,2598,0,0,0,0,143,14,9,48,168,True
90,1771515497.8297331,955.7978999946499,pawn_shop,6.537,5.465,4.8684,1.0472,480,320,0.748,1.067,0.211,0.856,0.56,0.955,0.001,0.228,1.055,,,4.818,97.1,2625,0,0,0,0,143,14,9,44,164,True
91,1771515497.8407354,966.7978999932529,pawn_shop,6.544,5.403,4.8724,1.0472,480,320,0.672,1.063,0.196,0.867,0.537,0.953,0.001,0.297,1.056,,,4.779,97.1,2655,0,0,0,0,143,14,9,42,162,True
92,1771515497.851739,977.7755999966757,pawn_shop,6.552,5.341,4.8724,1.0472,480,320,0.685,1.104,0.206,0.898,0.522,0.963,0.001,0.278,1.049,,,4.791,97.1,2688,0,0,0,0,143,14,9,41,161,True
93,1771515497.8627405,988.8208999909693,pawn_shop,6.56,5.278,4.8764,1.0472,480,320,0.706,1.078,0.206,0.872,0.505,0.957,0.001,0.231,1.092,,,4.759,97.1,2717,0,0,0,0,143,14,9,40,160,True
94,1771515497.8737438,999.9151999945752,pawn_shop,6.577,5.219,4.8764,1.0472,480,320,0.575,1.162,0.214,0.948,0.511,0.939,0.001,0.234,1.077,,,4.695,97.1,2747,0,0,0,0,143,14,9,40,160,True
95,1771515497.8847454,1010.7780999969691,pawn_shop,6.601,5.165,4.8764,1.0472,480,320,0.714,1.254,0.214,1.04,0.515,0.987,0.001,0.242,1.073,,,4.986,97.1,2797,0,0,0,0,143,14,9,40,160,True
96,1771515497.8957481,1021.7778999940492,pawn_shop,6.63,5.113,4.8764,1.0472,480,320,0.549,1.232,0.201,1.031,0.539,1.002,0.001,0.211,1.09,,,4.823,97.1,2848,0,0,0,0,143,14,9,42,162,True
97,1771515497.9067504,1032.828299998073,pawn_shop,6.664,5.064,4.8684,1.0472,480,320,0.529,1.103,0.195,0.908,0.542,0.972,0.001,0.246,1.054,,,4.653,97.1,2884,0,0,0,0,143,14,9,42,162,True
98,1771515497.9177527,1043.9696999965236,pawn_shop,6.664,5.017,4.8484,1.0472,480,320,0.545,1.031,0.191,0.84,0.521,0.993,0.001,0.197,1.072,,,4.557,97.1,2913,0,0,0,0,143,14,9,39,159,True
99,1771515497.9287562,1054.867999991984,pawn_shop,6.664,4.97,4.8244,1.0472,480,320,0.541,0.997,0.194,0.802,0.479,0.964,0.001,0.285,1.076,,,4.54,97.1,2936,0,0,0,0,143,14,9,34,154,True
100,1771515497.939758,1065.9218999935547,pawn_shop,6.664,4.925,4.7804,1.0472,480,320,0.568,0.917,0.183,0.734,0.431,0.954,0.001,0.214,1.068,,,4.336,90.9,2954,0,0,0,0,143,14,9,27,147,True
101,1771515497.9507604,1076.9119000033243,pawn_shop,6.664,4.879,4.7324,1.0472,480,320,0.511,0.877,0.167,0.71,0.376,0.908,0.0,0.271,1.078,,,4.202,90.9,2971,0,0,0,0,143,14,9,20,140,True
102,1771515497.9607627,1086.9198000000324,pawn_shop,6.664,4.834,4.6764,1.0472,480,320,0.516,0.814,0.163,0.651,0.349,0.885,0.001,0.284,1.074,,,4.114,90.9,2981,0,0,0,0,143,14,9,12,132,True
103,1771515497.971766,1097.1476999984588,pawn_shop,6.664,4.788,4.6124,1.0472,480,320,0.581,0.876,0.174,0.702,0.284,0.868,0.001,0.28,1.097,,,4.173,90.9,2999,0,0,0,0,143,14,9,2,122,True
104,1771515497.9817674,1107.9518999904394,pawn_shop,6.664,4.741,4.5164,1.0472,480,320,0.563,0.912,0.171,0.741,0.005,0.874,0.001,0.277,1.086,,,3.893,90.9,3022,0,0,0,0,143,14,9,0,120,True
105,1771515497.9917703,1117.939000003389,pawn_shop,6.664,4.693,4.4324,1.0472,480,320,0.561,0.801,0.161,0.64,0.279,0.897,0.001,0.271,1.096,,,4.085,90.9,3030,0,0,0,0,143,14,9,5,125,True
106,1771515498.001772,1128.0311000009533,pawn_shop,6.7,4.643,4.3484,1.0472,480,320,0.627,1.089,0.19,0.899,0.416,1.056,0.002,0.358,1.152,,,4.954,90.9,3032,0,0,0,0,143,14,8,7,127,True
107,1771515498.0127764,1138.1655000004685,pawn_shop,6.7,4.592,4.2644,1.0472,480,320,0.651,0.851,0.203,0.649,0.345,1.041,0.001,0.315,1.121,,,4.529,90.9,3036,0,0,0,0,143,14,8,12,132,True
108,1771515498.0227785,1148.0979999905685,pawn_shop,6.7,4.54,4.1924,1.0472,480,320,0.753,0.899,0.214,0.685,0.365,1.109,0.001,0.323,1.136,,,4.81,90.9,3042,0,0,0,0,143,14,7,15,135,True
109,1771515498.0317793,1158.062999995309,pawn_shop,6.7,4.486,4.1284,1.0472,480,320,0.725,0.898,0.204,0.694,0.377,1.123,0.001,0.287,1.108,,,4.723,90.9,3050,0,0,0,0,143,14,8,17,137,True
110,1771515498.0427828,1168.1917999958387,pawn_shop,6.7,4.432,4.0924,1.0472,480,320,0.815,0.915,0.197,0.717,0.371,1.239,0.002,0.396,1.147,,,5.125,98.0,3062,0,0,0,0,143,14,8,15,135,True
111,1771515498.0537848,1179.2563999915728,pawn_shop,6.7,4.378,4.0684,1.0472,480,320,0.801,0.97,0.194,0.777,0.361,1.132,0.001,0.266,1.098,,,4.82,98.0,3080,0,0,0,0,143,14,8,11,131,True
112,1771515498.062786,1188.9028000005055,pawn_shop,6.7,4.325,4.0644,1.0472,480,320,0.664,0.837,0.17,0.667,0.283,1.15,0.001,0.293,1.092,,,4.505,98.0,3090,0,0,0,0,143,14,8,5,125,True
113,1771515498.0737891,1199.9206999898888,pawn_shop,6.695,4.272,4.0564,1.0472,480,320,0.558,0.82,0.161,0.659,0.004,1.059,0.0,0.246,1.081,,,3.946,98.0,3102,0,0,0,0,143,14,8,0,120,True
114,1771515498.0837905,1209.9008999939542,pawn_shop,6.685,4.22,4.0524,1.0472,480,320,0.605,0.83,0.177,0.654,0.005,1.214,0.001,0.342,1.144,,,4.354,98.0,3109,0,0,0,0,143,14,8,0,120,True
115,1771515498.0947928,1221.0508999996819,pawn_shop,6.668,4.168,4.0564,1.0472,480,320,0.721,0.841,0.179,0.662,0.005,1.24,0.001,0.307,1.126,,,4.443,98.0,3117,0,0,0,0,143,14,8,0,120,True
116,1771515498.1057954,1232.008599996334,pawn_shop,6.648,4.115,4.1004,1.0472,480,320,0.793,0.916,0.173,0.744,0.005,1.205,0.001,0.296,1.095,,,4.496,98.0,3132,0,0,0,0,143,14,8,0,120,True
117,1771515498.1167982,1243.0649000016274,pawn_shop,6.626,4.062,4.1764,1.0472,480,320,0.717,0.828,0.157,0.671,0.004,1.302,0.001,0.222,1.072,,,4.28,98.0,3144,0,0,0,0,143,14,7,0,120,True
118,1771515498.1278002,1253.9670999976806,pawn_shop,6.602,4.007,4.2684,1.0472,480,320,0.755,0.804,0.161,0.644,0.004,1.445,0.001,0.279,1.08,,,4.558,98.0,3153,0,0,0,0,143,14,7,0,120,True
119,1771515498.138803,1264.9579999997513,pawn_shop,6.578,3.951,4.3404,1.0472,480,320,0.712,0.838,0.153,0.685,0.004,1.601,0.001,0.332,1.099,,,4.784,98.0,3168,0,0,0,0,143,14,6,0,120,True
120,1771515498.1498053,1275.8832999970764,pawn_shop,6.554,3.895,4.3444,1.0472,480,320,0.759,0.866,0.161,0.705,0.004,1.867,0.001,0.237,1.093,,,5.019,92.6,3182,0,0,0,0,143,14,6,0,120,True
121,1771515498.1598074,1285.883599994122,pawn_shop,6.531,3.838,4.3484,1.0472,480,320,0.695,0.761,0.156,0.605,0.004,2.008,0.001,0.303,1.085,,,5.053,92.6,3187,0,0,0,0,143,14,6,0,120,True
122,1771515498.1698098,1295.8354000002146,pawn_shop,6.508,3.781,4.3484,1.0472,480,320,0.737,0.814,0.16,0.654,0.004,2.216,0.001,0.246,1.082,,,5.292,92.6,3197,0,0,0,0,143,14,6,0,120,True
123,1771515498.1798122,1305.8581999939634,pawn_shop,6.485,3.725,4.3484,1.0472,480,320,0.706,0.898,0.157,0.741,0.004,2.657,0.001,0.315,1.108,,,5.882,92.6,3216,0,0,0,0,143,14,6,0,120,True
124,1771515498.1898143,1315.8462999999756,pawn_shop,6.463,3.668,4.3484,1.0472,480,320,0.728,0.816,0.153,0.662,0.004,3.781,0.002,0.274,1.106,,,6.902,92.6,3226,0,0,0,0,143,14,6,0,120,True
125,1771515498.1998167,1325.8675999968546,pawn_shop,6.441,3.612,4.3484,1.0472,480,320,0.72,0.85,0.158,0.693,0.004,0.536,0.001,0.256,1.094,,,3.652,92.6,3239,0,0,0,0,143,14,5,0,120,True
126,1771515498.210819,1336.854499997571,pawn_shop,6.418,3.554,4.3484,1.0472,480,320,0.695,0.861,0.154,0.707,0.004,0.561,0.001,0.29,1.103,,,3.71,92.6,3252,0,0,0,0,143,14,5,0,120,True
127,1771515498.222823,1348.9414999930887,pawn_shop,6.396,3.496,4.3484,1.0472,480,320,0.766,0.92,0.165,0.755,0.005,0.553,0.001,0.252,1.088,,,3.777,92.6,3270,0,0,0,0,143,14,5,0,120,True
128,1771515498.2328243,1358.8714999932563,pawn_shop,6.373,3.437,4.3484,1.0472,480,320,0.766,0.821,0.178,0.643,0.005,0.55,0.001,0.272,1.069,,,3.686,92.6,3276,0,0,0,0,143,14,5,0,120,True
129,1771515498.2438266,1369.8836999974446,pawn_shop,6.35,3.378,4.3484,1.0472,480,320,0.717,0.926,0.161,0.766,0.004,0.551,0.001,0.238,1.085,,,3.712,92.6,3294,0,0,0,0,143,14,5,0,120,True
130,1771515498.2548294,1380.881999997655,pawn_shop,6.327,3.318,4.3484,1.0472,480,320,0.707,0.869,0.161,0.708,0.004,0.544,0.001,0.285,1.067,,,3.662,95.2,3308,0,0,0,0,143,14,5,0,120,True
131,1771515498.2658315,1391.859299998032,pawn_shop,6.304,3.258,4.3484,1.0472,480,320,0.679,0.907,0.155,0.753,0.005,0.547,0.001,0.236,1.082,,,3.632,95.2,3325,0,0,0,0,143,14,5,0,120,True
132,1771515498.276834,1402.8686999954516,pawn_shop,6.281,3.197,4.3484,1.0472,480,320,0.681,0.837,0.153,0.684,0.004,0.552,0.001,0.299,1.061,,,3.614,95.2,3337,0,0,0,0,143,14,5,0,120,True
133,1771515498.2878373,1413.9648999989731,pawn_shop,6.257,3.137,4.3484,1.0472,480,320,0.821,0.931,0.177,0.754,0.005,0.587,0.001,0.304,1.099,,,3.951,95.2,3351,0,0,0,0,143,14,5,0,120,True
134,1771515498.297839,1424.0342999983113,pawn_shop,6.234,3.077,4.3404,1.0472,480,320,0.77,0.898,0.175,0.723,0.005,0.578,0.001,0.303,1.115,,,3.869,95.2,3363,0,0,0,0,143,14,5,0,120,True
135,1771515498.307841,1434.1226999968057,pawn_shop,6.22,3.018,4.3044,1.0472,480,320,0.713,0.978,0.164,0.815,0.005,0.555,0.001,0.286,1.09,,,3.762,95.2,3383,0,0,0,0,143,14,5,0,120,True
136,1771515498.3178434,1444.0096000034828,pawn_shop,6.213,2.959,4.2684,1.0472,480,320,0.717,0.916,0.159,0.757,0.004,0.58,0.001,0.274,1.091,,,3.758,95.2,3398,0,0,0,0,143,14,5,0,120,True
137,1771515498.3278456,1454.049699997995,pawn_shop,6.211,2.901,4.2564,1.0472,480,320,0.768,1.003,0.172,0.831,0.006,0.595,0.001,0.287,1.111,,,3.952,95.2,3418,0,0,0,0,143,14,5,0,120,True
138,1771515498.3378487,1463.889199992991,pawn_shop,6.213,2.843,4.2564,1.0472,480,320,0.714,0.888,0.158,0.73,0.004,0.562,0.001,0.229,1.08,,,3.653,95.2,3432,0,0,0,0,143,14,5,0,120,True
139,1771515498.3488503,1474.9135000020033,pawn_shop,6.218,2.785,4.2524,1.0472,480,320,0.679,0.875,0.15,0.725,0.003,0.552,0.001,0.248,1.1,,,3.63,95.2,3446,0,0,0,0,143,14,5,0,120,True
140,1771515498.3598528,1485.9802999999374,pawn_shop,6.227,2.725,4.2404,1.0472,480,320,0.795,1.001,0.17,0.831,0.004,0.569,0.001,0.283,1.09,,,3.921,95.2,3466,0,0,0,0,143,14,4,0,120,True
141,1771515498.369855,1496.0335999930976,pawn_shop,6.236,2.666,4.2084,1.0472,480,320,0.723,1.055,0.156,0.899,0.005,0.556,0.001,0.254,1.09,,,3.86,95.2,3488,0,0,0,0,143,14,4,0,120,True
142,1771515498.3798573,1506.0233999975026,pawn_shop,6.247,2.607,4.1724,1.0472,480,320,0.707,0.998,0.149,0.849,0.004,0.543,0.001,0.279,1.09,,,3.799,95.2,3510,0,0,0,0,143,14,4,0,120,True
143,1771515498.3898597,1516.0045999946306,pawn_shop,6.258,2.548,4.1244,1.0472,480,320,0.718,1.012,0.154,0.858,0.004,0.564,0.001,0.351,1.104,,,3.943,95.2,3530,0,0,0,0,143,14,4,0,120,True
144,1771515498.3998618,1526.0347000003094,pawn_shop,6.268,2.489,4.0524,1.0472,480,320,0.731,1.053,0.152,0.901,0.004,0.562,0.001,0.23,1.101,,,3.859,95.2,3553,0,0,0,0,143,14,4,0,120,True
145,1771515498.4098642,1536.0284999915166,pawn_shop,6.277,2.43,3.9804,1.0472,480,320,0.711,1.002,0.155,0.847,0.004,0.569,0.001,0.253,1.094,,,3.808,95.2,3573,0,0,0,0,143,14,5,0,120,True
146,1771515498.4198663,1546.0290999908466,pawn_shop,6.284,2.37,3.9084,1.0472,480,320,0.78,1.052,0.161,0.891,0.004,0.589,0.001,0.236,1.105,,,3.943,95.2,3595,0,0,0,0,143,14,5,0,120,True
147,1771515498.4298687,1556.056699992041,pawn_shop,6.289,2.311,3.8404,1.0472,480,320,0.752,0.952,0.157,0.794,0.004,0.589,0.001,0.249,1.094,,,3.816,95.2,3610,0,0,0,0,143,14,6,0,120,True
148,1771515498.439871,1566.030599991791,pawn_shop,6.291,2.252,3.7804,1.0472,480,320,0.692,1.123,0.152,0.971,0.004,0.616,0.001,0.275,1.103,,,3.993,95.2,3639,0,0,0,0,143,14,6,0,120,True
149,1771515498.4498737,1576.080600003479,pawn_shop,6.291,2.192,3.7284,1.0472,480,320,0.772,1.004,0.165,0.84,0.005,0.643,0.001,0.317,1.109,,,4.033,95.2,3657,0,0,0,0,143,14,6,0,120,True
150,1771515498.4598756,1586.041299990029,pawn_shop,6.288,2.133,3.6924,1.0472,480,320,0.704,1.045,0.156,0.889,0.005,0.622,0.001,0.3,1.109,,,3.97,100.0,3679,0,0,0,0,143,14,6,0,120,True
151,1771515498.4698777,1596.0188000026392,pawn_shop,6.283,2.074,3.6644,1.0472,480,320,0.698,1.026,0.153,0.872,0.004,0.635,0.001,0.264,1.114,,,3.924,100.0,3700,0,0,0,0,143,14,6,0,120,True
152,1771515498.4798799,1606.0444000031566,pawn_shop,6.276,2.016,3.6444,1.0472,480,320,0.744,1.05,0.167,0.883,0.004,0.642,0.001,0.332,1.11,,,4.07,100.0,3722,0,0,0,0,143,14,6,0,120,True
153,1771515498.4898825,1616.0284999932628,pawn_shop,6.267,1.957,3.6364,1.0472,480,320,0.789,1.06,0.178,0.882,0.005,0.646,0.001,0.28,1.102,,,4.065,100.0,3741,0,0,0,0,143,14,6,0,120,True
154,1771515498.4998844,1625.982199999271,pawn_shop,6.256,1.899,3.6244,1.0472,480,320,0.694,1.04,0.152,0.888,0.004,0.614,0.001,0.27,1.1,,,3.896,100.0,3762,0,0,0,0,143,14,6,0,120,True
155,1771515498.5098867,1635.946900001727,pawn_shop,6.245,1.841,3.6204,1.0472,480,320,0.686,1.214,0.154,1.06,0.004,0.616,0.001,0.235,1.097,,,4.031,100.0,3794,0,0,0,0,143,14,6,0,120,True
156,1771515498.5198889,1645.958299995982,pawn_shop,6.231,1.783,3.6164,1.0472,480,320,0.704,1.259,0.154,1.105,0.004,0.628,0.001,0.237,1.093,,,4.103,100.0,3829,0,0,0,0,143,14,6,0,120,True
157,1771515498.529891,1655.97870000056,pawn_shop,6.217,1.726,3.6124,1.0472,480,320,0.718,1.309,0.156,1.153,0.006,0.633,0.001,0.272,1.105,,,4.228,100.0,3862,0,0,0,0,143,14,6,0,120,True
158,1771515498.5398934,1665.9814000013284,pawn_shop,6.202,1.668,3.6044,1.0472,480,320,0.741,1.246,0.156,1.09,0.004,0.613,0.001,0.221,1.095,,,4.101,100.0,3892,0,0,0,0,143,14,6,0,120,True
159,1771515498.5498958,1675.993999990169,pawn_shop,6.186,1.611,3.5924,1.0472,480,320,0.714,1.171,0.156,1.015,0.004,0.638,0.001,0.257,1.093,,,4.056,100.0,3917,0,0,0,0,143,14,6,0,120,True
160,1771515498.5598986,1686.1333999986527,pawn_shop,6.164,1.559,3.5724,1.0472,480,320,0.759,1.158,0.169,0.99,0.005,0.621,0.001,0.259,1.136,,,4.12,100.0,3940,0,0,0,0,143,14,6,0,120,True
161,1771515498.5699,1696.1103999929037,pawn_shop,6.135,1.512,3.5484,1.0472,480,320,0.816,1.29,0.177,1.113,0.005,0.64,0.001,0.387,1.124,,,4.469,100.0,3969,0,0,0,0,143,14,6,0,120,True
162,1771515498.5809028,1707.1958000015002,pawn_shop,6.101,1.47,3.5164,1.0472,480,320,0.819,1.281,0.193,1.088,0.005,0.633,0.001,0.303,1.117,,,4.353,100.0,3995,0,0,0,0,143,14,6,0,120,True
163,1771515498.5929055,1718.4250999998767,pawn_shop,6.061,1.43,3.4724,1.0472,480,320,0.803,1.216,0.187,1.029,0.005,0.62,0.001,0.337,1.113,,,4.299,100.0,4018,0,0,0,0,143,14,6,0,120,True
164,1771515498.6019073,1728.1511999899521,pawn_shop,6.019,1.395,3.4324,1.0472,480,320,0.832,1.533,0.189,1.344,0.005,0.626,0.001,0.397,1.114,,,4.718,100.0,4057,0,0,0,0,143,14,6,0,120,True
165,1771515498.6119096,1738.1606999988435,pawn_shop,5.973,1.364,3.3964,1.0472,480,320,0.818,1.622,0.188,1.434,0.007,0.656,0.001,0.408,1.151,,,4.891,100.0,4111,0,0,0,0,143,14,6,0,120,True
166,1771515498.622912,1748.3357000019168,pawn_shop,5.925,1.336,3.3604,1.0472,480,320,0.793,1.463,0.188,1.276,0.005,0.635,0.001,0.303,1.115,,,4.51,100.0,4146,0,0,0,0,143,14,6,0,120,True
167,1771515498.631914,1758.0924999929266,pawn_shop,5.875,1.312,3.3284,1.0472,480,320,0.743,1.521,0.168,1.353,0.005,0.626,0.001,0.28,1.102,,,4.464,100.0,4199,0,0,0,0,143,14,6,0,120,True
168,1771515498.6429167,1769.1130000021076,pawn_shop,5.822,1.312,3.2924,1.0472,480,320,0.754,1.323,0.175,1.147,0.005,0.653,0.001,0.276,1.105,,,4.299,100.0,4231,0,0,0,0,143,14,6,0,120,True
169,1771515498.653919,1780.132699990645,pawn_shop,5.767,1.312,3.2604,1.0472,480,320,0.724,1.289,0.169,1.119,0.005,0.612,0.001,0.264,1.095,,,4.177,100.0,4262,0,0,0,0,143,14,6,0,120,True
170,1771515498.6649215,1791.0869999905117,pawn_shop,5.71,1.312,3.2284,1.0472,480,320,0.709,1.298,0.165,1.134,0.004,0.583,0.001,0.279,1.09,,,4.144,95.2,4295,0,0,0,0,143,14,6,0,120,True
171,1771515498.6749237,1801.098900003126,pawn_shop,5.652,1.312,3.1884,1.0472,480,320,0.715,1.399,0.166,1.234,0.005,0.597,0.001,0.255,1.094,,,4.253,95.2,4341,0,0,0,0,143,14,6,0,120,True
172,1771515498.6859264,1811.323200003244,pawn_shop,5.594,1.3,3.1444,1.0472,480,320,0.72,1.45,0.168,1.282,0.004,0.58,0.001,0.261,1.102,,,4.299,95.2,4392,0,0,0,0,143,14,5,0,120,True
173,1771515498.6959286,1822.1046999969985,pawn_shop,5.535,1.3,3.0884,1.0472,480,320,0.681,1.136,0.158,0.977,0.005,0.588,0.001,0.261,1.099,,,3.952,95.2,4418,0,0,0,0,143,14,5,0,120,True
174,1771515498.7059307,1832.1040000009816,pawn_shop,5.475,1.3,3.0244,1.0472,480,320,0.706,1.157,0.169,0.989,0.005,0.596,0.001,0.263,1.088,,,3.994,95.2,4444,0,0,0,0,143,14,5,0,120,True
175,1771515498.715933,1842.094299994642,pawn_shop,5.416,1.3,2.9364,1.0472,480,320,0.686,1.102,0.159,0.943,0.004,0.599,0.001,0.324,1.105,,,4.009,95.2,4467,0,0,0,0,143,14,5,0,120,True
176,1771515498.7259355,1852.114099994651,pawn_shop,5.357,1.301,2.8604,1.0472,480,320,0.708,1.205,0.167,1.038,0.005,0.608,0.001,0.245,1.068,,,4.018,95.2,4495,0,0,0,0,143,14,6,0,120,True
177,1771515498.7359376,1862.1087999927113,pawn_shop,5.298,1.306,2.7884,1.0472,480,320,0.694,1.188,0.161,1.026,0.004,0.608,0.001,0.238,1.089,,,4.001,95.2,4522,0,0,0,0,143,14,6,0,120,True
178,1771515498.74594,1872.1656999987317,pawn_shop,5.24,1.315,2.7244,1.0472,480,320,0.806,1.356,0.185,1.172,0.005,0.629,0.001,0.288,1.088,,,4.357,95.2,4556,0,0,0,0,143,14,6,0,120,True
179,1771515498.7569423,1883.153199989465,pawn_shop,5.182,1.327,2.6764,1.0472,480,320,0.75,1.437,0.169,1.267,0.004,0.71,0.001,0.283,1.088,,,4.47,95.2,4600,0,0,0,0,143,14,6,0,120,True
180,1771515498.767945,1894.1103999968618,pawn_shop,5.124,1.342,2.6604,1.0472,480,320,0.746,1.464,0.172,1.292,0.005,0.626,0.001,0.265,1.081,,,4.368,97.1,4648,0,0,0,0,143,14,6,0,120,True
181,1771515498.7789474,1905.0726999994367,pawn_shop,5.065,1.36,2.6804,1.0472,480,320,0.727,1.241,0.163,1.078,0.004,0.645,0.001,0.295,1.077,,,4.19,97.1,4680,0,0,0,0,143,14,6,0,120,True
182,1771515498.7889495,1915.1472999947146,pawn_shop,5.007,1.379,2.7644,1.0472,480,320,0.757,1.142,0.165,0.976,0.004,0.638,0.001,0.271,1.078,,,4.075,97.1,4702,0,0,0,0,143,14,6,0,120,True
183,1771515498.7989516,1925.1665999909164,pawn_shop,4.949,1.398,2.8724,1.0472,480,320,0.781,1.05,0.171,0.879,0.004,0.628,0.001,0.255,1.129,,,4.051,97.1,4718,0,0,0,0,143,14,5,0,120,True
184,1771515498.808954,1935.1573000021745,pawn_shop,4.891,1.414,2.9804,1.0472,480,320,0.827,0.943,0.174,0.769,0.004,0.621,0.001,0.248,1.088,,,3.919,97.1,4728,0,0,0,0,143,14,5,0,120,True
185,1771515498.8189566,1945.108200001414,pawn_shop,4.833,1.429,2.9964,1.0472,480,320,0.812,0.859,0.17,0.688,0.251,0.646,0.001,0.252,1.073,,,4.086,97.1,4734,0,0,0,0,143,14,5,1,121,True
186,1771515498.8289587,1955.022199996165,pawn_shop,4.774,1.443,2.9964,1.0472,480,320,0.784,1.0,0.194,0.807,0.261,0.69,0.001,0.307,1.098,,,4.37,97.1,4754,0,0,0,0,143,14,5,3,123,True
187,1771515498.838961,1965.047899997444,pawn_shop,4.716,1.456,3.0004,1.0472,480,320,0.762,0.884,0.173,0.711,0.267,0.659,0.001,0.227,1.057,,,4.057,97.1,4767,0,0,0,0,143,14,5,6,126,True
188,1771515498.848963,1975.0479999929667,pawn_shop,4.657,1.468,3.0044,1.0472,480,320,0.709,0.843,0.168,0.675,0.27,0.667,0.001,0.229,1.077,,,3.997,97.1,4777,0,0,0,0,143,14,5,7,127,True
189,1771515498.8589654,1984.9981000006665,pawn_shop,4.598,1.48,3.0044,1.0472,480,320,0.703,0.776,0.17,0.606,0.266,0.679,0.001,0.297,1.083,,,4.016,97.1,4778,0,0,0,0,143,14,5,6,126,True
190,1771515498.8689678,1995.0952999934088,pawn_shop,4.539,1.49,3.0044,1.0472,480,320,0.758,0.806,0.183,0.623,0.273,0.727,0.001,0.366,1.086,,,4.23,99.0,4779,0,0,0,0,143,14,5,6,126,True
191,1771515498.87897,2005.0477999902796,pawn_shop,4.48,1.501,3.0044,1.0472,480,320,0.742,0.769,0.174,0.595,0.262,0.681,0.001,0.213,1.07,,,3.939,99.0,4780,0,0,0,0,143,14,5,5,125,True
192,1771515498.8889723,2015.0197000039043,pawn_shop,4.421,1.511,3.0044,1.0472,480,320,0.708,0.894,0.166,0.727,0.259,0.662,0.001,0.262,1.063,,,4.05,99.0,4797,0,0,0,0,143,14,5,4,124,True
193,1771515498.8989744,2024.9955999897793,pawn_shop,4.362,1.52,3.0044,1.0472,480,320,0.682,0.785,0.159,0.626,0.243,0.665,0.001,0.265,1.058,,,3.897,99.0,4805,0,0,0,0,143,14,5,3,123,True
194,1771515498.9089766,2035.004499994102,pawn_shop,4.302,1.529,3.0044,1.0472,480,320,0.67,0.763,0.159,0.604,0.239,0.662,0.001,0.271,1.064,,,3.868,99.0,4811,0,0,0,0,143,14,5,3,123,True
195,1771515498.9189792,2045.0064999895403,pawn_shop,4.243,1.539,3.0044,1.0472,480,320,0.674,0.735,0.159,0.576,0.234,0.663,0.001,0.218,1.052,,,3.773,99.0,4812,0,0,0,0,143,14,5,2,122,True
196,1771515498.9299815,2056.015699999989,pawn_shop,4.183,1.548,3.0044,1.0472,480,320,0.705,0.82,0.165,0.655,0.237,0.665,0.001,0.232,1.053,,,3.911,99.0,4823,0,0,0,0,143,14,5,1,121,True
197,1771515498.9399836,2065.999799990095,pawn_shop,4.123,1.557,3.0044,1.0472,480,320,0.674,0.768,0.153,0.614,0.004,0.644,0.001,0.228,1.057,,,3.552,99.0,4831,0,0,0,0,143,14,5,0,120,True
198,1771515498.9509861,2077.000399993267,pawn_shop,4.061,1.566,3.0044,1.0472,480,320,0.677,0.727,0.151,0.576,0.004,0.67,0.001,0.277,1.044,,,3.584,99.0,4835,0,0,0,0,143,14,5,0,120,True
199,1771515498.9619887,2088.0077999900095,pawn_shop,3.999,1.575,3.0044,1.0472,480,320,0.694,0.738,0.161,0.577,0.004,0.67,0.001,0.258,1.086,,,3.645,99.0,4838,0,0,0,0,143,14,5,0,120,True
200,1771515498.9729912,2099.1007999982685,pawn_shop,3.936,1.584,2.9884,1.0472,480,320,0.702,0.846,0.16,0.686,0.004,0.668,0.001,0.291,1.099,,,3.813,96.2,4853,0,0,0,0,143,14,5,0,120,True
201,1771515498.9829934,2109.2550000030315,pawn_shop,3.874,1.593,2.9764,1.0472,480,320,0.753,0.865,0.175,0.69,0.005,0.7,0.001,0.279,1.096,,,3.901,96.2,4867,0,0,0,0,143,14,5,0,120,True
202,1771515498.9929955,2119.090699998196,pawn_shop,3.813,1.603,2.9764,1.0472,480,320,0.704,0.775,0.163,0.612,0.004,0.709,0.001,0.246,1.077,,,3.708,96.2,4873,0,0,0,0,143,14,5,0,120,True
203,1771515499.002998,2129.07670000277,pawn_shop,3.752,1.612,2.9764,1.0472,480,320,0.813,0.798,0.172,0.625,0.005,0.735,0.001,0.286,1.108,,,3.946,96.2,4880,0,0,0,0,143,14,5,0,120,True
204,1771515499.0130002,2139.082399997278,pawn_shop,3.691,1.622,2.9724,1.0472,480,320,0.726,0.867,0.162,0.704,0.004,0.741,0.001,0.373,1.775,,,4.664,96.2,4896,0,0,0,0,143,14,5,0,120,True
205,1771515499.0230038,2149.1106000030413,pawn_shop,3.631,1.632,2.9724,1.0472,480,320,0.828,0.878,0.181,0.697,0.005,0.744,0.001,0.296,1.124,,,4.015,96.2,4906,0,0,0,0,143,14,5,0,120,True
206,1771515499.0330052,2159.1766999918036,pawn_shop,3.573,1.633,2.9724,1.0472,480,320,0.721,0.793,0.158,0.636,0.004,0.747,0.001,0.268,1.098,,,3.762,96.2,4914,0,0,0,0,143,14,5,0,120,True
207,1771515499.0430067,2169.1208999982337,pawn_shop,3.516,1.628,2.9644,1.0472,480,320,0.773,0.925,0.167,0.757,0.005,0.8,0.001,0.277,1.117,,,4.039,96.2,4932,0,0,0,0,143,14,5,0,120,True
208,1771515499.05301,2179.184199994779,pawn_shop,3.461,1.618,2.9404,1.0472,480,320,0.798,0.809,0.168,0.641,0.005,0.746,0.001,0.254,1.115,,,3.909,96.2,4939,0,0,0,0,143,14,5,0,120,True
209,1771515499.0630124,2189.1910999984248,pawn_shop,3.406,1.604,2.8964,1.0472,480,320,0.739,0.846,0.163,0.683,0.004,0.75,0.001,0.248,1.12,,,3.887,96.2,4951,0,0,0,0,143,14,5,0,120,True
210,1771515499.073014,2199.1733000031672,pawn_shop,3.352,1.587,2.8244,1.0472,480,320,0.783,0.897,0.168,0.729,0.284,0.871,0.001,0.28,1.106,,,4.409,100.0,4967,0,0,0,0,143,14,5,5,125,True
211,1771515499.0840168,2210.203199996613,pawn_shop,3.296,1.569,2.7364,1.0472,480,320,0.777,0.833,0.18,0.653,0.308,0.946,0.001,0.279,1.108,,,4.442,100.0,4972,0,0,0,0,143,14,5,14,134,True
212,1771515499.0950193,2221.2299999955576,pawn_shop,3.239,1.552,2.6364,1.0472,480,320,0.783,0.962,0.198,0.764,0.386,0.976,0.001,0.267,1.088,,,4.651,100.0,4986,0,0,0,0,143,14,5,23,143,True
213,1771515499.1050217,2231.1917999904836,pawn_shop,3.181,1.535,2.5484,1.0472,480,320,0.726,1.002,0.198,0.804,0.404,0.962,0.001,0.293,1.091,,,4.671,100.0,5004,0,0,0,0,143,14,5,31,151,True
214,1771515499.1150236,2241.189199994551,pawn_shop,3.124,1.52,2.4604,1.0472,480,320,0.723,1.08,0.221,0.86,0.453,1.092,0.001,0.284,1.099,,,4.925,100.0,5027,0,0,0,0,143,14,6,47,167,True
215,1771515499.125026,2251.225500003784,pawn_shop,3.065,1.508,2.3804,1.0472,480,320,0.839,1.112,0.258,0.854,0.49,1.311,0.001,0.307,1.124,,,5.391,100.0,5044,0,0,0,0,143,14,6,59,179,True
216,1771515499.136028,2262.2460999991745,pawn_shop,3.006,1.499,2.2884,1.0472,480,320,0.739,1.123,0.251,0.872,0.539,1.305,0.001,0.258,1.091,,,5.274,100.0,5064,0,0,0,0,143,14,8,68,188,True
217,1771515499.1470308,2273.234099993715,pawn_shop,2.945,1.493,2.2084,1.0472,480,320,0.721,19.424,0.271,19.153,0.635,1.423,0.001,0.281,1.128,,,23.836,100.0,5085,0,0,0,0,144,14,8,81,201,True
218,1771515499.1730363,2299.127199992654,pawn_shop,2.866,1.493,2.0684,1.0472,480,320,0.699,1.177,0.29,0.887,0.677,1.547,0.001,0.292,1.109,,,5.71,100.0,5103,0,0,0,0,144,14,8,110,230,True
219,1771515499.1830394,2309.2100999929244,pawn_shop,2.792,1.498,2.0204,1.0472,480,320,0.705,1.192,0.303,0.89,0.647,1.614,0.001,0.284,1.097,,,5.747,100.0,5119,0,0,0,0,144,14,9,118,238,True
220,1771515499.1930413,2319.225799990818,pawn_shop,2.722,1.509,1.9764,1.0472,480,320,0.74,1.268,0.333,0.935,0.665,1.711,0.001,0.273,1.1,,,5.969,83.3,5138,0,0,0,0,144,14,9,127,247,True
221,1771515499.2030432,2329.2072999902302,pawn_shop,2.655,1.523,1.9284,1.0472,480,320,0.695,1.234,0.318,0.916,0.69,1.766,0.001,0.271,1.118,,,5.99,83.3,5154,0,0,0,0,144,14,9,135,255,True
222,1771515499.213046,2339.235399995232,pawn_shop,2.591,1.541,1.8684,1.0472,480,320,0.74,1.236,0.352,0.884,0.707,1.81,0.001,0.268,1.111,,,6.08,83.3,5163,0,0,0,0,144,14,9,142,262,True
223,1771515499.2230482,2349.2544000037014,pawn_shop,2.529,1.561,1.8084,1.0472,480,320,0.725,1.226,0.35,0.876,0.738,1.879,0.001,0.285,1.103,,,6.171,83.3,5171,0,0,0,0,144,14,9,148,268,True
224,1771515499.2360504,2361.926700003096,pawn_shop,2.47,1.585,1.7404,1.0472,480,320,0.734,1.322,0.347,0.975,0.78,1.942,0.001,0.291,1.097,,,6.39,83.3,5193,0,0,0,0,144,14,9,154,274,True
225,1771515499.244053,2370.148000001791,pawn_shop,2.413,1.612,1.6644,1.0472,480,320,0.7,30.214,0.341,29.873,0.891,1.987,0.002,0.283,1.129,,,35.459,83.3,5216,0,0,0,0,144,14,10,162,282,True
226,1771515499.2820613,2407.791699995869,pawn_shop,2.357,1.669,1.4364,1.0472,480,320,0.741,1.389,0.392,0.997,0.851,2.165,0.001,0.259,1.12,,,6.751,83.3,5232,0,0,0,0,144,14,13,189,309,True
227,1771515499.2920637,2418.267699991702,pawn_shop,2.324,1.732,1.3804,1.0472,480,320,0.742,1.396,0.409,0.987,0.871,2.29,0.001,0.278,1.131,,,6.951,83.3,5249,0,0,0,0,144,14,13,196,316,True
228,1771515499.302066,2428.248700001859,pawn_shop,2.305,1.796,1.3284,1.0472,480,320,0.753,1.43,0.418,1.012,0.865,2.35,0.001,0.278,1.108,,,7.008,83.3,5265,0,0,0,0,144,14,13,203,323,True
229,1771515499.3120677,2438.290699996287,pawn_shop,2.298,1.861,1.2804,1.0472,480,320,0.733,1.363,0.425,0.938,0.84,2.426,0.001,0.276,1.111,,,6.971,83.3,5270,0,0,0,0,144,14,13,208,328,True
230,1771515499.3220706,2448.254100003396,pawn_shop,2.298,1.924,1.2244,1.0472,480,320,0.753,1.361,0.431,0.929,0.847,2.594,0.001,0.282,1.147,,,7.208,77.5,5271,0,0,0,0,144,14,13,216,336,True
231,1771515499.333073,2459.2895999958273,pawn_shop,2.305,1.987,1.1604,1.0472,480,320,0.795,1.444,0.451,0.993,0.874,2.717,0.001,0.298,1.156,,,7.543,77.5,5276,0,0,0,0,144,14,13,219,339,True
232,1771515499.343075,2468.693599992548,pawn_shop,2.317,2.049,1.1124,1.0472,480,320,0.824,1.524,0.428,1.096,0.884,2.82,0.001,0.284,1.117,,,7.679,77.5,5300,0,0,0,0,144,14,13,219,339,True
233,1771515499.3530772,2479.2720999976154,pawn_shop,2.333,2.109,1.0564,1.0472,480,320,0.74,1.474,0.41,1.064,0.863,2.948,0.001,0.289,1.146,,,7.703,77.5,5324,0,0,0,0,144,14,13,216,336,True
234,1771515499.363079,2488.7560999923153,pawn_shop,2.352,2.166,1.0164,1.0472,480,320,0.798,1.462,0.416,1.046,0.875,3.149,0.001,0.288,1.128,,,7.931,77.5,5341,0,0,0,0,144,14,13,218,338,True
235,1771515499.3740823,2500.316199992085,pawn_shop,2.376,2.224,0.9644,1.0472,480,320,0.801,1.427,0.425,1.002,0.913,3.472,0.002,0.294,1.157,,,8.342,77.5,5349,0,0,0,0,144,14,13,216,336,True
236,1771515499.3850849,2510.546699995757,pawn_shop,2.402,2.28,0.9204,1.0472,480,320,0.775,1.458,0.421,1.037,0.881,3.568,0.002,0.303,1.146,,,8.392,77.5,5363,0,0,0,0,144,14,13,205,325,True
237,1771515499.3950865,2520.7864999974845,pawn_shop,2.431,2.334,0.8724,1.0472,480,320,0.822,1.4,0.403,0.997,0.836,5.673,0.002,0.32,1.169,,,10.522,77.5,5371,0,0,0,0,144,14,13,200,320,True
238,1771515499.4070892,2533.218199998373,pawn_shop,2.465,2.388,0.8004,1.0472,480,320,0.782,1.37,0.384,0.986,0.804,8.444,0.003,0.331,1.2,,,13.239,77.5,5379,0,0,0,0,144,14,13,186,306,True
239,1771515499.4220922,2548.359199994593,pawn_shop,2.504,2.443,0.7044,1.0472,480,320,0.771,1.381,0.391,0.991,0.771,1.524,0.001,0.314,1.131,,,6.133,77.5,5386,0,0,0,0,144,14,12,175,295,True
240,1771515499.4330957,2559.3154999951366,pawn_shop,2.547,2.494,0.6324,1.0472,480,320,0.774,1.335,0.388,0.947,0.734,1.531,0.001,0.267,1.12,,,5.977,90.1,5390,0,0,0,0,144,14,12,177,297,True
241,1771515499.4430978,2569.2908999917563,pawn_shop,2.591,2.542,0.5724,1.0472,480,320,0.722,1.371,0.385,0.986,0.721,1.54,0.001,0.3,1.137,,,6.024,90.1,5399,0,0,0,0,144,14,12,178,298,True
242,1771515499.4531,2579.286799998954,pawn_shop,2.638,2.585,0.5164,1.0472,480,320,0.71,1.416,0.386,1.031,0.703,1.535,0.001,0.284,1.133,,,6.004,90.1,5409,0,0,0,0,144,14,12,179,299,True
243,1771515499.4631026,2589.3244999897433,pawn_shop,2.686,2.625,0.4764,1.0472,480,320,0.772,1.412,0.404,1.008,0.685,1.55,0.001,0.273,1.142,,,6.05,90.1,5417,0,0,0,0,144,14,12,176,296,True
244,1771515499.4731045,2599.262000003364,pawn_shop,2.735,2.663,0.4444,1.0472,480,320,0.732,1.35,0.38,0.97,0.667,1.582,0.001,0.278,1.133,,,5.963,90.1,5421,0,0,0,0,144,14,12,178,298,True
245,1771515499.4831076,2609.3212999985553,pawn_shop,2.786,2.697,0.4164,1.0472,480,320,0.786,1.448,0.404,1.044,0.709,1.594,0.002,0.295,1.135,,,6.212,90.1,5428,0,0,0,0,144,14,11,177,297,True
246,1771515499.4941096,2620.303399991826,pawn_shop,2.838,2.73,0.3924,1.0472,480,320,0.784,1.486,0.404,1.082,0.681,1.613,0.001,0.282,1.154,,,6.223,90.1,5438,0,0,0,0,144,14,11,182,302,True
247,1771515499.5041122,2630.294100003084,pawn_shop,2.891,2.761,0.3724,1.0472,480,320,0.765,1.57,0.4,1.17,0.719,1.637,0.001,0.283,1.148,,,6.36,90.1,5451,0,0,0,0,144,14,11,187,307,True
248,1771515499.5151145,2641.2857999966945,pawn_shop,2.946,2.79,0.3564,1.0472,480,320,0.756,1.723,0.414,1.308,0.682,1.644,0.001,0.293,1.115,,,6.447,90.1,5464,0,0,0,0,144,14,11,190,310,True
249,1771515499.5251164,2651.245699991705,pawn_shop,3.001,2.818,0.3484,1.0472,480,320,0.78,1.621,0.406,1.215,0.699,1.658,0.001,0.272,1.121,,,6.403,90.1,5478,0,0,0,0,144,14,11,197,317,True
250,1771515499.5351186,2661.224299998139,pawn_shop,3.056,2.844,0.3404,1.0472,480,320,0.74,1.514,0.407,1.107,0.681,1.723,0.001,0.27,1.117,,,6.267,98.0,5488,0,0,0,0,144,14,10,204,324,True
251,1771515499.5451207,2671.360399996047,pawn_shop,3.112,2.869,0.3284,1.0472,480,320,0.747,1.471,0.413,1.058,0.683,1.714,0.001,0.278,1.093,,,6.232,98.0,5495,0,0,0,0,144,14,10,206,326,True
252,1771515499.5561228,2682.299399995827,pawn_shop,3.169,2.893,0.3084,1.0472,480,320,0.744,1.483,0.423,1.06,0.697,1.772,0.002,0.288,1.091,,,6.322,98.0,5501,0,0,0,0,144,14,10,208,328,True
253,1771515499.567126,2693.299799997476,pawn_shop,3.227,2.916,0.2724,1.0472,480,320,0.779,1.476,0.427,1.049,0.673,1.736,0.001,0.276,1.087,,,6.258,98.0,5508,0,0,0,0,144,14,9,203,323,True
254,1771515499.5781283,2704.3808000016725,pawn_shop,3.286,2.937,0.2444,1.0472,480,320,0.79,1.54,0.438,1.102,0.695,1.722,0.002,0.319,1.084,,,6.401,98.0,5517,0,0,0,0,144,14,9,199,319,True
255,1771515499.5881305,2714.3198999983724,pawn_shop,3.346,2.957,0.2204,1.0472,480,320,0.83,1.547,0.435,1.112,0.677,1.702,0.001,0.337,1.112,,,6.474,98.0,5528,0,0,0,0,144,14,9,192,312,True
256,1771515499.598133,2724.3190000008326,pawn_shop,3.405,2.975,0.2084,1.0472,480,320,0.81,1.556,0.444,1.112,0.658,1.743,0.001,0.39,1.132,,,6.575,98.0,5541,0,0,0,0,144,14,9,189,309,True
257,1771515499.6081352,2734.2763999913586,pawn_shop,3.464,2.993,0.2044,1.0472,480,320,0.754,1.468,0.42,1.048,0.634,1.66,0.001,0.313,1.081,,,6.128,98.0,5552,0,0,0,0,144,14,9,189,309,True
258,1771515499.6181374,2744.260299994494,pawn_shop,3.522,3.009,0.2204,1.0472,480,320,0.698,1.385,0.366,1.019,0.635,1.649,0.001,0.228,1.061,,,5.862,98.0,5560,0,0,0,0,144,14,9,192,312,True
259,1771515499.628139,2754.3487999937497,pawn_shop,3.581,3.026,0.2884,1.0472,480,320,0.638,1.446,0.378,1.068,0.675,1.741,0.001,0.288,1.083,,,6.09,98.0,5573,0,0,0,0,144,14,9,209,329,True
260,1771515499.6381414,2764.31679999223,pawn_shop,3.639,3.043,0.3684,1.0472,480,320,0.699,1.656,0.41,1.246,0.741,1.845,0.001,0.286,1.057,,,6.504,97.1,5601,0,0,0,0,144,14,9,227,347,True
261,1771515499.6481438,2774.2499000014504,pawn_shop,3.697,3.062,0.3884,1.0472,480,320,0.669,1.56,0.395,1.165,0.754,1.842,0.001,0.223,1.048,,,6.3,97.1,5620,0,0,0,0,144,14,9,229,349,True
262,1771515499.6581461,2784.171699997387,pawn_shop,3.697,3.081,0.3884,1.0472,480,320,0.661,1.426,0.402,1.024,0.739,1.862,0.001,0.204,1.064,,,6.174,97.1,5626,0,0,0,0,144,14,9,232,352,True
263,1771515499.6681488,2794.231199994101,pawn_shop,3.697,3.101,0.3924,1.0472,480,320,0.641,1.452,0.397,1.055,0.765,1.865,0.001,0.264,1.061,,,6.266,97.1,5637,0,0,0,0,144,14,9,234,354,True
264,1771515499.6781507,2804.204599990044,pawn_shop,3.697,3.121,0.3924,1.0472,480,320,0.645,1.409,0.408,1.001,0.754,1.895,0.001,0.206,1.051,,,6.175,97.1,5642,0,0,0,0,144,14,9,239,359,True
265,1771515499.688153,2814.1834999987623,pawn_shop,3.697,3.142,0.3924,1.0472,480,320,0.687,1.463,0.421,1.042,0.782,1.909,0.001,0.246,1.057,,,6.369,97.1,5649,0,0,0,0,144,14,9,240,360,True
266,1771515499.6981552,2824.1743999969913,pawn_shop,3.697,3.163,0.3924,1.0472,480,320,0.647,1.385,0.406,0.979,0.775,1.901,0.001,0.267,1.055,,,6.247,97.1,5652,0,0,0,0,144,14,9,242,362,True
267,1771515499.7081575,2834.164799991413,pawn_shop,3.697,3.185,0.3924,1.0472,480,320,0.635,1.402,0.408,0.994,0.77,1.906,0.001,0.277,1.05,,,6.259,97.1,5658,0,0,0,0,144,14,9,242,362,True
268,1771515499.7181597,2844.1740999987815,pawn_shop,3.697,3.207,0.3924,1.0472,480,320,0.651,1.399,0.416,0.983,0.777,1.954,0.001,0.305,1.084,,,6.406,97.1,5661,0,0,0,0,144,14,9,247,367,True
269,1771515499.728162,2854.1936999972677,pawn_shop,3.697,3.229,0.3924,1.0472,480,320,0.708,1.464,0.431,1.033,0.771,1.967,0.001,0.243,1.059,,,6.441,97.1,5666,0,0,0,0,144,14,9,248,368,True
270,1771515499.7381642,2864.1994999925373,pawn_shop,3.697,3.251,0.3924,1.0472,480,320,0.684,1.492,0.425,1.067,0.784,1.951,0.001,0.222,1.061,,,6.415,100.0,5674,0,0,0,0,144,14,9,250,370,True
271,1771515499.7481666,2874.2115999921225,pawn_shop,3.697,3.273,0.3924,1.0472,480,320,0.707,1.498,0.453,1.045,0.82,1.994,0.0,0.253,1.061,,,6.557,100.0,5678,0,0,0,0,144,14,9,252,372,True
272,1771515499.759169,2885.184600003413,pawn_shop,3.697,3.296,0.3924,1.0472,480,320,0.668,1.534,0.427,1.107,0.808,1.992,0.001,0.271,1.067,,,6.571,100.0,5687,0,0,0,0,144,14,9,256,376,True
273,1771515499.7691712,2895.1966000022367,pawn_shop,3.697,3.319,0.3924,1.0472,480,320,0.683,1.531,0.435,1.096,0.803,1.961,0.001,0.227,1.056,,,6.489,100.0,5697,0,0,0,0,144,14,9,256,376,True
274,1771515499.7801738,2906.194199997117,pawn_shop,3.754,3.342,0.3924,1.0472,480,320,0.666,1.672,0.435,1.237,0.821,1.976,0.001,0.226,1.051,,,6.631,100.0,5724,0,0,0,0,144,14,9,258,378,True
275,1771515499.791176,2917.1927999996115,pawn_shop,3.812,3.366,0.3924,1.0472,480,320,0.624,1.671,0.435,1.236,0.804,1.984,0.001,0.244,1.054,,,6.599,100.0,5750,0,0,0,0,144,14,9,260,380,True
276,1771515499.8011785,2927.2658999980194,pawn_shop,3.87,3.39,0.3724,1.0472,480,320,0.65,1.723,0.424,1.299,0.806,2.007,0.001,0.287,1.063,,,6.698,100.0,5786,0,0,0,0,144,14,9,256,376,True
277,1771515499.8111808,2937.3342000035336,pawn_shop,3.928,3.412,0.3204,1.0472,480,320,0.526,1.679,0.406,1.273,0.784,1.902,0.001,0.236,1.048,,,6.38,100.0,5816,0,0,0,0,144,14,9,247,367,True
278,1771515499.8221831,2948.298799994518,pawn_shop,3.986,3.434,0.2804,1.0472,480,320,0.66,1.695,0.415,1.28,0.75,1.895,0.001,0.283,1.054,,,6.546,100.0,5851,0,0,0,0,144,14,9,238,358,True
279,1771515499.8321855,2958.2875999913085,pawn_shop,4.045,3.454,0.2564,1.0472,480,320,0.527,1.622,0.392,1.23,0.737,1.834,0.001,0.258,1.057,,,6.234,100.0,5884,0,0,0,0,144,14,9,232,352,True
280,1771515499.8421881,2968.3403999952134,pawn_shop,4.103,3.473,0.2284,1.0472,480,320,0.762,1.731,0.448,1.283,0.759,1.883,0.001,0.279,1.076,,,6.715,96.2,5917,0,0,0,0,144,14,9,226,346,True
281,1771515499.853191,2978.5518999997294,pawn_shop,4.162,3.491,0.1844,1.0472,480,320,0.562,1.567,0.396,1.171,0.671,1.769,0.001,0.232,1.074,,,6.077,96.2,5944,0,0,0,0,144,14,9,217,337,True
282,1771515499.8621922,2988.3313000027556,pawn_shop,4.22,3.507,0.1284,1.0472,480,320,0.669,1.514,0.386,1.128,0.641,1.687,0.001,0.232,1.05,,,5.99,96.2,5971,0,0,0,0,144,14,9,204,324,True
283,1771515499.8731954,2998.574199998984,pawn_shop,4.279,3.52,0.0604,1.0472,480,320,0.684,1.307,0.356,0.951,0.589,1.636,0.001,0.205,1.041,,,5.657,96.2,5982,0,0,0,0,144,14,9,188,308,True
284,1771515499.8821967,3008.3280999970157,pawn_shop,4.339,3.531,-0.0036,1.0472,480,320,0.659,1.267,0.352,0.915,0.558,1.623,0.001,0.244,1.058,,,5.606,96.2,5988,0,0,0,0,144,14,9,185,305,True
285,1771515499.8921995,3018.440100000589,pawn_shop,4.398,3.54,-0.0756,1.0472,480,320,0.841,1.348,0.415,0.932,0.512,1.619,0.001,0.332,1.095,,,5.977,96.2,5991,0,0,0,0,144,14,9,167,287,True
286,1771515499.903202,3028.6641999991843,pawn_shop,4.457,3.545,-0.1476,1.0472,480,320,0.943,1.293,0.376,0.916,0.524,1.549,0.001,0.35,1.095,,,6.017,96.2,5993,0,0,0,0,144,14,9,150,270,True
287,1771515499.9122038,3038.420999990194,pawn_shop,4.516,3.546,-0.2076,1.0472,480,320,0.82,1.179,0.365,0.815,0.413,1.453,0.001,0.338,1.083,,,5.509,96.2,5993,0,0,0,0,144,14,9,130,250,True
288,1771515499.9222062,3048.4438999992562,pawn_shop,4.575,3.545,-0.2516,1.0472,480,320,0.793,1.125,0.346,0.779,0.374,1.338,0.001,0.306,1.086,,,5.246,96.2,5993,0,0,0,0,144,14,9,113,233,True
289,1771515499.933209,3058.6126999987755,pawn_shop,4.634,3.541,-0.2756,1.0472,480,320,0.769,1.096,0.322,0.774,0.383,1.289,0.002,0.345,1.101,,,5.226,96.2,5993,0,0,0,0,144,14,9,101,221,True
290,1771515499.9422102,3068.422299998929,pawn_shop,4.692,3.535,-0.2916,1.0472,480,320,0.763,1.039,0.305,0.735,0.347,1.244,0.001,0.294,1.068,,,4.95,100.0,5993,0,0,0,0,144,14,9,94,214,True
291,1771515499.9522126,3078.264900002978,pawn_shop,4.751,3.527,-0.2956,1.0472,480,320,0.655,0.928,0.25,0.678,0.328,1.179,0.001,0.2,1.078,,,4.555,100.0,5993,0,0,0,0,144,14,9,88,208,True
292,1771515499.962215,3088.3553000021493,pawn_shop,4.809,3.517,-0.2996,1.0472,480,320,0.727,0.974,0.275,0.699,0.341,1.202,0.001,0.26,1.075,,,4.769,100.0,5993,0,0,0,0,144,14,9,84,204,True
293,1771515499.972217,3098.3540000015637,pawn_shop,4.861,3.499,-0.2996,1.0472,480,320,0.66,0.927,0.246,0.681,0.327,1.196,0.001,0.206,1.075,,,4.578,100.0,5993,0,0,0,0,144,14,9,82,202,True
294,1771515499.9822192,3108.223999995971,pawn_shop,4.91,3.475,-0.2996,1.0472,480,320,0.654,0.911,0.245,0.666,0.323,1.167,0.001,0.203,1.071,,,4.519,100.0,5993,0,0,0,0,144,14,9,79,199,True
295,1771515499.9922214,3118.342899993877,pawn_shop,4.954,3.445,-0.2996,1.0472,480,320,0.751,0.965,0.264,0.701,0.335,1.215,0.001,0.263,1.094,,,4.806,100.0,5993,0,0,0,0,144,14,9,76,196,True
296,1771515500.0022233,3128.2609999907436,pawn_shop,4.996,3.412,-0.2996,1.0472,480,320,0.669,0.895,0.23,0.665,0.327,1.153,0.001,0.194,1.077,,,4.502,100.0,5993,0,0,0,0,144,14,9,70,190,True
297,1771515500.0132265,3139.334699997562,pawn_shop,5.036,3.374,-0.2916,1.0472,480,320,0.685,0.916,0.242,0.674,0.327,1.197,0.001,0.289,1.091,,,4.693,100.0,5993,0,0,0,0,144,14,9,69,189,True
298,1771515500.0232286,3149.3226000020513,pawn_shop,5.074,3.333,-0.2876,1.0472,480,320,0.717,0.916,0.244,0.672,0.324,1.163,0.001,0.279,1.072,,,4.66,100.0,5993,0,0,0,0,144,14,9,66,186,True
299,1771515500.033231,3159.287200003746,pawn_shop,5.11,3.333,-0.2796,1.0472,480,320,0.656,0.858,0.225,0.633,0.319,1.164,0.001,0.249,1.07,,,4.498,100.0,5993,0,0,0,0,144,14,9,70,190,True
300,1771515500.043233,3169.400799990399,pawn_shop,5.145,3.333,-0.2636,1.0472,480,320,0.64,0.881,0.233,0.648,0.327,1.21,0.001,0.28,1.07,,,4.595,99.0,5993,0,0,0,0,144,14,9,79,199,True
301,1771515500.0532355,3179.3221999978414,pawn_shop,5.179,3.333,-0.2516,1.0472,480,320,0.68,0.956,0.254,0.702,0.341,1.314,0.001,0.255,1.088,,,4.82,99.0,5994,0,0,0,0,144,14,9,85,205,True
302,1771515500.0632377,3189.398999995319,pawn_shop,5.213,3.333,-0.2396,1.0472,480,320,0.77,1.023,0.293,0.73,0.362,1.407,0.001,0.3,1.089,,,5.101,99.0,5994,0,0,0,0,144,14,9,91,211,True
303,1771515500.07324,3199.455800000578,pawn_shop,5.246,3.333,-0.2196,1.0472,480,320,0.733,1.0,0.271,0.729,0.366,1.391,0.001,0.206,1.082,,,4.92,99.0,5994,0,0,0,0,144,14,9,99,219,True
304,1771515500.083242,3209.3459000025177,pawn_shop,5.279,3.333,-0.1996,1.0472,480,320,0.716,1.007,0.273,0.734,0.374,1.441,0.001,0.227,1.074,,,5.04,99.0,5994,0,0,0,0,144,14,9,108,228,True
305,1771515500.0932443,3219.3746999982977,pawn_shop,5.313,3.285,-0.1676,1.0472,480,320,0.743,1.034,0.286,0.747,0.389,1.475,0.001,0.269,1.067,,,5.17,99.0,5994,0,0,0,0,144,14,9,116,236,True
306,1771515500.1032467,3229.3817000027047,pawn_shop,5.347,3.237,-0.1356,1.0472,480,320,0.747,1.059,0.298,0.76,0.403,1.556,0.001,0.204,1.098,,,5.272,99.0,5994,0,0,0,0,144,14,9,125,245,True
307,1771515500.113249,3239.3808999913745,pawn_shop,5.382,3.189,-0.0916,1.0472,480,320,0.74,1.099,0.31,0.789,0.428,1.624,0.001,0.218,1.081,,,5.397,99.0,5994,0,0,0,0,144,14,9,136,256,True
308,1771515500.1242511,3250.39800000377,pawn_shop,5.418,3.141,-0.0516,1.0472,480,320,0.708,1.092,0.309,0.783,0.446,1.647,0.001,0.256,1.08,,,5.435,99.0,5994,0,0,0,0,144,14,9,144,264,True
309,1771515500.1342535,3260.379400002421,pawn_shop,5.456,3.094,-0.0196,1.0472,480,320,0.711,1.116,0.319,0.797,0.458,1.681,0.001,0.233,1.082,,,5.477,99.0,5994,0,0,0,0,144,14,8,149,269,True
310,1771515500.144256,3270.4025999992155,pawn_shop,5.494,3.048,-0.0076,1.0472,480,320,0.754,1.19,0.365,0.825,0.464,1.679,0.001,0.28,1.085,,,5.667,99.0,5994,0,0,0,0,144,14,8,148,268,True
311,1771515500.154258,3280.4179999948246,pawn_shop,5.537,3.01,0.0004,1.0472,480,320,0.685,1.123,0.32,0.802,0.466,1.64,0.001,0.228,1.077,,,5.429,99.0,5994,0,0,0,0,144,14,8,148,268,True
312,1771515500.1642604,3290.3918999945745,pawn_shop,5.582,2.979,0.0044,1.0472,480,320,0.669,1.101,0.314,0.786,0.453,1.569,0.001,0.239,1.08,,,5.321,99.0,5994,0,0,0,0,144,14,8,145,265,True
313,1771515500.1742625,3300.3159999934724,pawn_shop,5.63,2.954,0.0084,1.0472,480,320,0.691,1.102,0.312,0.79,0.457,1.549,0.0,0.212,1.091,,,5.311,99.0,5994,0,0,0,0,144,14,8,143,263,True
314,1771515500.1842647,3310.301499994239,pawn_shop,5.681,2.933,0.0124,1.0472,480,320,0.628,1.045,0.294,0.751,0.448,1.474,0.001,0.27,1.074,,,5.141,99.0,5994,0,0,0,0,144,14,8,141,261,True
315,1771515500.194267,3320.293299999321,pawn_shop,5.733,2.917,0.0124,1.0472,480,320,0.66,1.081,0.311,0.77,0.447,1.419,0.001,0.224,1.073,,,5.096,99.0,5994,0,0,0,0,144,14,8,138,258,True
316,1771515500.2042694,3330.2783999970416,pawn_shop,5.786,2.904,0.0124,1.0472,480,320,0.643,1.117,0.297,0.82,0.441,1.328,0.001,0.259,1.067,,,5.05,99.0,6004,0,0,0,0,144,14,8,136,256,True
317,1771515500.2142718,3340.2903999958653,pawn_shop,5.841,2.893,0.0124,1.0472,480,320,0.663,1.102,0.31,0.793,0.458,1.263,0.001,0.21,1.058,,,4.958,99.0,6007,0,0,0,0,144,14,8,135,255,True
318,1771515500.2272747,3352.7438000019174,pawn_shop,5.896,2.884,0.0124,1.0472,480,320,0.621,1.03,0.281,0.749,0.438,1.221,0.001,0.276,1.074,,,4.863,99.0,6009,0,0,0,0,144,14,8,130,250,True
319,1771515500.234276,3360.315799989621,pawn_shop,5.953,2.877,0.0124,1.0472,480,320,0.654,1.11,0.296,0.814,0.444,1.236,0.001,0.211,1.062,,,4.92,99.0,6018,0,0,0,0,144,14,8,129,249,True
320,1771515500.2442784,3370.2994999912335,pawn_shop,6.01,2.871,0.0124,1.0472,480,320,0.644,1.05,0.288,0.762,0.44,1.224,0.001,0.245,1.067,,,4.879,100.0,6021,0,0,0,0,144,14,8,127,247,True
321,1771515500.2542808,3380.426099989563,pawn_shop,6.064,2.859,0.0124,1.0472,480,320,0.675,1.14,0.304,0.836,0.445,1.228,0.001,0.218,1.06,,,4.97,100.0,6029,0,0,0,0,144,14,8,124,244,True
322,1771515500.264283,3390.322399995057,pawn_shop,6.117,2.842,0.0084,1.0472,480,320,0.637,1.011,0.281,0.73,0.444,1.194,0.001,0.26,1.065,,,4.801,100.0,6029,0,0,0,0,144,14,8,122,242,True
323,1771515500.274285,3400.3355000022566,pawn_shop,6.167,2.82,0.0084,1.0472,480,320,0.705,1.085,0.313,0.771,0.443,1.213,0.001,0.287,1.069,,,4.994,100.0,6029,0,0,0,0,144,14,8,121,241,True
324,1771515500.2842875,3410.34459999355,pawn_shop,6.218,2.793,0.0044,1.0472,480,320,0.64,1.006,0.281,0.726,0.426,1.177,0.001,0.198,1.065,,,4.711,100.0,6029,0,0,0,0,144,14,8,118,238,True
325,1771515500.2952898,3421.3715999940177,pawn_shop,6.267,2.763,-0.0036,1.0472,480,320,0.673,1.06,0.298,0.762,0.432,1.164,0.001,0.216,1.07,,,4.817,100.0,6031,0,0,0,0,144,14,8,111,231,True
326,1771515500.3062925,3432.361999992281,pawn_shop,6.316,2.73,-0.0116,1.0472,480,320,0.666,0.993,0.269,0.724,0.419,1.134,0.001,0.211,1.072,,,4.694,100.0,6032,0,0,0,0,144,14,8,105,225,True
327,1771515500.317295,3443.3373999927426,pawn_shop,6.365,2.695,-0.0156,1.0472,480,320,0.631,0.927,0.248,0.679,0.391,1.064,0.001,0.28,1.052,,,4.543,100.0,6032,0,0,0,0,144,14,7,98,218,True
328,1771515500.3282974,3454.358899994986,pawn_shop,6.413,2.657,-0.0236,1.0472,480,320,0.682,0.971,0.267,0.704,0.399,1.083,0.001,0.296,1.087,,,4.665,100.0,6032,0,0,0,0,144,14,6,92,212,True
329,1771515500.3393,3465.359099995112,pawn_shop,6.46,2.617,-0.0276,1.0472,480,320,0.665,0.946,0.246,0.7,0.381,1.011,0.001,0.223,1.067,,,4.432,100.0,6033,0,0,0,0,144,14,6,85,205,True
330,1771515500.3503025,3476.399199993466,pawn_shop,6.507,2.575,-0.0316,1.0472,480,320,0.765,0.977,0.263,0.714,0.389,1.021,0.001,0.281,1.074,,,4.652,93.5,6033,0,0,0,0,144,14,6,82,202,True
331,1771515500.3613048,3487.3824999958742,pawn_shop,6.554,2.533,-0.0356,1.0472,480,320,0.716,0.923,0.244,0.68,0.381,0.977,0.0,0.245,1.067,,,4.447,93.5,6033,0,0,0,0,144,14,6,76,196,True
332,1771515500.3723075,3498.320699989563,pawn_shop,6.6,2.489,-0.0356,1.0472,480,320,0.686,0.882,0.223,0.659,0.366,0.935,0.001,0.261,1.055,,,4.321,93.5,6033,0,0,0,0,144,14,6,72,192,True
333,1771515500.3833106,3509.3208000034792,pawn_shop,6.647,2.444,-0.0356,1.0472,480,320,0.694,0.883,0.225,0.658,0.358,0.908,0.001,0.198,1.056,,,4.234,93.5,6033,0,0,0,0,144,14,6,69,189,True
334,1771515500.3943124,3520.367699995404,pawn_shop,6.692,2.399,-0.0396,1.0472,480,320,0.716,0.885,0.223,0.662,0.358,0.889,0.001,0.281,1.072,,,4.347,93.5,6033,0,0,0,0,144,14,6,61,181,True
335,1771515500.405315,3531.3426999928197,pawn_shop,6.738,2.353,-0.0396,1.0472,480,320,0.75,0.878,0.219,0.659,0.344,0.846,0.001,0.208,1.073,,,4.237,93.5,6033,0,0,0,0,144,14,6,55,175,True
336,1771515500.4163172,3542.324900001404,pawn_shop,6.783,2.306,-0.0396,1.0472,480,320,0.685,0.813,0.199,0.614,0.316,0.806,0.001,0.234,1.064,,,4.05,93.5,6033,0,0,0,0,144,14,6,50,170,True
337,1771515500.4273198,3553.323599990108,pawn_shop,6.829,2.259,-0.0396,1.0472,480,320,0.683,0.812,0.198,0.614,0.307,0.781,0.001,0.27,1.058,,,4.043,93.5,6033,0,0,0,0,144,14,6,44,164,True
338,1771515500.438322,3564.3267999985255,pawn_shop,6.874,2.212,-0.0396,1.0472,480,320,0.674,0.784,0.186,0.599,0.291,0.743,0.001,0.243,1.065,,,3.93,93.5,6033,0,0,0,0,144,14,6,36,156,True
339,1771515500.4493246,3575.3350000013597,pawn_shop,6.919,2.164,-0.0396,1.0472,480,320,0.695,0.828,0.194,0.633,0.278,0.759,0.001,0.287,1.079,,,4.064,93.5,6034,0,0,0,0,144,14,6,29,149,True
340,1771515500.460327,3586.4191000000574,pawn_shop,6.964,2.117,-0.0396,1.0472,480,320,0.764,0.898,0.204,0.694,0.269,0.718,0.001,0.334,1.081,,,4.219,90.9,6035,0,0,0,0,144,14,6,21,141,True
341,1771515500.4703293,3596.405999996932,pawn_shop,7.008,2.07,-0.0396,1.0472,480,320,0.764,0.875,0.194,0.681,0.259,0.675,0.001,0.34,1.085,,,4.144,90.9,6041,0,0,0,0,144,14,6,13,133,True
342,1771515500.481332,3607.4540999979945,pawn_shop,7.053,2.023,-0.0396,1.0472,480,320,0.788,0.825,0.188,0.637,0.24,0.684,0.001,0.315,1.073,,,4.072,90.9,6043,0,0,0,0,144,14,6,6,126,True
343,1771515500.4923344,3618.4719000011683,pawn_shop,7.097,1.975,-0.0396,1.0472,480,320,0.764,0.83,0.179,0.651,0.005,0.611,0.001,0.33,1.109,,,3.795,90.9,6046,0,0,0,0,144,14,6,0,120,True
344,1771515500.5033383,3629.454699999769,pawn_shop,7.142,1.927,-0.0396,1.0472,480,320,0.767,0.801,0.175,0.627,0.005,0.588,0.001,0.309,1.074,,,3.678,90.9,6047,0,0,0,0,144,14,6,0,120,True
345,1771515500.5143394,3640.357700001914,pawn_shop,7.186,1.88,-0.0396,1.0472,480,320,0.651,0.736,0.144,0.592,0.004,0.566,0.001,0.194,1.058,,,3.332,90.9,6051,0,0,0,0,144,14,6,0,120,True
346,1771515500.5253425,3651.4752999937627,pawn_shop,7.231,1.832,-0.0396,1.0472,480,320,0.775,0.846,0.177,0.668,0.005,0.621,0.001,0.3,1.087,,,3.768,90.9,6055,0,0,0,0,144,14,6,0,120,True
347,1771515500.5363443,3662.3760999937076,pawn_shop,7.275,1.784,-0.0396,1.0472,480,320,0.736,0.745,0.153,0.592,0.004,0.594,0.001,0.216,1.071,,,3.49,90.9,6056,0,0,0,0,144,14,6,0,120,True
348,1771515500.5463467,3672.3653999943053,pawn_shop,7.319,1.736,-0.0396,1.0472,480,320,0.705,0.785,0.15,0.635,0.004,0.58,0.001,0.188,1.052,,,3.436,90.9,6062,0,0,0,0,144,14,6,0,120,True
349,1771515500.5573492,3683.3600999962073,pawn_shop,7.363,1.689,-0.0396,1.0472,480,320,0.723,0.789,0.152,0.637,0.004,0.607,0.001,0.247,1.058,,,3.55,90.9,6067,0,0,0,0,144,14,6,0,120,True
350,1771515500.5683515,3694.367299991427,pawn_shop,7.407,1.641,-0.0396,1.0472,480,320,0.725,0.751,0.143,0.609,0.004,0.598,0.001,0.293,1.069,,,3.565,92.6,6070,0,0,0,0,144,14,6,0,120,True
351,1771515500.579354,3705.361400003312,pawn_shop,7.452,1.593,-0.0396,1.0472,480,320,0.696,0.812,0.148,0.664,0.003,0.604,0.0,0.256,1.069,,,3.563,92.6,6079,0,0,0,0,144,14,6,0,120,True
352,1771515500.5903566,3716.3555000006454,pawn_shop,7.496,1.545,-0.0396,1.0472,480,320,0.71,0.812,0.147,0.665,0.004,0.603,0.001,0.278,1.062,,,3.592,92.6,6084,0,0,0,0,144,14,6,0,120,True
353,1771515500.6013591,3727.3678999918047,pawn_shop,7.541,1.497,-0.0396,1.0472,480,320,0.669,0.923,0.146,0.777,0.004,0.637,0.001,0.302,1.081,,,3.742,92.6,6096,0,0,0,0,144,14,6,0,120,True
354,1771515500.6123614,3738.648300000932,pawn_shop,7.585,1.449,-0.0316,1.0472,480,320,0.825,1.048,0.19,0.858,0.005,0.699,0.002,0.359,1.15,,,4.252,92.6,6109,0,0,0,0,144,14,6,0,120,True
355,1771515500.6233642,3749.655999999959,pawn_shop,7.63,1.401,-0.0116,1.0472,480,320,0.787,0.965,0.182,0.783,0.005,0.668,0.001,0.283,1.095,,,4.002,92.6,6119,0,0,0,0,144,14,6,0,120,True
356,1771515500.6343665,3760.499800002435,pawn_shop,7.676,1.353,0.0084,1.0472,480,320,0.67,0.888,0.151,0.737,0.004,0.618,0.001,0.233,1.075,,,3.674,92.6,6130,0,0,0,0,144,14,6,0,120,True
357,1771515500.645369,3771.4617000019643,pawn_shop,7.721,1.306,0.0284,1.0472,480,320,0.651,0.886,0.147,0.739,0.004,0.623,0.001,0.291,1.065,,,3.694,92.6,6142,0,0,0,0,144,14,6,0,120,True
358,1771515500.6563714,3782.5456999999005,pawn_shop,7.768,1.306,0.0524,1.0472,480,320,0.733,1.012,0.173,0.838,0.005,0.643,0.001,0.264,1.083,,,3.932,92.6,6157,0,0,0,0,144,14,6,0,120,True
359,1771515500.667374,3793.508999995538,pawn_shop,7.815,1.306,0.0924,1.0472,480,320,0.663,0.946,0.148,0.798,0.004,0.613,0.001,0.255,1.084,,,3.74,92.6,6173,0,0,0,0,144,14,6,0,120,True
360,1771515500.6783767,3804.5264999964274,pawn_shop,7.864,1.306,0.1364,1.0472,480,320,0.638,0.948,0.147,0.801,0.003,0.615,0.001,0.243,1.082,,,3.716,90.9,6189,0,0,0,0,144,14,6,0,120,True
361,1771515500.6893787,3815.527300001122,pawn_shop,7.913,1.306,0.1724,1.0472,480,320,0.658,1.007,0.153,0.854,0.004,0.616,0.001,0.275,1.106,,,3.849,90.9,6206,0,0,0,0,144,14,6,0,120,True
362,1771515500.7003815,3826.5302999934647,pawn_shop,7.964,1.306,0.2084,1.0472,480,320,0.659,0.994,0.147,0.847,0.004,0.601,0.001,0.286,1.072,,,3.792,90.9,6224,0,0,0,0,144,14,6,0,120,True
363,1771515500.7113838,3837.5258000014583,pawn_shop,8.016,1.306,0.2484,1.0472,480,320,0.669,0.925,0.151,0.774,0.004,0.59,0.001,0.252,1.075,,,3.689,90.9,6238,0,0,0,0,144,14,6,0,120,True
364,1771515500.7223864,3848.5355000011623,pawn_shop,8.069,1.306,0.2844,1.0472,480,320,0.658,0.983,0.151,0.832,0.004,0.588,0.001,0.307,1.083,,,3.8,90.9,6256,0,0,0,0,144,14,6,0,120,True
365,1771515500.7333891,3859.5348999951966,pawn_shop,8.123,1.306,0.3204,1.0472,480,320,0.675,0.99,0.157,0.833,0.004,0.584,0.001,0.215,1.069,,,3.715,90.9,6272,0,0,0,0,144,14,6,0,120,True
366,1771515500.7443914,3870.5128000001423,pawn_shop,8.178,1.306,0.3564,1.0472,480,320,0.652,1.063,0.148,0.916,0.004,0.605,0.001,0.292,1.074,,,3.866,90.9,6296,0,0,0,0,144,14,7,0,120,True
367,1771515500.7553942,3881.5992000018014,pawn_shop,8.235,1.306,0.3924,1.0472,480,320,0.657,1.119,0.148,0.971,0.004,0.604,0.001,0.276,1.082,,,3.922,90.9,6323,0,0,0,0,144,14,7,0,120,True
368,1771515500.7663965,3892.542899993714,pawn_shop,8.292,1.306,0.4364,1.0472,480,320,0.661,1.125,0.154,0.971,0.004,0.622,0.001,0.227,1.082,,,3.899,90.9,6347,0,0,0,0,144,14,7,0,120,True
369,1771515500.7773988,3903.5636999906274,pawn_shop,8.351,1.306,0.4804,1.0472,480,320,0.742,1.193,0.167,1.027,0.005,0.634,0.001,0.255,1.092,,,4.101,90.9,6369,0,0,0,0,144,14,7,0,120,True
370,1771515500.787401,3913.6115000001155,pawn_shop,8.409,1.306,0.5244,1.0472,480,320,0.656,1.05,0.148,0.903,0.004,0.653,0.001,0.228,1.084,,,3.853,91.7,6389,0,0,0,0,144,14,7,0,120,True
371,1771515500.7984035,3924.5733999996446,pawn_shop,8.469,1.306,0.5724,1.0472,480,320,0.688,1.135,0.163,0.972,0.004,0.666,0.001,0.203,1.075,,,3.947,91.7,6413,0,0,0,0,144,14,7,0,120,True
372,1771515500.809406,3935.5527000006987,pawn_shop,8.53,1.306,0.6204,1.0472,480,320,0.661,1.141,0.155,0.986,0.004,0.545,0.001,0.235,1.093,,,3.853,91.7,6437,0,0,0,0,144,14,6,0,120,True
373,1771515500.8204086,3946.61859999178,pawn_shop,8.591,1.306,0.6684,1.0472,480,320,0.666,1.211,0.15,1.062,0.004,0.546,0.001,0.254,1.079,,,3.935,91.7,6466,0,0,0,0,144,14,6,0,120,True
374,1771515500.831411,3957.5633999920683,pawn_shop,8.654,1.306,0.7204,1.0472,480,320,0.674,1.181,0.157,1.023,0.004,0.544,0.001,0.248,1.087,,,3.918,91.7,6492,0,0,0,0,144,14,6,0,120,True
375,1771515500.8424134,3968.5541999933776,pawn_shop,8.717,1.306,0.7844,1.0472,480,320,0.643,1.169,0.146,1.023,0.004,0.55,0.001,0.291,1.088,,,3.919,91.7,6518,0,0,0,0,144,14,6,0,120,True
376,1771515500.8534172,3979.6988000016427,pawn_shop,8.781,1.306,0.8804,1.0472,480,320,0.745,1.267,0.175,1.092,0.004,0.544,0.001,0.287,1.117,,,4.155,91.7,6545,0,0,0,0,144,14,8,0,120,True
377,1771515500.8644185,3990.5973999993876,pawn_shop,8.845,1.301,0.9444,1.0472,480,320,0.845,1.176,0.163,1.013,0.004,0.534,0.001,0.28,1.101,,,4.118,91.7,6569,0,0,0,0,144,14,8,0,120,True
378,1771515500.8754208,4001.5204999945126,pawn_shop,8.909,1.301,0.9644,1.0472,480,320,0.74,0.979,0.149,0.831,0.004,0.535,0.001,0.264,1.093,,,3.792,91.7,6585,0,0,0,0,144,14,8,0,120,True
379,1771515500.8864238,4012.5305999972625,pawn_shop,8.973,1.302,0.9644,1.0472,480,320,0.727,0.927,0.153,0.774,0.004,0.529,0.001,0.264,1.078,,,3.714,91.7,6598,0,0,0,0,144,14,8,0,120,True
380,1771515500.897426,4023.4595999936573,pawn_shop,9.038,1.305,0.9684,1.0472,480,320,0.721,1.012,0.16,0.853,0.258,0.563,0.001,0.255,1.083,,,4.088,90.9,6615,0,0,0,0,144,14,8,3,123,True
381,1771515500.9084282,4034.455100001651,pawn_shop,9.102,1.31,0.9684,1.0472,480,320,0.684,0.956,0.168,0.788,0.261,0.659,0.001,0.27,1.072,,,4.098,90.9,6627,0,0,0,0,144,14,8,6,126,True
382,1771515500.919431,4045.5347999959486,pawn_shop,9.167,1.316,0.9684,1.0472,480,320,0.664,1.043,0.165,0.878,0.275,0.658,0.0,0.209,1.068,,,4.1,90.9,6644,0,0,0,0,144,14,8,8,128,True
383,1771515500.9304335,4056.443900000886,pawn_shop,9.232,1.323,0.9684,1.0472,480,320,0.666,0.93,0.164,0.766,0.292,0.691,0.001,0.214,1.065,,,4.055,90.9,6654,0,0,0,0,144,14,8,12,132,True
384,1771515500.9414358,4067.4335999938194,pawn_shop,9.296,1.332,0.9684,1.0472,480,320,0.65,0.975,0.164,0.811,0.302,0.763,0.001,0.245,1.064,,,4.191,90.9,6668,0,0,0,0,144,14,8,16,136,True
385,1771515500.9524384,4078.5375999985263,pawn_shop,9.361,1.341,0.9684,1.0472,480,320,0.656,0.941,0.174,0.767,0.317,0.804,0.001,0.228,1.071,,,4.211,90.9,6679,0,0,0,0,144,14,8,20,140,True
386,1771515500.9624407,4088.444499997422,pawn_shop,9.425,1.35,0.9684,1.0472,480,320,0.68,1.088,0.183,0.905,0.358,0.851,0.001,0.272,1.067,,,4.51,90.9,6696,0,0,0,0,144,14,8,28,148,True
387,1771515500.9724433,4098.444599992945,pawn_shop,9.487,1.36,0.9684,1.0472,480,320,0.641,1.105,0.192,0.913,0.376,0.943,0.001,0.25,1.072,,,4.589,90.9,6714,0,0,0,0,144,14,7,39,159,True
388,1771515500.9834456,4109.540399993421,pawn_shop,9.55,1.37,0.9684,1.0472,480,320,0.651,1.083,0.202,0.881,0.398,0.988,0.001,0.273,1.065,,,4.646,90.9,6729,0,0,0,0,144,14,7,48,168,True
389,1771515500.994448,4120.451599999797,pawn_shop,9.614,1.381,0.9684,1.0472,480,320,0.654,1.086,0.217,0.868,0.454,1.102,0.001,0.21,1.069,,,4.76,90.9,6743,0,0,0,0,144,14,7,59,179,True
390,1771515501.0054507,4131.484700003057,pawn_shop,9.678,1.391,0.9684,1.0472,480,320,0.709,1.128,0.239,0.889,0.508,1.134,0.001,0.282,1.082,,,5.033,92.6,6757,0,0,0,0,144,14,7,66,186,True
391,1771515501.0164526,4142.624300002353,pawn_shop,9.742,1.402,0.9684,1.0472,480,320,0.77,1.135,0.29,0.845,0.532,1.233,0.001,0.328,1.085,,,5.323,92.6,6766,0,0,0,0,144,14,7,78,198,True
392,1771515501.027455,4153.5676999919815,pawn_shop,9.806,1.414,0.9684,1.0472,480,320,0.767,1.216,0.313,0.903,0.575,1.405,0.001,0.402,1.113,,,5.74,92.6,6776,0,0,0,0,144,14,7,96,216,True
393,1771515501.0384576,4164.544400002342,pawn_shop,9.87,1.425,0.9684,1.0472,480,320,0.777,1.228,0.328,0.9,0.633,1.454,0.001,0.382,1.113,,,5.831,92.6,6783,0,0,0,0,144,14,7,106,226,True
394,1771515501.0494604,4175.685299996985,pawn_shop,9.935,1.437,0.9684,1.0472,480,320,0.821,1.24,0.349,0.891,0.701,1.585,0.001,0.305,1.111,,,6.018,92.6,6791,0,0,0,0,144,14,7,119,239,True
395,1771515501.0594623,4185.673899992253,pawn_shop,9.998,1.448,0.9724,1.0472,480,320,0.804,1.266,0.36,0.906,0.731,1.612,0.001,0.3,1.091,,,6.043,92.6,6801,0,0,0,0,145,14,7,125,245,True
396,1771515501.0694647,4195.560399995884,pawn_shop,10.06,1.459,0.9724,1.0472,480,320,0.691,1.116,0.29,0.825,0.681,1.554,0.001,0.211,1.067,,,5.529,92.6,6805,0,0,0,0,145,14,7,123,243,True
397,1771515501.0804675,4206.574800002272,pawn_shop,10.123,1.471,0.9724,1.0472,480,320,0.702,1.082,0.278,0.803,0.666,1.567,0.001,0.217,1.07,,,5.507,92.6,6810,0,0,0,0,145,14,7,119,239,True
398,1771515501.0914698,4217.599800002063,pawn_shop,10.187,1.483,0.9764,1.0472,480,320,0.722,1.13,0.282,0.848,0.666,1.595,0.001,0.288,1.075,,,5.683,92.6,6820,0,0,0,0,145,14,7,119,239,True
399,1771515501.1024723,4228.557499998715,pawn_shop,10.25,1.495,0.9924,1.0472,480,320,0.759,1.091,0.284,0.807,0.666,1.647,0.001,0.232,1.075,,,5.673,92.6,6824,0,0,0,0,145,14,7,121,241,True
400,1771515501.1134748,4239.638200000627,pawn_shop,10.314,1.507,1.0164,1.0472,480,320,0.741,1.087,0.284,0.804,0.676,1.65,0.001,0.276,1.07,,,5.691,92.6,6829,0,0,0,0,145,14,7,121,241,True
401,1771515501.1244771,4250.5603000026895,pawn_shop,10.378,1.521,1.0364,1.0472,480,320,0.711,1.113,0.291,0.822,0.684,1.712,0.001,0.267,1.068,,,5.76,92.6,6834,0,0,0,0,145,14,7,123,243,True
402,1771515501.13548,4261.582599996473,pawn_shop,10.441,1.535,1.0604,1.0472,480,320,0.704,1.117,0.291,0.827,0.694,1.666,0.001,0.258,1.073,,,5.717,92.6,6840,0,0,0,0,145,14,7,128,248,True
403,1771515501.1464822,4272.631500003627,pawn_shop,10.505,1.55,1.0804,1.0472,480,320,0.672,1.098,0.283,0.815,0.694,1.615,0.001,0.261,1.058,,,5.589,92.6,6847,0,0,0,0,145,14,7,127,247,True
404,1771515501.1574845,4283.613899999182,pawn_shop,10.568,1.567,1.1164,1.0472,480,320,0.712,1.144,0.313,0.831,0.712,1.676,0.001,0.298,1.092,,,5.86,92.6,6852,0,0,0,0,145,14,7,132,252,True
405,1771515501.168487,4294.640699998126,pawn_shop,10.631,1.585,1.1524,1.0472,480,320,0.76,1.14,0.306,0.835,0.719,1.654,0.001,0.217,1.064,,,5.764,92.6,6856,0,0,0,0,145,14,8,136,256,True
406,1771515501.18049,4305.919999998878,pawn_shop,10.694,1.604,1.1964,1.0472,480,320,0.741,1.119,0.307,0.811,0.75,1.734,0.001,0.213,1.075,,,5.826,92.6,6859,0,0,0,0,145,14,9,138,258,True
407,1771515501.190492,4316.625499996007,pawn_shop,10.756,1.626,1.2404,1.0472,480,320,0.669,1.107,0.299,0.807,0.761,1.658,0.001,0.274,1.073,,,5.738,92.6,6861,0,0,0,0,145,14,9,141,261,True
408,1771515501.2024953,4327.8676999907475,pawn_shop,10.817,1.649,1.2924,1.0472,480,320,0.681,1.099,0.318,0.782,0.785,1.616,0.001,0.252,1.072,,,5.708,92.6,6861,0,0,0,0,145,14,9,146,266,True
409,1771515501.2124975,4338.752600000589,pawn_shop,10.877,1.675,1.3484,1.0472,480,320,0.699,1.144,0.336,0.808,0.822,1.694,0.001,0.227,1.082,,,5.873,92.6,6861,0,0,0,0,145,14,9,156,276,True
410,1771515501.228501,4354.721099996823,pawn_shop,10.936,1.703,1.4244,1.0472,480,320,0.681,1.159,0.347,0.812,0.844,1.668,0.001,0.259,1.073,,,5.892,90.9,6861,0,0,0,0,145,14,10,161,281,True
411,1771515501.2365031,4362.369399997988,pawn_shop,10.993,1.736,1.5164,1.0472,480,320,0.689,1.145,0.331,0.814,0.822,1.668,0.001,0.198,1.069,,,5.788,90.9,6861,0,0,0,0,145,14,11,161,281,True
412,1771515501.2475052,4372.925999996369,pawn_shop,11.049,1.771,1.6004,1.0472,480,320,0.674,1.172,0.354,0.817,0.819,1.703,0.001,0.219,1.095,,,5.888,90.9,6861,0,0,0,0,145,14,11,164,284,True
413,1771515501.2565072,4382.662399992114,pawn_shop,11.1,1.809,1.6724,1.0472,480,320,0.695,1.17,0.346,0.824,0.831,1.801,0.001,0.203,1.091,,,5.991,90.9,6861,0,0,0,0,145,14,13,170,290,True
414,1771515501.2675095,4393.654699990293,pawn_shop,11.149,1.85,1.7604,1.0472,480,320,0.657,1.161,0.344,0.817,0.817,1.772,0.001,0.26,1.068,,,5.932,90.9,6861,0,0,0,0,145,14,14,177,297,True
415,1771515501.2785122,4404.740199999651,pawn_shop,11.194,1.894,1.8444,1.0472,480,320,0.679,1.159,0.346,0.814,0.828,1.786,0.001,0.229,1.062,,,5.945,90.9,6861,0,0,0,0,145,14,14,177,297,True
416,1771515501.2895145,4415.7261999935145,pawn_shop,11.236,1.942,1.9244,1.0472,480,320,0.757,1.304,0.407,0.897,0.832,1.857,0.001,0.292,1.09,,,6.339,90.9,6862,0,0,0,0,145,14,13,187,307,True
417,1771515501.300517,4426.679700001841,pawn_shop,11.275,1.992,2.0044,1.0472,480,320,0.662,1.191,0.344,0.846,0.831,1.736,0.001,0.233,1.079,,,5.932,90.9,6862,0,0,0,0,145,14,13,185,305,True
418,1771515501.312543,4437.873699993361,pawn_shop,11.309,2.045,2.0884,1.0472,480,320,0.665,1.218,0.359,0.859,0.771,1.712,0.001,0.229,1.062,,,5.854,90.9,6862,0,0,0,0,145,14,13,187,307,True
419,1771515501.322525,4448.740399995586,pawn_shop,11.339,2.1,2.1524,1.0472,480,320,0.71,1.293,0.369,0.924,0.778,1.754,0.001,0.228,1.083,,,6.054,90.9,6865,0,0,0,0,145,14,13,191,311,True
420,1771515501.3325274,4458.6867000034545,pawn_shop,11.364,2.156,2.2084,1.0472,480,320,0.684,1.258,0.358,0.9,0.767,1.71,0.001,0.278,1.093,,,5.991,91.7,6870,0,0,0,0,145,14,13,191,311,True
421,1771515501.34353,4469.770199997583,pawn_shop,11.386,2.214,2.2684,1.0472,480,320,0.729,1.299,0.374,0.925,0.756,1.665,0.001,0.239,1.089,,,5.979,91.7,6874,0,0,0,0,145,14,13,187,307,True
422,1771515501.3555326,4480.9009000018705,pawn_shop,11.404,2.274,2.3324,1.0472,480,320,0.647,1.27,0.353,0.916,0.74,1.649,0.001,0.293,1.107,,,5.938,91.7,6881,0,0,0,0,145,14,13,185,305,True
423,1771515501.3645346,4490.708299999824,pawn_shop,11.418,2.333,2.3764,1.0472,480,320,0.772,1.372,0.395,0.977,0.745,1.574,0.001,0.282,1.106,,,6.055,91.7,6888,0,0,0,0,145,14,13,190,310,True
424,1771515501.3755372,4501.151599994046,pawn_shop,11.429,2.393,2.4204,1.0472,480,320,0.712,1.353,0.384,0.969,0.736,1.588,0.001,0.267,1.096,,,5.951,91.7,6897,0,0,0,0,145,14,13,193,313,True
425,1771515501.3855393,4511.651900000288,pawn_shop,11.436,2.454,2.4524,1.0472,480,320,0.692,1.3,0.369,0.931,0.731,1.633,0.001,0.28,1.093,,,5.928,91.7,6899,0,0,0,0,145,14,13,204,324,True
426,1771515501.3965416,4522.693899998558,pawn_shop,11.44,2.516,2.4884,1.0472,480,320,0.705,1.386,0.399,0.987,0.739,1.676,0.001,0.244,1.081,,,6.034,91.7,6904,0,0,0,0,145,14,13,213,333,True
427,1771515501.4085445,4534.103099998902,pawn_shop,11.433,2.573,2.5244,1.0472,480,320,0.751,1.432,0.413,1.019,0.755,1.749,0.001,0.243,1.087,,,6.224,91.7,6908,0,0,0,0,145,14,13,220,340,True
428,1771515501.4185498,4544.720799996867,pawn_shop,11.417,2.626,2.5564,1.0472,480,320,0.766,1.517,0.445,1.072,0.749,1.818,0.001,0.285,1.12,,,6.468,91.7,6912,0,0,0,0,145,14,13,231,351,True
429,1771515501.4295516,4555.677999989712,pawn_shop,11.394,2.676,2.5844,1.0472,480,320,0.712,1.45,0.418,1.032,0.742,1.83,0.001,0.226,1.077,,,6.242,91.7,6915,0,0,0,0,145,14,13,242,362,True
430,1771515501.4395537,4565.6875999993645,pawn_shop,11.364,2.722,2.6164,1.0472,480,320,0.688,1.58,0.433,1.147,0.756,1.972,0.001,0.248,1.085,,,6.54,93.5,6924,0,0,0,0,145,14,13,259,379,True
431,1771515501.4505565,4576.696199990693,pawn_shop,11.329,2.765,2.6484,1.0472,480,320,0.684,1.511,0.439,1.073,0.738,1.982,0.001,0.242,1.096,,,6.467,93.5,6927,0,0,0,0,145,14,13,263,383,True
432,1771515501.4615588,4587.7406999934465,pawn_shop,11.29,2.805,2.6884,1.0472,480,320,0.7,1.54,0.451,1.089,0.733,2.005,0.001,0.253,1.09,,,6.529,93.5,6930,0,0,0,0,145,14,13,265,385,True
433,1771515501.4725616,4598.733399994671,pawn_shop,11.246,2.843,2.7364,1.0472,480,320,0.667,1.528,0.45,1.078,0.723,1.953,0.001,0.222,1.083,,,6.379,93.5,6933,0,0,0,0,145,14,12,262,382,True
434,1771515501.4835644,4609.727999995812,pawn_shop,11.199,2.878,2.7884,1.0472,480,320,0.652,1.478,0.43,1.048,0.709,1.907,0.001,0.264,1.072,,,6.286,93.5,6935,0,0,0,0,145,14,12,252,372,True
435,1771515501.4935663,4619.720399990911,pawn_shop,11.15,2.909,2.8364,1.0472,480,320,0.664,1.545,0.427,1.118,0.67,1.874,0.001,0.26,1.098,,,6.317,93.5,6942,0,0,0,0,145,14,12,243,363,True
436,1771515501.5035686,4629.765199992107,pawn_shop,11.099,2.937,2.8844,1.0472,480,320,0.671,1.529,0.425,1.103,0.669,1.864,0.001,0.292,1.114,,,6.36,93.5,6946,0,0,0,0,145,14,12,234,354,True
437,1771515501.514571,4640.754499996547,pawn_shop,11.045,2.962,2.9324,1.0472,480,320,0.689,1.501,0.414,1.087,0.623,1.832,0.001,0.261,1.092,,,6.202,93.5,6951,0,0,0,0,145,14,12,226,346,True
438,1771515501.524573,4650.732099995366,pawn_shop,10.99,2.985,2.9764,1.0472,480,320,0.675,1.449,0.391,1.058,0.603,1.734,0.001,0.257,1.083,,,6.005,93.5,6957,0,0,0,0,145,14,11,217,337,True
439,1771515501.5345757,4660.730299990973,pawn_shop,10.935,3.004,3.0164,1.0472,480,320,0.676,1.391,0.388,1.003,0.568,1.676,0.001,0.274,1.089,,,5.875,93.5,6962,0,0,0,0,145,14,11,206,326,True
440,1771515501.545578,4671.748199994909,pawn_shop,10.877,3.021,3.0564,1.0472,480,320,0.72,1.496,0.409,1.088,0.563,1.672,0.001,0.258,1.09,,,6.006,94.3,6972,0,0,0,0,145,14,11,199,319,True
441,1771515501.5555801,4681.728199997451,pawn_shop,10.819,3.035,3.0964,1.0472,480,320,0.709,1.456,0.359,1.097,0.529,1.589,0.001,0.258,1.092,,,5.834,94.3,6985,0,0,0,0,145,14,11,186,306,True
442,1771515501.5665827,4692.738600002485,pawn_shop,10.76,3.047,3.1364,1.0472,480,320,0.694,1.375,0.341,1.034,0.549,1.494,0.001,0.228,1.076,,,5.615,94.3,6997,0,0,0,0,145,14,11,168,288,True
443,1771515501.577585,4703.7924000032945,pawn_shop,10.699,3.056,3.1844,1.0472,480,320,0.758,1.438,0.354,1.084,0.48,1.433,0.001,0.36,1.134,,,5.826,94.3,7010,0,0,0,0,145,14,10,148,268,True
444,1771515501.5895877,4715.106499992544,pawn_shop,10.637,3.062,3.2404,1.0472,480,320,0.821,1.386,0.349,1.037,0.465,1.308,0.001,0.322,1.129,,,5.656,94.3,7021,0,0,0,0,145,14,10,126,246,True
445,1771515501.5985897,4724.788199993782,pawn_shop,10.576,3.065,3.2804,1.0472,480,320,0.755,1.329,0.325,1.003,0.415,1.261,0.001,0.327,1.152,,,5.472,94.3,7031,0,0,0,0,145,14,10,117,237,True
446,1771515501.6105926,4735.994000002393,pawn_shop,10.514,3.066,3.3324,1.0472,480,320,0.809,1.397,0.339,1.058,0.406,1.186,0.002,0.38,1.131,,,5.545,94.3,7044,0,0,0,0,145,14,10,98,218,True
447,1771515501.6195946,4745.818199997302,pawn_shop,10.453,3.063,3.3644,1.0472,480,320,0.757,1.398,0.317,1.081,0.398,1.114,0.001,0.322,1.15,,,5.396,94.3,7061,0,0,0,0,145,14,9,88,208,True
448,1771515501.630597,4756.86969999515,pawn_shop,10.391,3.058,3.4044,1.0472,480,320,0.764,1.328,0.286,1.042,0.341,1.001,0.001,0.299,1.123,,,5.065,94.3,7078,0,0,0,0,145,14,9,73,193,True
449,1771515501.6405993,4766.74059999641,pawn_shop,10.33,3.051,3.4284,1.0472,480,320,0.654,1.237,0.214,1.023,0.318,0.908,0.001,0.219,1.08,,,4.605,94.3,7099,0,0,0,0,145,14,9,61,181,True
450,1771515501.651602,4777.734100003727,pawn_shop,10.33,3.041,3.4404,1.0472,480,320,0.654,0.925,0.208,0.717,0.299,0.888,0.001,0.315,1.109,,,4.402,94.3,7104,0,0,0,0,145,14,9,54,174,True
451,1771515501.6626043,4788.705099999788,pawn_shop,10.33,3.029,3.4444,1.0472,480,320,0.734,0.949,0.236,0.712,0.331,0.884,0.001,0.238,1.086,,,4.422,94.3,7107,0,0,0,0,145,14,9,51,171,True
452,1771515501.673607,4799.709300001268,pawn_shop,10.33,3.016,3.4484,1.0472,480,320,0.7,0.886,0.222,0.665,0.297,0.869,0.001,0.245,1.091,,,4.293,94.3,7108,0,0,0,0,145,14,9,47,167,True
453,1771515501.683609,4809.674000003724,pawn_shop,10.33,3.002,3.4524,1.0472,480,320,0.65,0.8,0.201,0.599,0.288,0.843,0.001,0.226,1.061,,,4.063,94.3,7108,0,0,0,0,145,14,9,44,164,True
454,1771515501.694612,4820.663299993612,pawn_shop,10.33,2.987,3.4524,1.0472,480,320,0.689,0.873,0.218,0.655,0.283,0.838,0.001,0.265,1.093,,,4.238,94.3,7109,0,0,0,0,145,14,9,42,162,True
455,1771515501.704614,4830.622499997844,pawn_shop,10.33,2.971,3.4524,1.0472,480,320,0.655,0.861,0.197,0.664,0.276,0.811,0.001,0.226,1.079,,,4.089,94.3,7112,0,0,0,0,145,14,9,41,161,True
456,1771515501.7156162,4841.664799998398,pawn_shop,10.33,2.954,3.4564,1.0472,480,320,0.648,0.813,0.184,0.629,0.26,0.764,0.001,0.266,1.081,,,4.026,94.3,7114,0,0,0,0,145,14,9,34,154,True
457,1771515501.7266192,4852.6549999951385,pawn_shop,10.33,2.936,3.4564,1.0472,480,320,0.697,0.773,0.181,0.592,0.237,0.645,0.001,0.222,1.078,,,3.847,94.3,7114,0,0,0,0,145,14,9,14,134,True
458,1771515501.7376213,4863.6258999904385,pawn_shop,10.33,2.918,3.4564,1.0472,480,320,0.638,0.726,0.145,0.581,0.003,0.535,0.001,0.254,1.077,,,3.421,94.3,7117,0,0,0,0,145,14,9,0,120,True
459,1771515501.7476234,4873.63099999493,pawn_shop,10.33,2.9,3.4564,1.0472,480,320,0.672,0.792,0.15,0.641,0.004,0.538,0.001,0.213,1.082,,,3.487,94.3,7123,0,0,0,0,145,14,9,0,120,True
460,1771515501.7576256,4883.614599995781,pawn_shop,10.33,2.882,3.4564,1.0472,480,320,0.633,0.714,0.143,0.57,0.003,0.528,0.001,0.25,1.077,,,3.388,94.3,7126,0,0,0,0,145,14,9,0,120,True
461,1771515501.767628,4893.627600002219,pawn_shop,10.33,2.864,3.4564,1.0472,480,320,0.647,0.713,0.15,0.563,0.003,0.533,0.001,0.249,1.081,,,3.412,94.3,7128,0,0,0,0,145,14,9,0,120,True
462,1771515501.77763,4903.644199992414,pawn_shop,10.33,2.845,3.4564,1.0472,480,320,0.646,0.772,0.148,0.624,0.003,0.538,0.001,0.238,1.094,,,3.467,94.3,7133,0,0,0,0,145,14,9,0,120,True
463,1771515501.7876325,4913.634500000626,pawn_shop,10.33,2.827,3.4564,1.0472,480,320,0.671,0.737,0.151,0.586,0.004,0.536,0.001,0.199,1.074,,,3.394,94.3,7136,0,0,0,0,145,14,9,0,120,True
464,1771515501.797635,4923.654500002158,pawn_shop,10.33,2.809,3.4564,1.0472,480,320,0.664,0.707,0.153,0.554,0.004,0.536,0.001,0.244,1.108,,,3.453,94.3,7137,0,0,0,0,145,14,9,0,120,True
465,1771515501.807637,4933.64709999878,pawn_shop,10.33,2.79,3.4564,1.0472,480,320,0.667,0.791,0.155,0.635,0.003,0.543,0.001,0.197,1.076,,,3.463,94.3,7142,0,0,0,0,145,14,9,0,120,True
466,1771515501.817721,4943.835600002785,pawn_shop,10.33,2.78,3.4564,1.0472,480,320,0.666,0.727,0.153,0.574,0.004,0.534,0.001,0.257,1.076,,,3.45,94.3,7144,0,0,0,0,145,14,9,0,120,True
467,1771515501.828723,4954.723000002559,pawn_shop,10.33,2.777,3.4564,1.0472,480,320,0.649,0.686,0.145,0.541,0.003,0.533,0.0,0.262,1.092,,,3.41,94.3,7145,0,0,0,0,145,14,9,0,120,True
468,1771515501.838725,4964.714799993089,pawn_shop,10.33,2.78,3.4564,1.0472,480,320,0.633,0.659,0.144,0.515,0.003,0.531,0.001,0.228,1.061,,,3.297,94.3,7145,0,0,0,0,145,14,9,0,120,True
469,1771515501.8487272,4974.735499999952,pawn_shop,10.33,2.787,3.4564,1.0472,480,320,0.699,0.668,0.148,0.52,0.003,0.544,0.001,0.203,1.069,,,3.373,94.3,7145,0,0,0,0,145,14,9,0,120,True
470,1771515501.8587306,4984.83679999481,pawn_shop,10.33,2.798,3.4564,1.0472,480,320,0.826,0.742,0.176,0.566,0.005,0.563,0.001,0.29,1.109,,,3.729,99.0,7145,0,0,0,0,145,14,9,0,120,True
471,1771515501.8697326,4995.773999995436,pawn_shop,10.33,2.812,3.4564,1.0472,480,320,0.783,0.723,0.162,0.561,0.005,0.557,0.001,0.349,1.118,,,3.736,99.0,7145,0,0,0,0,145,14,9,0,120,True
472,1771515501.8807347,5007.017800002359,pawn_shop,10.33,2.829,3.4564,1.0472,480,320,0.968,0.851,0.28,0.571,0.005,0.566,0.001,0.303,1.118,,,4.062,99.0,7145,0,0,0,0,145,14,9,0,120,True
473,1771515501.8917367,5017.8820000001,pawn_shop,10.33,2.849,3.4564,1.0472,480,320,0.811,0.77,0.182,0.588,0.005,0.571,0.001,0.363,1.125,,,3.854,99.0,7145,0,0,0,0,145,14,9,0,120,True
474,1771515501.9017394,5027.885299990885,pawn_shop,10.33,2.87,3.4564,1.0472,480,320,0.783,0.751,0.183,0.568,0.005,0.562,0.001,0.308,1.121,,,3.733,99.0,7145,0,0,0,0,145,14,9,0,120,True
475,1771515501.9117417,5037.891999993008,pawn_shop,10.33,2.892,3.4564,1.0472,480,320,0.791,0.767,0.181,0.586,0.005,0.571,0.001,0.314,1.125,,,3.784,99.0,7145,0,0,0,0,145,14,9,0,120,True
476,1771515501.9217439,5047.899600001983,pawn_shop,10.33,2.915,3.4564,1.0472,480,320,0.822,0.846,0.186,0.66,0.006,0.588,0.001,0.401,1.148,,,4.041,99.0,7148,0,0,0,0,145,14,9,0,120,True
477,1771515501.9317462,5057.898699989892,pawn_shop,10.33,2.939,3.4564,1.0472,480,320,0.812,0.849,0.204,0.645,0.253,0.653,0.001,0.325,1.124,,,4.24,99.0,7149,0,0,0,0,145,14,9,14,134,True
478,1771515501.9427488,5068.924699997297,pawn_shop,10.33,2.964,3.4564,1.0472,480,320,0.796,0.952,0.239,0.713,0.299,0.824,0.001,0.343,1.123,,,4.564,99.0,7151,0,0,0,0,145,14,9,38,158,True
479,1771515501.9537513,5079.957099995227,pawn_shop,10.33,2.99,3.4564,1.0472,480,320,0.862,1.013,0.288,0.725,0.324,0.885,0.002,0.41,1.177,,,4.924,99.0,7152,0,0,0,0,145,14,9,41,161,True
480,1771515501.9637532,5089.934999996331,pawn_shop,10.33,3.016,3.4564,1.0472,480,320,0.83,0.958,0.253,0.704,0.311,0.888,0.002,0.359,1.153,,,4.673,95.2,7153,0,0,0,0,145,14,9,43,163,True
481,1771515501.9737554,5099.877400003606,pawn_shop,10.33,3.042,3.4564,1.0472,480,320,0.841,1.032,0.255,0.778,0.329,0.885,0.001,0.366,1.129,,,4.766,95.2,7156,0,0,0,0,145,14,9,45,165,True
482,1771515501.9837577,5109.903199991095,pawn_shop,10.33,3.069,3.4564,1.0472,480,320,0.812,1.053,0.258,0.795,0.317,0.894,0.001,0.342,1.125,,,4.703,95.2,7161,0,0,0,0,145,14,9,48,168,True
483,1771515501.9937613,5119.907300002524,pawn_shop,10.33,3.095,3.4564,1.0472,480,320,0.837,0.978,0.258,0.72,0.318,0.94,0.001,0.307,1.14,,,4.683,95.2,7163,0,0,0,0,145,14,9,48,168,True
484,1771515502.004763,5130.903700002818,pawn_shop,10.33,3.123,3.4564,1.0472,480,320,0.796,1.017,0.258,0.759,0.343,0.934,0.001,0.312,1.185,,,4.762,95.2,7166,0,0,0,0,145,14,9,52,172,True
485,1771515502.0147696,5140.926899999613,pawn_shop,10.33,3.15,3.4564,1.0472,480,320,0.869,1.016,0.264,0.752,0.325,0.932,0.001,0.322,1.143,,,4.769,95.2,7169,0,0,0,0,145,14,9,53,173,True
486,1771515502.0247717,5150.902699999278,pawn_shop,10.33,3.177,3.4564,1.0472,480,320,0.861,1.04,0.268,0.771,0.326,0.965,0.002,0.306,1.138,,,4.803,95.2,7172,0,0,0,0,145,14,9,56,176,True
487,1771515502.034774,5160.908499994548,pawn_shop,10.33,3.204,3.4564,1.0472,480,320,0.862,1.015,0.269,0.746,0.334,0.95,0.001,0.334,1.142,,,4.8,95.2,7174,0,0,0,0,145,14,9,58,178,True
488,1771515502.0447762,5170.997199995327,pawn_shop,10.33,3.223,3.4564,1.0472,480,320,0.855,1.054,0.273,0.781,0.329,0.957,0.001,0.3,1.142,,,4.799,95.2,7178,0,0,0,0,145,14,9,59,179,True
489,1771515502.0547786,5181.0773000033805,pawn_shop,10.33,3.228,3.4564,1.0472,480,320,0.82,1.025,0.29,0.735,0.327,0.957,0.001,0.318,1.13,,,4.742,95.2,7178,0,0,0,0,145,14,9,60,180,True
490,1771515502.0647807,5190.889499994228,pawn_shop,10.33,3.223,3.4564,1.0472,480,320,0.785,0.993,0.27,0.723,0.316,0.957,0.001,0.312,1.113,,,4.639,99.0,7178,0,0,0,0,145,14,9,59,179,True
491,1771515502.0757823,5201.917400001548,pawn_shop,10.33,3.208,3.4564,1.0472,480,320,0.788,0.984,0.268,0.716,0.318,0.934,0.001,0.324,1.116,,,4.619,99.0,7178,0,0,0,0,145,14,9,59,179,True
492,1771515502.0867856,5212.917199998628,pawn_shop,10.33,3.186,3.4564,1.0472,480,320,0.801,0.988,0.264,0.724,0.332,0.917,0.001,0.323,1.146,,,4.677,99.0,7178,0,0,0,0,145,14,9,56,176,True
493,1771515502.0967877,5222.863899994991,pawn_shop,10.33,3.157,3.4564,1.0472,480,320,0.774,0.941,0.259,0.683,0.338,0.899,0.001,0.287,1.113,,,4.497,99.0,7178,0,0,0,0,145,14,9,53,173,True
494,1771515502.1077898,5233.807299999171,pawn_shop,10.33,3.123,3.4564,1.0472,480,320,0.668,0.831,0.212,0.62,0.291,0.863,0.001,0.226,1.069,,,4.083,99.0,7178,0,0,0,0,145,14,9,52,172,True
495,1771515502.1177962,5243.80409999867,pawn_shop,10.33,3.086,3.4564,1.0472,480,320,0.713,0.832,0.203,0.628,0.287,0.855,0.001,0.212,1.059,,,4.09,99.0,7179,0,0,0,0,145,14,9,48,168,True
496,1771515502.1277983,5253.811100003077,pawn_shop,10.33,3.045,3.4564,1.0472,480,320,0.709,0.858,0.214,0.644,0.292,0.848,0.001,0.238,1.085,,,4.166,99.0,7180,0,0,0,0,145,14,9,45,165,True
497,1771515502.1378012,5263.859600003343,pawn_shop,10.33,3.002,3.4564,1.0472,480,320,0.814,0.875,0.228,0.647,0.287,0.846,0.001,0.298,1.111,,,4.406,99.0,7180,0,0,0,0,145,14,9,42,162,True
498,1771515502.1488042,5274.894699992728,pawn_shop,10.33,2.956,3.4564,1.0472,480,320,0.789,0.888,0.228,0.66,0.279,0.822,0.001,0.354,1.118,,,4.406,99.0,7180,0,0,0,0,145,14,9,34,154,True
499,1771515502.1598058,5285.921000002418,pawn_shop,10.33,2.908,3.4564,1.0472,480,320,0.774,0.783,0.191,0.593,0.005,0.563,0.001,0.281,1.127,,,3.675,99.0,7180,0,0,0,0,145,14,9,0,120,True
500,1771515502.169808,5295.9340999950655,pawn_shop,10.33,2.858,3.4564,1.0472,480,320,0.891,0.789,0.185,0.603,0.005,0.569,0.001,0.329,1.128,,,3.853,95.2,7180,0,0,0,0,145,14,9,0,120,True
501,1771515502.1798103,5305.9476999915205,pawn_shop,10.3,2.808,3.4564,1.0472,480,320,0.836,0.893,0.192,0.701,0.006,0.578,0.001,0.325,1.139,,,3.932,95.2,7185,0,0,0,0,145,14,9,0,120,True
502,1771515502.1898124,5315.932899990003,pawn_shop,10.3,2.757,3.4564,1.0472,480,320,0.773,0.945,0.184,0.762,0.005,0.572,0.001,0.303,1.111,,,3.845,95.2,7194,0,0,0,0,145,14,9,0,120,True
503,1771515502.1998148,5325.846699997783,pawn_shop,10.3,2.706,3.4564,1.0472,480,320,0.646,0.809,0.146,0.663,0.003,0.534,0.001,0.248,1.069,,,3.437,95.2,7202,0,0,0,0,145,14,9,0,120,True
504,1771515502.209817,5335.818299994571,pawn_shop,10.3,2.655,3.4564,1.0472,480,320,0.627,0.832,0.145,0.687,0.003,0.529,0.001,0.284,1.055,,,3.454,95.2,7211,0,0,0,0,145,14,9,0,120,True
505,1771515502.2230148,5349.122500003432,pawn_shop,10.3,2.603,3.4564,1.0472,480,320,0.692,0.903,0.174,0.729,0.005,0.553,0.001,0.334,1.1,,,3.727,95.2,7219,0,0,0,0,145,14,9,0,120,True
506,1771515502.230017,5356.055999989621,pawn_shop,10.3,2.55,3.4564,1.0472,480,320,0.691,0.862,0.149,0.713,0.004,0.532,0.001,0.253,1.055,,,3.521,95.2,7229,0,0,0,0,145,14,9,0,120,True
507,1771515502.2401273,5366.156299991417,pawn_shop,10.3,2.498,3.4564,1.0472,480,320,0.689,0.894,0.156,0.738,0.004,0.534,0.001,0.204,1.067,,,3.517,95.2,7240,0,0,0,0,145,14,9,0,120,True
508,1771515502.2510204,5377.03469999542,pawn_shop,10.3,2.444,3.4564,1.0472,480,320,0.669,0.836,0.146,0.69,0.004,0.532,0.001,0.292,1.067,,,3.522,95.2,7249,0,0,0,0,145,14,9,0,120,True
509,1771515502.2610233,5387.03230000101,pawn_shop,10.3,2.391,3.4564,1.0472,480,320,0.706,0.871,0.148,0.724,0.003,0.541,0.001,0.222,1.08,,,3.547,95.2,7259,0,0,0,0,145,14,9,0,120,True
510,1771515502.272025,5398.039199993946,pawn_shop,10.3,2.336,3.4564,1.0472,480,320,0.684,0.826,0.145,0.681,0.003,0.527,0.0,0.205,1.05,,,3.416,98.0,7268,0,0,0,0,145,14,9,0,120,True
511,1771515502.2820275,5408.0314000020735,pawn_shop,10.3,2.282,3.4564,1.0472,480,320,0.688,0.771,0.148,0.623,0.003,0.529,0.0,0.249,1.052,,,3.413,98.0,7273,0,0,0,0,145,14,9,0,120,True
512,1771515502.2920299,5418.042599994806,pawn_shop,10.3,2.227,3.4564,1.0472,480,320,0.695,0.756,0.147,0.609,0.003,0.531,0.0,0.221,1.044,,,3.372,98.0,7277,0,0,0,0,145,14,9,0,120,True
513,1771515502.3020318,5428.04050000268,pawn_shop,10.3,2.173,3.4564,1.0472,480,320,0.716,0.756,0.151,0.605,0.003,0.534,0.001,0.229,1.046,,,3.405,98.0,7280,0,0,0,0,145,14,9,0,120,True
514,1771515502.3120344,5438.11519999872,pawn_shop,10.3,2.119,3.4564,1.0472,480,320,0.782,0.83,0.171,0.659,0.004,0.547,0.001,0.268,1.073,,,3.634,98.0,7282,0,0,0,0,145,14,9,0,120,True
515,1771515502.3222845,5448.319599992828,pawn_shop,10.3,2.064,3.4564,1.0472,480,320,0.752,0.718,0.151,0.567,0.004,0.589,0.001,0.232,1.05,,,3.471,98.0,7282,0,0,0,0,145,14,9,0,120,True
516,1771515502.3332875,5459.308299992699,pawn_shop,10.3,2.009,3.4564,1.0472,480,320,0.681,0.69,0.148,0.542,0.004,0.609,0.0,0.244,1.036,,,3.386,98.0,7282,0,0,0,0,145,14,9,0,120,True
517,1771515502.3442898,5470.328499999596,pawn_shop,10.3,1.952,3.4564,1.0472,480,320,0.693,0.794,0.161,0.633,0.004,0.608,0.001,0.244,1.042,,,3.512,98.0,7286,0,0,0,0,145,14,9,0,120,True
518,1771515502.3552918,5481.310899995151,pawn_shop,10.3,1.896,3.4564,1.0472,480,320,0.684,0.767,0.15,0.617,0.003,0.601,0.001,0.241,1.049,,,3.469,98.0,7290,0,0,0,0,145,14,9,0,120,True
519,1771515502.3662949,5492.3096999991685,pawn_shop,10.3,1.838,3.4564,1.0472,480,320,0.681,0.73,0.154,0.576,0.003,0.601,0.001,0.26,1.041,,,3.441,98.0,7291,0,0,0,0,145,14,9,0,120,True
520,1771515502.3772972,5503.402799993637,pawn_shop,10.3,1.781,3.4484,1.0472,480,320,0.74,0.791,0.172,0.62,0.005,0.631,0.001,0.292,1.053,,,3.642,94.3,7292,0,0,0,0,145,14,9,0,120,True
521,1771515502.3882997,5514.391999997315,pawn_shop,10.3,1.723,3.4444,1.0472,480,320,0.722,0.769,0.169,0.601,0.004,0.622,0.001,0.271,1.061,,,3.577,94.3,7293,0,0,0,0,145,14,9,0,120,True
522,1771515502.399302,5525.377600002685,pawn_shop,10.3,1.666,3.4324,1.0472,480,320,0.661,0.69,0.146,0.544,0.004,0.611,0.001,0.265,1.037,,,3.439,94.3,7293,0,0,0,0,145,14,9,0,120,True
523,1771515502.4103045,5536.3574999937555,pawn_shop,10.27,1.608,3.4164,1.0472,480,320,0.636,0.702,0.143,0.559,0.003,0.594,0.001,0.259,1.072,,,3.439,94.3,7294,0,0,0,0,145,14,9,0,120,True
524,1771515502.4212346,5547.323299993877,pawn_shop,10.24,1.551,3.4044,1.0472,480,320,0.688,0.864,0.157,0.707,0.004,0.624,0.0,0.201,1.074,,,3.629,94.3,7302,0,0,0,0,145,14,9,0,120,True
525,1771515502.431237,5557.289399992442,pawn_shop,10.209,1.496,3.3924,1.0472,480,320,0.684,0.771,0.145,0.626,0.003,0.613,0.0,0.291,1.072,,,3.602,94.3,7307,0,0,0,0,145,14,9,0,120,True
526,1771515502.441239,5567.405800000415,pawn_shop,10.173,1.448,3.3844,1.0472,480,320,0.727,0.779,0.169,0.61,0.005,0.64,0.001,0.282,1.087,,,3.694,94.3,7309,0,0,0,0,145,14,9,0,120,True
527,1771515502.4512413,5577.310099994065,pawn_shop,10.133,1.407,3.3764,1.0472,480,320,0.662,0.741,0.151,0.59,0.004,0.615,0.001,0.207,1.06,,,3.459,94.3,7312,0,0,0,0,145,14,9,0,120,True
528,1771515502.4612436,5587.309700000333,pawn_shop,10.089,1.371,3.3684,1.0472,480,320,0.697,0.784,0.163,0.621,0.005,0.628,0.001,0.245,1.079,,,3.613,94.3,7315,0,0,0,0,145,14,9,0,120,True
529,1771515502.4712458,5597.27899999416,pawn_shop,10.043,1.34,3.3644,1.0472,480,320,0.669,0.762,0.15,0.612,0.004,0.614,0.001,0.235,1.07,,,3.526,94.3,7319,0,0,0,0,145,14,9,0,120,True
530,1771515502.481248,5607.302899996284,pawn_shop,9.994,1.312,3.3604,1.0472,480,320,0.665,0.767,0.148,0.619,0.004,0.612,0.001,0.202,1.07,,,3.491,97.1,7324,0,0,0,0,145,14,9,0,120,True
531,1771515502.492251,5618.331599995145,pawn_shop,9.943,1.312,3.3524,1.0472,480,320,0.677,0.747,0.151,0.596,0.003,0.623,0.001,0.259,1.069,,,3.549,97.1,7326,0,0,0,0,145,14,9,0,120,True
532,1771515502.502253,5628.301999997348,pawn_shop,9.89,1.312,3.3484,1.0472,480,320,0.685,0.741,0.154,0.587,0.004,0.631,0.001,0.204,1.071,,,3.508,97.1,7328,0,0,0,0,145,14,9,0,120,True
533,1771515502.512255,5638.30429999507,pawn_shop,9.836,1.312,3.3444,1.0472,480,320,0.679,0.734,0.152,0.582,0.003,0.624,0.0,0.203,1.062,,,3.475,97.1,7330,0,0,0,0,145,14,9,0,120,True
534,1771515502.5222602,5648.379799997201,pawn_shop,9.781,1.312,3.3364,1.0472,480,320,0.739,0.801,0.169,0.632,0.005,0.677,0.001,0.268,1.094,,,3.762,97.1,7332,0,0,0,0,145,14,9,0,120,True
535,1771515502.5322628,5658.350899990182,pawn_shop,9.725,1.312,3.3244,1.0472,480,320,0.76,0.794,0.149,0.645,0.004,0.637,0.001,0.244,1.08,,,3.689,97.1,7338,0,0,0,0,145,14,9,0,120,True
536,1771515502.542265,5668.340399992303,pawn_shop,9.669,1.312,3.3164,1.0472,480,320,0.762,0.844,0.162,0.682,0.235,0.663,0.001,0.225,1.073,,,3.977,97.1,7345,0,0,0,0,145,14,9,2,122,True
537,1771515502.552267,5678.364399995189,pawn_shop,9.612,1.312,3.2964,1.0472,480,320,0.712,0.853,0.155,0.698,0.235,0.679,0.001,0.28,1.069,,,4.002,97.1,7353,0,0,0,0,145,14,9,6,126,True
538,1771515502.5622692,5688.365199996042,pawn_shop,9.555,1.312,3.2764,1.0472,480,320,0.771,0.976,0.18,0.796,0.252,0.709,0.001,0.284,1.091,,,4.262,97.1,7364,0,0,0,0,145,14,9,8,128,True
539,1771515502.5722716,5698.38639999216,pawn_shop,9.497,1.312,3.2564,1.0472,480,320,0.77,0.968,0.174,0.794,0.262,0.758,0.001,0.213,1.083,,,4.224,97.1,7376,0,0,0,0,145,14,9,14,134,True
540,1771515502.5822737,5708.382600001642,pawn_shop,9.439,1.301,3.2324,1.0472,480,320,0.712,0.989,0.179,0.81,0.32,0.775,0.001,0.276,1.073,,,4.328,99.0,7388,0,0,0,0,145,14,9,21,141,True
541,1771515502.5922763,5718.398800003342,pawn_shop,9.381,1.301,3.2164,1.0472,480,320,0.726,1.006,0.192,0.814,0.279,0.813,0.001,0.24,1.072,,,4.321,99.0,7399,0,0,0,0,145,14,9,26,146,True
542,1771515502.6022785,5728.384200003347,pawn_shop,9.322,1.301,3.1964,1.0472,480,320,0.732,0.983,0.186,0.797,0.281,0.818,0.001,0.3,1.083,,,4.386,99.0,7409,0,0,0,0,145,14,9,29,149,True
543,1771515502.6122813,5738.422599999467,pawn_shop,9.263,1.301,3.1724,1.0472,480,320,0.711,1.072,0.21,0.862,0.298,0.873,0.001,0.253,1.084,,,4.481,99.0,7421,0,0,0,0,145,14,9,38,158,True
544,1771515502.622288,5748.427700003958,pawn_shop,9.203,1.301,3.1524,1.0472,480,320,0.706,1.093,0.216,0.877,0.306,0.874,0.001,0.25,1.084,,,4.5,99.0,7433,0,0,0,0,145,14,9,41,161,True
545,1771515502.6332903,5759.478399995714,pawn_shop,9.141,1.301,3.1324,1.0472,480,320,0.645,1.013,0.204,0.809,0.308,0.902,0.001,0.228,1.071,,,4.35,99.0,7443,0,0,0,0,145,14,9,47,167,True
546,1771515502.6442928,5770.423199996003,pawn_shop,9.079,1.301,3.1084,1.0472,480,320,0.68,0.92,0.212,0.708,0.31,0.91,0.001,0.215,1.066,,,4.284,99.0,7447,0,0,0,0,145,14,9,51,171,True
547,1771515502.655295,5781.391800002893,pawn_shop,9.016,1.301,3.0884,1.0472,480,320,0.69,0.899,0.214,0.685,0.318,0.931,0.001,0.202,1.102,,,4.329,99.0,7450,0,0,0,0,145,14,9,56,176,True
548,1771515502.6662977,5792.562000002363,pawn_shop,8.953,1.301,3.0724,1.0472,480,320,0.78,1.011,0.268,0.742,0.377,0.991,0.001,0.312,1.121,,,4.83,99.0,7452,0,0,0,0,145,14,9,58,178,True
549,1771515502.6773,5803.479900001548,pawn_shop,8.889,1.301,3.0524,1.0472,480,320,0.766,0.963,0.268,0.695,0.34,0.977,0.001,0.28,1.077,,,4.591,99.0,7452,0,0,0,0,145,14,9,63,183,True
550,1771515502.6883025,5814.395800000057,pawn_shop,8.824,1.302,3.0364,1.0472,480,320,0.657,0.901,0.218,0.683,0.333,1.158,0.001,0.301,1.417,,,5.02,93.5,7454,0,0,0,0,145,14,9,65,185,True
551,1771515502.6993053,5825.458099992829,pawn_shop,8.76,1.305,3.0164,1.0472,480,320,0.768,1.019,0.267,0.752,0.351,1.047,0.001,0.308,1.125,,,4.821,93.5,7456,0,0,0,0,145,14,9,70,190,True
552,1771515502.7103074,5836.463999992702,pawn_shop,8.695,1.309,3.0004,1.0472,480,320,0.781,1.099,0.278,0.821,0.379,1.084,0.001,0.338,1.098,,,4.996,93.5,7458,0,0,0,0,145,14,9,74,194,True
553,1771515502.72131,5847.512399996049,pawn_shop,8.63,1.314,2.9844,1.0472,480,320,0.81,1.028,0.29,0.737,0.371,1.121,0.001,0.342,1.091,,,4.972,93.5,7458,0,0,0,0,145,14,9,77,197,True
554,1771515502.7323127,5858.516799999052,pawn_shop,8.565,1.321,2.9764,1.0472,480,320,0.815,1.026,0.294,0.732,0.377,1.02,0.001,0.307,1.09,,,4.84,93.5,7458,0,0,0,0,145,14,8,76,196,True
555,1771515502.743315,5869.482699999935,pawn_shop,8.5,1.328,2.9724,1.0472,480,320,0.781,1.03,0.288,0.742,0.385,1.026,0.001,0.339,1.112,,,4.906,93.5,7459,0,0,0,0,145,14,8,75,195,True
556,1771515502.7543178,5880.4827999992995,pawn_shop,8.436,1.336,2.9724,1.0472,480,320,0.766,0.983,0.276,0.707,0.362,1.014,0.001,0.333,1.079,,,4.731,93.5,7459,0,0,0,0,145,14,8,72,192,True
557,1771515502.7653198,5891.321999995853,pawn_shop,8.371,1.345,2.9724,1.0472,480,320,0.647,0.889,0.223,0.666,0.344,0.945,0.001,0.265,1.054,,,4.324,93.5,7460,0,0,0,0,145,14,8,72,192,True
558,1771515502.7763224,5902.330600001733,pawn_shop,8.306,1.354,2.9724,1.0472,480,320,0.669,0.908,0.233,0.675,0.347,0.958,0.001,0.198,1.053,,,4.306,93.5,7461,0,0,0,0,145,14,8,70,190,True
559,1771515502.787325,5913.315300000249,pawn_shop,8.241,1.363,2.9724,1.0472,480,320,0.646,0.851,0.216,0.634,0.345,0.926,0.001,0.28,1.054,,,4.282,93.5,7461,0,0,0,0,145,14,8,67,187,True
560,1771515502.7983272,5924.331200003508,pawn_shop,8.176,1.373,2.9724,1.0472,480,320,0.681,0.88,0.23,0.65,0.34,0.925,0.001,0.2,1.036,,,4.242,90.9,7461,0,0,0,0,145,14,8,66,186,True
561,1771515502.8093297,5935.383199990611,pawn_shop,8.111,1.383,2.9684,1.0472,480,320,0.66,0.862,0.225,0.637,0.337,0.895,0.001,0.191,1.043,,,4.169,90.9,7461,0,0,0,0,145,14,8,61,181,True
562,1771515502.820259,5946.288599996478,pawn_shop,8.047,1.393,2.9684,1.0472,480,320,0.705,0.909,0.236,0.673,0.349,0.926,0.001,0.263,1.061,,,4.405,90.9,7462,0,0,0,0,145,14,8,62,182,True
563,1771515502.8302612,5956.270199996652,pawn_shop,7.984,1.404,2.9684,1.0472,480,320,0.668,0.887,0.226,0.661,0.343,0.915,0.001,0.256,1.05,,,4.31,90.9,7462,0,0,0,0,145,14,8,59,179,True
564,1771515502.8402634,5966.291699995054,pawn_shop,7.922,1.414,2.9684,1.0472,480,320,0.678,0.874,0.221,0.653,0.338,0.893,0.001,0.178,1.044,,,4.188,90.9,7462,0,0,0,0,145,14,8,57,177,True
565,1771515502.8502655,5976.275599998189,pawn_shop,7.86,1.424,2.9684,1.0472,480,320,0.658,0.851,0.22,0.632,0.331,0.886,0.001,0.196,1.056,,,4.157,90.9,7462,0,0,0,0,145,14,8,56,176,True
566,1771515502.860268,5986.274800001411,pawn_shop,7.799,1.434,2.9684,1.0472,480,320,0.649,0.838,0.212,0.626,0.331,0.883,0.001,0.221,1.044,,,4.144,90.9,7462,0,0,0,0,145,14,8,54,174,True
567,1771515502.8702703,5996.273400000064,pawn_shop,7.739,1.445,2.9684,1.0472,480,320,0.651,0.831,0.207,0.624,0.324,0.877,0.001,0.24,1.042,,,4.146,90.9,7462,0,0,0,0,145,14,8,51,171,True
568,1771515502.8802729,6006.297999992967,pawn_shop,7.678,1.455,2.9684,1.0472,480,320,0.778,0.882,0.229,0.653,0.324,0.878,0.001,0.281,1.087,,,4.431,90.9,7462,0,0,0,0,145,14,8,49,169,True
569,1771515502.8902748,6016.291099993396,pawn_shop,7.618,1.465,2.9684,1.0472,480,320,0.785,0.837,0.208,0.629,0.326,0.851,0.0,0.216,1.056,,,4.256,90.9,7462,0,0,0,0,145,14,8,49,169,True
570,1771515502.900277,6026.2918999942485,pawn_shop,7.558,1.476,2.9684,1.0472,480,320,0.752,0.814,0.208,0.605,0.313,0.831,0.001,0.265,1.042,,,4.197,99.0,7462,0,0,0,0,145,14,8,46,166,True
571,1771515502.9102795,6036.284599991632,pawn_shop,7.498,1.486,2.9684,1.0472,480,320,0.713,0.793,0.193,0.601,0.304,0.824,0.001,0.204,1.069,,,4.084,99.0,7462,0,0,0,0,145,14,8,44,164,True
572,1771515502.9202487,6046.243599994341,pawn_shop,7.439,1.496,2.9684,1.0472,480,320,0.683,0.771,0.191,0.58,0.295,0.809,0.001,0.255,1.05,,,4.044,99.0,7462,0,0,0,0,145,14,8,40,160,True
573,1771515502.9302511,6056.247100001201,pawn_shop,7.379,1.506,2.9684,1.0472,480,320,0.659,0.782,0.189,0.593,0.294,0.801,0.001,0.218,1.037,,,3.966,99.0,7462,0,0,0,0,145,14,8,39,159,True
574,1771515502.9402533,6066.286399989622,pawn_shop,7.32,1.517,2.9684,1.0472,480,320,0.64,0.773,0.181,0.592,0.289,0.787,0.0,0.274,1.039,,,3.979,99.0,7463,0,0,0,0,145,14,8,35,155,True
575,1771515502.9502554,6076.285000002827,pawn_shop,7.261,1.527,2.9684,1.0472,480,320,0.7,0.818,0.199,0.62,0.297,0.796,0.001,0.251,1.059,,,4.102,99.0,7463,0,0,0,0,145,14,8,33,153,True
576,1771515502.9602578,6086.326899996493,pawn_shop,7.201,1.537,2.9644,1.0472,480,320,0.653,0.786,0.189,0.597,0.291,0.773,0.001,0.252,1.063,,,3.998,99.0,7463,0,0,0,0,145,14,8,32,152,True
577,1771515502.9702601,6096.300699995481,pawn_shop,7.142,1.548,2.9644,1.0472,480,320,0.651,0.783,0.182,0.601,0.283,0.774,0.001,0.187,1.066,,,3.926,99.0,7463,0,0,0,0,145,14,8,30,150,True
578,1771515502.9802625,6106.260300002759,pawn_shop,7.083,1.558,2.9644,1.0472,480,320,0.624,0.74,0.174,0.566,0.272,0.746,0.001,0.25,1.073,,,3.885,99.0,7463,0,0,0,0,145,14,8,25,145,True
579,1771515502.9902647,6116.311499994481,pawn_shop,7.024,1.569,2.9644,1.0472,480,320,0.639,0.755,0.173,0.582,0.269,0.717,0.001,0.234,1.049,,,3.842,99.0,7463,0,0,0,0,145,14,8,23,143,True
580,1771515503.0002668,6126.263500002096,pawn_shop,6.964,1.579,2.9644,1.0472,480,320,0.636,0.75,0.167,0.584,0.261,0.697,0.001,0.216,1.054,,,3.787,100.0,7463,0,0,0,0,145,14,8,20,140,True
581,1771515503.010269,6136.287499990431,pawn_shop,6.905,1.59,2.9644,1.0472,480,320,0.631,0.744,0.165,0.579,0.259,0.685,0.001,0.272,1.051,,,3.817,100.0,7463,0,0,0,0,145,14,8,17,137,True
582,1771515503.0202525,6146.281699999236,pawn_shop,6.846,1.6,2.9644,1.0472,480,320,0.666,0.762,0.166,0.597,0.253,0.695,0.001,0.262,1.101,,,3.917,100.0,7463,0,0,0,0,145,14,8,13,133,True
583,1771515503.0302546,6156.381799999508,pawn_shop,6.789,1.603,2.9644,1.0472,480,320,0.684,0.791,0.171,0.62,0.256,0.683,0.001,0.275,1.097,,,3.969,100.0,7463,0,0,0,0,145,14,8,10,130,True
584,1771515503.040257,6166.293799993582,pawn_shop,6.733,1.598,2.9644,1.0472,480,320,0.648,0.75,0.154,0.597,0.236,0.664,0.001,0.25,1.065,,,3.788,100.0,7465,0,0,0,0,145,14,8,6,126,True
585,1771515503.050259,6176.303000000189,pawn_shop,6.678,1.589,2.9644,1.0472,480,320,0.639,0.717,0.146,0.57,0.221,0.641,0.001,0.25,1.051,,,3.649,100.0,7465,0,0,0,0,145,14,8,2,122,True
586,1771515503.0602615,6186.548800003948,pawn_shop,6.625,1.575,2.9604,1.0472,480,320,0.692,0.782,0.154,0.627,0.004,0.624,0.001,0.26,1.08,,,3.643,100.0,7468,0,0,0,0,145,14,8,0,120,True
587,1771515503.0702636,6196.311799998512,pawn_shop,6.572,1.557,2.9604,1.0472,480,320,0.64,0.753,0.147,0.606,0.004,0.61,0.001,0.228,1.063,,,3.467,100.0,7471,0,0,0,0,145,14,8,0,120,True
588,1771515503.080266,6206.326799991075,pawn_shop,6.519,1.537,2.9604,1.0472,480,320,0.693,0.801,0.156,0.645,0.004,0.646,0.001,0.264,1.072,,,3.652,100.0,7475,0,0,0,0,145,14,8,0,120,True
589,1771515503.0902681,6216.319899991504,pawn_shop,6.467,1.514,2.9604,1.0472,480,320,0.647,0.788,0.148,0.64,0.003,0.628,0.0,0.271,1.068,,,3.53,100.0,7480,0,0,0,0,145,14,8,0,120,True
590,1771515503.1002705,6226.302099996246,pawn_shop,6.416,1.489,2.9604,1.0472,480,320,0.66,0.823,0.15,0.673,0.004,0.641,0.001,0.27,1.072,,,3.597,100.0,7487,0,0,0,0,145,14,8,0,120,True
591,1771515503.110273,6236.32149999321,pawn_shop,6.365,1.462,2.9564,1.0472,480,320,0.654,0.777,0.145,0.632,0.004,0.615,0.001,0.272,1.072,,,3.564,100.0,7492,0,0,0,0,145,14,8,0,120,True
592,1771515503.1202776,6246.346899992204,pawn_shop,6.314,1.434,2.9484,1.0472,480,320,0.658,0.813,0.147,0.666,0.004,0.618,0.001,0.215,1.073,,,3.55,100.0,7499,0,0,0,0,145,14,8,0,120,True
593,1771515503.1302803,6256.375899989507,pawn_shop,6.264,1.405,2.9404,1.0472,480,320,0.658,0.789,0.152,0.637,0.004,0.633,0.001,0.209,1.061,,,3.524,100.0,7503,0,0,0,0,145,14,8,0,120,True
594,1771515503.1402824,6266.383700000006,pawn_shop,6.213,1.376,2.9244,1.0472,480,320,0.671,0.788,0.147,0.641,0.004,0.62,0.001,0.245,1.066,,,3.564,100.0,7508,0,0,0,0,145,14,8,0,120,True
595,1771515503.150285,6276.358999995864,pawn_shop,6.161,1.345,2.9124,1.0472,480,320,0.702,0.811,0.147,0.664,0.005,0.64,0.001,0.234,1.079,,,3.642,100.0,7514,0,0,0,0,145,14,8,0,120,True
596,1771515503.161287,6287.384099996416,pawn_shop,6.109,1.314,2.8964,1.0472,480,320,0.738,0.798,0.155,0.643,0.003,0.644,0.001,0.217,1.077,,,3.646,100.0,7518,0,0,0,0,145,14,8,0,120,True
597,1771515503.1722896,6298.366299990448,pawn_shop,6.055,1.314,2.8764,1.0472,480,320,0.715,0.823,0.149,0.674,0.004,0.686,0.001,0.213,1.087,,,3.699,100.0,7526,0,0,0,0,145,14,8,0,120,True
598,1771515503.1832924,6309.42029999278,pawn_shop,6.001,1.314,2.8524,1.0472,480,320,0.762,0.812,0.159,0.653,0.004,0.709,0.001,0.24,1.065,,,3.765,100.0,7530,0,0,0,0,145,14,8,0,120,True
599,1771515503.1942942,6320.401699995273,pawn_shop,5.945,1.314,2.8324,1.0472,480,320,0.72,0.874,0.153,0.721,0.004,0.628,0.001,0.217,1.089,,,3.704,100.0,7539,0,0,0,0,145,14,8,0,120,True
600,1771515503.2052972,6331.458000000566,pawn_shop,5.889,1.314,2.8084,1.0472,480,320,0.765,0.878,0.167,0.711,0.005,0.644,0.001,0.271,1.086,,,3.817,94.3,7546,0,0,0,0,145,14,8,0,120,True
601,1771515503.2161312,6342.23270000075,pawn_shop,5.834,1.314,2.7844,1.0472,480,320,0.697,0.864,0.152,0.712,0.004,0.626,0.001,0.195,1.07,,,3.628,94.3,7555,0,0,0,0,145,14,8,0,120,True
602,1771515503.2281342,6354.106099999626,pawn_shop,5.778,1.314,2.7604,1.0472,480,320,0.722,0.814,0.161,0.653,0.004,0.643,0.001,0.227,1.075,,,3.659,94.3,7558,0,0,0,0,145,14,8,0,120,True
603,1771515503.2361357,6362.250599995605,pawn_shop,5.722,1.314,2.7404,1.0472,480,320,0.668,0.873,0.152,0.72,0.004,0.652,0.001,0.21,1.084,,,3.668,94.3,7567,0,0,0,0,145,14,8,0,120,True
604,1771515503.246138,6372.245399994426,pawn_shop,5.667,1.314,2.7164,1.0472,480,320,0.688,0.844,0.154,0.69,0.004,0.66,0.001,0.285,1.08,,,3.733,94.3,7574,0,0,0,0,145,14,8,0,120,True
605,1771515503.2561402,6382.262400002219,pawn_shop,5.611,1.314,2.6924,1.0472,480,320,0.662,0.823,0.151,0.672,0.004,0.715,0.001,0.212,1.066,,,3.656,94.3,7579,0,0,0,0,145,14,8,0,120,True
606,1771515503.2661424,6392.330100003164,pawn_shop,5.555,1.314,2.6644,1.0472,480,320,0.761,0.797,0.171,0.626,0.005,0.76,0.001,0.324,1.088,,,3.929,94.3,7579,0,0,0,0,145,14,8,0,120,True
607,1771515503.2761455,6402.372500000638,pawn_shop,5.498,1.314,2.6324,1.0472,480,320,0.791,0.868,0.178,0.69,0.005,0.651,0.001,0.337,1.101,,,3.945,94.3,7580,0,0,0,0,145,14,7,0,120,True
608,1771515503.286147,6412.375799991423,pawn_shop,5.442,1.314,2.6044,1.0472,480,320,0.798,0.874,0.179,0.695,0.005,0.65,0.001,0.329,1.113,,,3.959,94.3,7582,0,0,0,0,145,14,7,0,120,True
609,1771515503.2961497,6422.415799999726,pawn_shop,5.385,1.314,2.5724,1.0472,480,320,0.772,0.836,0.198,0.638,0.005,0.636,0.001,0.305,1.103,,,3.849,94.3,7583,0,0,0,0,145,14,7,0,120,True
610,1771515503.3061516,6432.390999994823,pawn_shop,5.327,1.314,2.5444,1.0472,480,320,0.778,0.852,0.181,0.671,0.005,0.652,0.001,0.344,1.124,,,3.984,100.0,7584,0,0,0,0,145,14,7,0,120,True
611,1771515503.316298,6442.498099990189,pawn_shop,5.268,1.314,2.5204,1.0472,480,320,0.759,0.843,0.179,0.664,0.005,0.62,0.001,0.304,1.081,,,3.794,100.0,7587,0,0,0,0,145,14,7,0,120,True
612,1771515503.3273,6453.457299998263,pawn_shop,5.208,1.314,2.4884,1.0472,480,320,0.673,0.769,0.156,0.613,0.004,0.591,0.001,0.231,1.054,,,3.5,100.0,7588,0,0,0,0,145,14,8,0,120,True
613,1771515503.338303,6464.531899997382,pawn_shop,5.147,1.301,2.4644,1.0472,480,320,0.671,0.723,0.15,0.573,0.004,0.579,0.001,0.248,1.037,,,3.433,100.0,7589,0,0,0,0,145,14,8,0,120,True
614,1771515503.3493054,6475.417499998002,pawn_shop,5.085,1.301,2.4364,1.0472,480,320,0.657,0.724,0.155,0.568,0.004,0.601,0.001,0.202,1.047,,,3.406,100.0,7589,0,0,0,0,145,14,9,0,120,True
615,1771515503.360308,6486.39939998975,pawn_shop,5.022,1.301,2.4124,1.0472,480,320,0.651,0.752,0.151,0.602,0.23,0.605,0.001,0.266,1.05,,,3.734,100.0,7591,0,0,0,0,145,14,9,1,121,True
616,1771515503.37131,6497.59400000039,pawn_shop,4.959,1.301,2.3884,1.0472,480,320,0.674,0.757,0.157,0.599,0.239,0.641,0.001,0.242,1.034,,,3.768,100.0,7592,0,0,0,0,145,14,9,3,123,True
617,1771515503.3823128,6508.416199998464,pawn_shop,4.895,1.301,2.3644,1.0472,480,320,0.696,0.745,0.155,0.59,0.262,0.653,0.001,0.273,1.051,,,3.868,100.0,7592,0,0,0,0,145,14,9,6,126,True
618,1771515503.3933156,6519.478100002743,pawn_shop,4.831,1.301,2.3404,1.0472,480,320,0.763,0.843,0.184,0.658,0.278,0.678,0.001,0.265,1.046,,,4.057,100.0,7595,0,0,0,0,145,14,9,10,130,True
619,1771515503.4043176,6530.413499989663,pawn_shop,4.766,1.301,2.3204,1.0472,480,320,0.711,0.777,0.164,0.613,0.28,0.686,0.001,0.218,1.029,,,3.877,100.0,7597,0,0,0,0,145,14,9,13,133,True
620,1771515503.4151301,6541.212900003302,pawn_shop,4.702,1.301,2.3044,1.0472,480,320,0.717,0.838,0.177,0.661,0.305,0.755,0.001,0.198,1.042,,,4.034,91.7,7601,0,0,0,0,145,14,9,17,137,True
621,1771515503.4251323,6551.215899991803,pawn_shop,4.639,1.301,2.2924,1.0472,480,320,0.711,0.82,0.183,0.637,0.332,0.79,0.001,0.257,1.05,,,4.141,91.7,7603,0,0,0,0,145,14,9,26,146,True
622,1771515503.4351344,6561.199499992654,pawn_shop,4.577,1.3,2.2804,1.0472,480,320,0.71,0.859,0.192,0.667,0.357,0.827,0.001,0.241,1.039,,,4.212,91.7,7606,0,0,0,0,145,14,9,36,156,True
623,1771515503.4451365,6571.197899989784,pawn_shop,4.515,1.301,2.2684,1.0472,480,320,0.692,0.886,0.202,0.685,0.392,0.895,0.001,0.198,1.034,,,4.281,91.7,7608,0,0,0,0,145,14,9,47,167,True
624,1771515503.455139,6581.204499991145,pawn_shop,4.454,1.303,2.2564,1.0472,480,320,0.694,0.939,0.215,0.723,0.419,0.955,0.001,0.308,1.051,,,4.572,91.7,7610,0,0,0,0,145,14,9,56,176,True
625,1771515503.4651415,6591.2406999996165,pawn_shop,4.393,1.306,2.2404,1.0472,480,320,0.692,0.937,0.228,0.71,0.462,0.949,0.001,0.241,1.052,,,4.519,91.7,7612,0,0,0,0,145,14,9,61,181,True
626,1771515503.4761436,6602.264799992554,pawn_shop,4.331,1.31,2.2164,1.0472,480,320,0.681,0.965,0.239,0.726,0.477,1.022,0.0,0.207,1.04,,,4.575,91.7,7614,0,0,0,0,145,14,9,69,189,True
627,1771515503.4871461,6613.268499990227,pawn_shop,4.268,1.315,2.1924,1.0472,480,320,0.674,1.013,0.252,0.76,0.518,1.115,0.001,0.238,1.041,,,4.791,91.7,7616,0,0,0,0,145,14,9,85,205,True
628,1771515503.4971488,6623.257999992347,pawn_shop,4.206,1.321,2.1644,1.0472,480,320,0.658,1.05,0.267,0.784,0.559,1.218,0.001,0.237,1.034,,,4.942,91.7,7618,0,0,0,0,145,14,9,105,225,True
629,1771515503.5071507,6633.247599995229,pawn_shop,4.145,1.329,2.1364,1.0472,480,320,0.648,1.117,0.283,0.834,0.62,1.328,0.001,0.316,1.065,,,5.314,91.7,7622,0,0,0,0,145,14,9,121,241,True
630,1771515503.5171566,6643.345199991018,pawn_shop,4.085,1.338,2.1084,1.0472,480,320,0.758,1.257,0.349,0.907,0.67,1.381,0.001,0.25,1.05,,,5.565,98.0,7630,0,0,0,0,145,14,9,136,256,True
631,1771515503.527159,6653.380499992636,pawn_shop,4.025,1.348,2.0804,1.0472,480,320,0.725,1.284,0.389,0.895,0.708,1.518,0.001,0.298,1.078,,,5.842,98.0,7634,0,0,0,0,145,14,9,155,275,True
632,1771515503.537161,6663.301599997794,pawn_shop,3.965,1.36,2.0484,1.0472,480,320,0.692,1.254,0.34,0.914,0.722,1.528,0.001,0.18,1.043,,,5.622,98.0,7639,0,0,0,0,145,14,9,165,285,True
633,1771515503.5471635,6673.292199993739,pawn_shop,3.906,1.373,2.0164,1.0472,480,320,0.683,1.212,0.347,0.865,0.731,1.56,0.001,0.236,1.053,,,5.671,98.0,7642,0,0,0,0,145,14,9,167,287,True
634,1771515503.5581663,6683.695200001239,pawn_shop,3.848,1.388,1.9684,1.0472,480,320,0.703,1.258,0.369,0.889,0.748,1.55,0.001,0.222,1.092,,,5.772,98.0,7644,0,0,0,0,145,14,9,171,291,True
635,1771515503.567168,6693.304699991131,pawn_shop,3.79,1.405,1.9284,1.0472,480,320,0.677,1.207,0.343,0.865,0.759,1.568,0.001,0.255,1.075,,,5.735,98.0,7646,0,0,0,0,145,14,9,175,295,True
636,1771515503.5771701,6703.310899989447,pawn_shop,3.733,1.424,1.8804,1.0472,480,320,0.694,1.213,0.357,0.855,0.777,1.565,0.001,0.278,1.085,,,5.811,98.0,7647,0,0,0,0,145,14,9,177,297,True
637,1771515503.5871725,6713.359300003503,pawn_shop,3.678,1.445,1.8204,1.0472,480,320,0.828,1.314,0.393,0.922,0.783,1.594,0.001,0.29,1.088,,,6.102,98.0,7649,0,0,0,0,145,14,9,178,298,True
638,1771515503.598175,6723.581899990677,pawn_shop,3.623,1.468,1.7604,1.0472,480,320,0.705,1.249,0.352,0.897,0.769,1.474,0.001,0.211,1.091,,,5.7,98.0,7652,0,0,0,0,145,14,10,173,293,True
639,1771515503.6071773,6733.432699998957,pawn_shop,3.569,1.494,1.7004,1.0472,480,320,0.728,1.257,0.356,0.901,0.76,1.503,0.001,0.26,1.102,,,5.824,98.0,7655,0,0,0,0,145,14,11,171,291,True
640,1771515503.6172998,6743.476499992539,pawn_shop,3.516,1.523,1.6404,1.0472,480,320,0.677,1.229,0.352,0.877,0.748,1.489,0.001,0.258,1.083,,,5.684,99.0,7656,0,0,0,0,145,14,12,169,289,True
641,1771515503.628302,6754.554400002235,pawn_shop,3.464,1.554,1.5844,1.0472,480,320,0.725,1.241,0.362,0.878,0.739,1.482,0.001,0.252,1.093,,,5.736,99.0,7658,0,0,0,0,145,14,11,167,287,True
642,1771515503.6393049,6765.458099995158,pawn_shop,3.413,1.589,1.5524,1.0472,480,320,0.678,1.168,0.335,0.832,0.743,1.485,0.001,0.276,1.077,,,5.639,99.0,7658,0,0,0,0,145,14,11,166,286,True
643,1771515503.6503072,6776.448199991137,pawn_shop,3.363,1.626,1.5404,1.0472,480,320,0.676,1.185,0.335,0.85,0.75,1.468,0.001,0.288,1.076,,,5.642,99.0,7658,0,0,0,0,145,14,11,169,289,True
644,1771515503.6613095,6787.5351999973645,pawn_shop,3.314,1.666,1.5484,1.0472,480,320,0.674,1.217,0.354,0.863,0.801,1.52,0.001,0.287,1.08,,,5.782,99.0,7659,0,0,0,0,145,14,11,177,297,True
645,1771515503.6723118,6798.477099990123,pawn_shop,3.265,1.706,1.5924,1.0472,480,320,0.678,1.233,0.365,0.867,0.813,1.56,0.001,0.272,1.073,,,5.823,99.0,7659,0,0,0,0,145,14,11,189,309,True
646,1771515503.6833148,6809.448100000736,pawn_shop,3.216,1.747,1.6284,1.0472,480,320,0.665,1.231,0.357,0.874,0.815,1.555,0.001,0.224,1.077,,,5.759,99.0,7660,0,0,0,0,145,14,11,187,307,True
647,1771515503.695317,6820.645200001309,pawn_shop,3.167,1.789,1.6324,1.0472,480,320,0.76,1.348,0.439,0.909,0.858,1.61,0.001,0.317,1.083,,,6.213,99.0,7660,0,0,0,0,145,14,11,189,309,True
648,1771515503.7053194,6831.375900001149,pawn_shop,3.118,1.831,1.6324,1.0472,480,320,0.679,1.241,0.361,0.879,0.829,1.701,0.001,0.322,1.093,,,6.094,99.0,7660,0,0,0,0,145,14,10,189,309,True
649,1771515503.7167497,6842.852100002347,pawn_shop,3.069,1.873,1.6324,1.0472,480,320,0.728,1.303,0.404,0.898,0.842,1.827,0.001,0.25,1.099,,,6.251,99.0,7660,0,0,0,0,145,14,10,189,309,True
650,1771515503.726752,6852.908899993054,pawn_shop,3.021,1.915,1.6324,1.0472,480,320,0.703,1.273,0.389,0.884,0.837,1.784,0.001,0.241,1.082,,,6.117,91.7,7660,0,0,0,0,145,14,10,190,310,True
651,1771515503.7367542,6862.775499990676,pawn_shop,2.973,1.956,1.6324,1.0472,480,320,0.677,1.277,0.373,0.904,0.829,1.825,0.001,0.185,1.075,,,6.069,91.7,7660,0,0,0,0,145,14,9,189,309,True
652,1771515503.7467563,6872.783300001174,pawn_shop,2.926,1.997,1.6324,1.0472,480,320,0.669,1.249,0.378,0.871,0.842,1.901,0.001,0.202,1.072,,,6.133,91.7,7660,0,0,0,0,145,14,9,189,309,True
653,1771515503.7567585,6882.859999997891,pawn_shop,2.879,2.038,1.6324,1.0472,480,320,0.651,1.231,0.362,0.869,0.848,2.041,0.001,0.229,1.085,,,6.279,91.7,7661,0,0,0,0,145,14,9,190,310,True
654,1771515503.7667606,6892.768699995941,pawn_shop,2.833,2.079,1.6324,1.0472,480,320,0.638,1.21,0.357,0.854,0.84,2.074,0.001,0.249,1.071,,,6.277,91.7,7661,0,0,0,0,145,14,9,189,309,True
655,1771515503.7767632,6902.76859998994,pawn_shop,2.787,2.119,1.6324,1.0472,480,320,0.673,1.227,0.351,0.876,0.83,2.207,0.001,0.234,1.074,,,6.442,91.7,7664,0,0,0,0,145,14,9,189,309,True
656,1771515503.7867656,6912.776999990456,pawn_shop,2.741,2.159,1.6324,1.0472,480,320,0.665,1.256,0.36,0.896,0.914,2.457,0.001,0.257,1.086,,,6.842,91.7,7667,0,0,0,0,145,14,9,187,307,True
657,1771515503.7977676,6923.8813999982085,pawn_shop,2.694,2.2,1.6324,1.0472,480,320,0.665,1.229,0.356,0.873,0.845,2.648,0.001,0.245,1.085,,,6.923,91.7,7668,0,0,0,0,145,14,9,186,306,True
658,1771515503.8087704,6934.876600003918,pawn_shop,2.647,2.242,1.6124,1.0472,480,320,0.694,1.266,0.359,0.907,0.836,3.017,0.001,0.238,1.067,,,7.33,91.7,7674,0,0,0,0,145,14,9,187,307,True
659,1771515503.8187726,6944.934999992256,pawn_shop,2.601,2.284,1.5484,1.0472,480,320,0.704,1.273,0.365,0.908,0.854,3.684,0.001,0.272,1.116,,,8.143,91.7,7676,0,0,0,0,145,14,11,194,314,True
660,1771515503.828775,6955.051299999468,pawn_shop,2.557,2.327,1.4884,1.0472,480,320,0.84,1.384,0.421,0.962,0.879,4.325,0.002,0.361,1.178,,,9.283,98.0,7678,0,0,0,0,145,14,11,200,320,True
661,1771515503.8407774,6966.312399992603,pawn_shop,2.513,2.371,1.4684,1.0472,480,320,0.879,1.399,0.436,0.963,0.867,5.13,0.002,0.329,1.142,,,10.061,98.0,7679,0,0,0,0,145,14,11,201,321,True
662,1771515503.85278,6978.2032999937655,pawn_shop,2.468,2.418,1.4604,1.0472,480,320,0.781,1.416,0.452,0.964,0.967,1.756,0.001,0.359,1.139,,,6.676,98.0,7680,0,0,0,0,145,14,10,201,321,True
663,1771515503.8627827,6988.093599997228,pawn_shop,2.434,2.467,1.4364,1.0472,480,320,0.801,1.432,0.464,0.968,0.889,1.752,0.001,0.309,1.115,,,6.537,98.0,7681,0,0,0,0,145,14,10,204,324,True
664,1771515503.8727849,6999.040900002001,pawn_shop,2.409,2.519,1.3884,1.0472,480,320,0.775,1.429,0.462,0.967,0.903,1.806,0.001,0.335,1.151,,,6.724,98.0,7681,0,0,0,0,145,14,11,209,329,True
665,1771515503.8837876,7009.164699993562,pawn_shop,2.392,2.572,1.3044,1.0472,480,320,0.736,1.433,0.46,0.973,0.913,1.819,0.001,0.289,1.089,,,6.487,98.0,7682,0,0,0,0,145,14,11,218,338,True
666,1771515503.892789,7018.975200000568,pawn_shop,2.383,2.626,1.2124,1.0472,480,320,0.732,1.409,0.429,0.98,0.899,1.871,0.001,0.32,1.096,,,6.548,98.0,7684,0,0,0,0,145,14,11,222,342,True
667,1771515503.9047923,7030.154599997331,pawn_shop,2.38,2.681,1.0964,1.0472,480,320,0.696,1.431,0.428,1.003,0.892,1.904,0.001,0.268,1.067,,,6.465,98.0,7685,0,0,0,0,145,14,12,231,351,True
668,1771515503.9147937,7040.958899990073,pawn_shop,2.385,2.735,0.9724,1.0472,480,320,0.682,1.418,0.419,0.999,0.884,1.908,0.0,0.246,1.081,,,6.422,98.0,7687,0,0,0,0,145,14,12,233,353,True
669,1771515503.9257967,7051.953499991214,pawn_shop,2.398,2.789,0.8444,1.0472,480,320,0.658,1.381,0.408,0.972,0.886,1.808,0.001,0.236,1.083,,,6.255,98.0,7687,0,0,0,0,145,14,12,234,354,True
670,1771515503.9357994,7061.936199999764,pawn_shop,2.416,2.84,0.7324,1.0472,480,320,0.643,1.483,0.439,1.044,0.884,1.931,0.001,0.265,1.074,,,6.483,93.5,7689,0,0,0,0,145,14,12,266,386,True
671,1771515503.9468017,7073.013999994146,pawn_shop,2.442,2.889,0.6204,1.0472,480,320,0.67,1.63,0.488,1.143,0.873,2.056,0.001,0.292,1.092,,,6.824,93.5,7691,0,0,0,0,145,14,12,282,402,True
672,1771515503.9568038,7082.956899990677,pawn_shop,2.472,2.934,0.5364,1.0472,480,320,0.722,1.498,0.454,1.044,0.819,1.997,0.001,0.315,1.107,,,6.69,93.5,7692,0,0,0,0,145,14,12,270,390,True
673,1771515503.9678066,7094.000299999607,pawn_shop,2.508,2.976,0.4644,1.0472,480,320,0.718,1.556,0.474,1.082,0.807,2.044,0.001,0.281,1.101,,,6.717,93.5,7694,0,0,0,0,145,14,12,267,387,True
674,1771515503.9788086,7104.974699992454,pawn_shop,2.548,3.016,0.4164,1.0472,480,320,0.655,1.463,0.434,1.029,0.756,1.98,0.001,0.205,1.078,,,6.342,93.5,7696,0,0,0,0,145,14,12,262,382,True
675,1771515503.9898112,7115.927099992405,pawn_shop,2.593,3.053,0.4004,1.0472,480,320,0.764,1.527,0.462,1.065,0.754,2.007,0.001,0.287,1.104,,,6.65,93.5,7697,0,0,0,0,145,14,11,262,382,True
676,1771515504.0008135,7126.90059999295,pawn_shop,2.64,3.087,0.3924,1.0472,480,320,0.662,1.435,0.431,1.004,0.758,1.975,0.001,0.271,1.083,,,6.393,93.5,7697,0,0,0,0,145,14,11,262,382,True
677,1771515504.010816,7136.896900003194,pawn_shop,2.689,3.119,0.3884,1.0472,480,320,0.651,1.438,0.432,1.006,0.77,1.977,0.001,0.219,1.088,,,6.346,93.5,7697,0,0,0,0,145,14,11,262,382,True
678,1771515504.0208182,7146.846399991773,pawn_shop,2.74,3.15,0.3884,1.0472,480,320,0.659,1.488,0.441,1.047,0.767,2.034,0.001,0.237,1.094,,,6.493,93.5,7700,0,0,0,0,145,14,11,270,390,True
679,1771515504.0308204,7156.840600000578,pawn_shop,2.791,3.178,0.3884,1.0472,480,320,0.672,1.468,0.434,1.034,0.785,2.053,0.001,0.278,1.087,,,6.573,93.5,7700,0,0,0,0,145,14,11,268,388,True
680,1771515504.041823,7167.9142999928445,pawn_shop,2.844,3.207,0.3844,1.0472,480,320,0.744,1.552,0.475,1.076,0.773,2.059,0.001,0.278,1.068,,,6.674,94.3,7702,0,0,0,0,145,14,11,269,389,True
681,1771515504.0528257,7178.854899990256,pawn_shop,2.899,3.234,0.3844,1.0472,480,320,0.703,1.481,0.452,1.029,0.767,2.044,0.001,0.256,1.065,,,6.527,94.3,7703,0,0,0,0,145,14,11,269,389,True
682,1771515504.0638282,7189.8526000004495,pawn_shop,2.955,3.261,0.3844,1.0472,480,320,0.751,1.5,0.449,1.051,0.807,2.059,0.001,0.266,1.062,,,6.654,94.3,7705,0,0,0,0,145,14,11,271,391,True
683,1771515504.0748303,7200.903199991444,pawn_shop,3.012,3.288,0.3804,1.0472,480,320,0.746,1.49,0.449,1.041,0.776,2.039,0.001,0.291,1.053,,,6.597,94.3,7708,0,0,0,0,145,14,11,271,391,True
684,1771515504.085833,7211.840799995116,pawn_shop,3.07,3.314,0.3804,1.0472,480,320,0.723,1.459,0.436,1.023,0.795,2.053,0.001,0.291,1.047,,,6.572,94.3,7710,0,0,0,0,145,14,10,272,392,True
685,1771515504.0968354,7222.886499992455,pawn_shop,3.128,3.34,0.3804,1.0472,480,320,0.769,1.633,0.497,1.136,0.794,2.098,0.001,0.277,1.064,,,6.844,94.3,7718,0,0,0,0,145,14,10,273,393,True
686,1771515504.107838,7233.868299997994,pawn_shop,3.187,3.365,0.3804,1.0472,480,320,0.711,1.562,0.455,1.106,0.8,2.087,0.001,0.232,1.056,,,6.656,94.3,7724,0,0,0,0,145,14,10,274,394,True
687,1771515504.1188402,7244.86259999685,pawn_shop,3.247,3.391,0.3804,1.0472,480,320,0.548,1.519,0.446,1.072,0.799,2.062,0.001,0.211,1.056,,,6.41,94.3,7730,0,0,0,0,145,14,9,275,395,True
688,1771515504.1288426,7254.857199994149,pawn_shop,3.305,3.415,0.3804,1.0472,480,320,0.513,1.552,0.443,1.109,0.822,2.005,0.001,0.183,1.038,,,6.314,94.3,7740,0,0,0,0,145,14,9,275,395,True
689,1771515504.1388447,7265.091699999175,pawn_shop,3.364,3.439,0.3684,1.0472,480,320,0.683,1.632,0.44,1.192,0.798,2.041,0.001,0.276,1.052,,,6.691,94.3,7761,0,0,0,0,145,14,9,274,394,True
690,1771515504.1498473,7275.962799991248,pawn_shop,3.423,3.463,0.3484,1.0472,480,320,0.69,1.704,0.444,1.26,0.82,1.996,0.001,0.241,1.046,,,6.702,92.6,7788,0,0,0,0,145,14,9,269,389,True
691,1771515504.1608498,7286.9652999943355,pawn_shop,3.482,3.487,0.3244,1.0472,480,320,0.535,1.665,0.426,1.239,0.806,1.958,0.001,0.276,1.044,,,6.488,92.6,7815,0,0,0,0,145,14,9,262,382,True
692,1771515504.1718524,7297.959899995476,pawn_shop,3.543,3.509,0.2964,1.0472,480,320,0.672,1.589,0.422,1.167,0.797,1.943,0.001,0.286,1.045,,,6.528,92.6,7833,0,0,0,0,145,14,9,258,378,True
693,1771515504.1828547,7308.960099995602,pawn_shop,3.603,3.531,0.2724,1.0472,480,320,0.539,1.595,0.426,1.169,0.757,1.945,0.001,0.232,1.043,,,6.34,92.6,7852,0,0,0,0,145,14,9,255,375,True
694,1771515504.192857,7318.947699997807,pawn_shop,3.664,3.551,0.2604,1.0472,480,320,0.532,1.63,0.43,1.2,0.766,1.903,0.001,0.217,1.053,,,6.306,92.6,7875,0,0,0,0,145,14,9,254,374,True
695,1771515504.2028592,7329.024199993,pawn_shop,3.722,3.561,0.2484,1.0472,480,320,0.563,1.571,0.419,1.151,0.757,1.904,0.001,0.274,1.033,,,6.306,92.6,7893,0,0,0,0,145,14,9,251,371,True
696,1771515504.2128615,7338.926900003571,pawn_shop,3.78,3.563,0.2364,1.0472,480,320,0.508,1.55,0.414,1.136,0.75,1.879,0.001,0.226,1.046,,,6.157,92.6,7911,0,0,0,0,145,14,9,248,368,True
697,1771515504.2248645,7350.217799990787,pawn_shop,3.836,3.559,0.2324,1.0472,480,320,0.751,1.649,0.478,1.17,0.769,1.926,0.001,0.281,1.043,,,6.633,92.6,7925,0,0,0,0,145,14,9,247,367,True
698,1771515504.2328668,7358.432799999719,pawn_shop,3.891,3.549,0.2284,1.0472,480,320,0.534,1.51,0.417,1.093,0.735,1.859,0.001,0.188,1.048,,,6.065,92.6,7938,0,0,0,0,145,14,9,242,362,True
699,1771515504.2438686,7369.9294999969425,pawn_shop,3.946,3.535,0.2284,1.0472,480,320,0.524,1.478,0.415,1.063,0.731,1.885,0.001,0.271,1.056,,,6.138,92.6,7948,0,0,0,0,145,14,9,242,362,True
700,1771515504.253871,7379.878599997028,pawn_shop,4.0,3.518,0.2284,1.0472,480,320,0.497,1.403,0.404,0.999,0.717,1.874,0.001,0.226,1.039,,,5.951,96.2,7954,0,0,0,0,145,14,9,237,357,True
701,1771515504.2648735,7390.939199991408,pawn_shop,4.055,3.497,0.2244,1.0472,480,320,0.528,1.413,0.414,0.999,0.718,1.849,0.001,0.221,1.051,,,5.978,96.2,7958,0,0,0,0,145,14,9,232,352,True
702,1771515504.2748756,7400.886999996146,pawn_shop,4.109,3.474,0.2244,1.0472,480,320,0.507,1.338,0.399,0.939,0.687,1.818,0.001,0.23,1.035,,,5.806,96.2,7959,0,0,0,0,145,14,9,226,346,True
703,1771515504.285878,7411.890999996103,pawn_shop,4.163,3.449,0.2244,1.0472,480,320,0.495,1.328,0.39,0.938,0.681,1.786,0.001,0.268,1.04,,,5.801,96.2,7961,0,0,0,0,145,14,9,220,340,True
704,1771515504.2968805,7422.897299999022,pawn_shop,4.218,3.422,0.2244,1.0472,480,320,0.504,1.291,0.382,0.91,0.688,1.729,0.001,0.19,1.038,,,5.633,96.2,7962,0,0,0,0,145,14,9,213,333,True
705,1771515504.307883,7433.88359999517,pawn_shop,4.273,3.394,0.2244,1.0472,480,320,0.524,1.265,0.368,0.897,0.681,1.689,0.001,0.289,1.043,,,5.694,96.2,7963,0,0,0,0,145,14,9,207,327,True
706,1771515504.3188853,7444.934600003762,pawn_shop,4.328,3.364,0.2244,1.0472,480,320,0.497,1.232,0.36,0.872,0.674,1.708,0.001,0.234,1.037,,,5.576,96.2,7963,0,0,0,0,145,14,9,201,321,True
707,1771515504.329888,7455.974199998309,pawn_shop,4.383,3.333,0.2324,1.0472,480,320,0.53,1.265,0.379,0.886,0.658,1.72,0.001,0.198,1.037,,,5.601,96.2,7963,0,0,0,0,145,14,9,201,321,True
708,1771515504.3408904,7466.9718999939505,pawn_shop,4.439,3.302,0.2444,1.0472,480,320,0.498,1.209,0.357,0.852,0.659,1.712,0.001,0.266,1.037,,,5.576,96.2,7963,0,0,0,0,145,14,9,199,319,True
709,1771515504.351893,7478.0449999962,pawn_shop,4.495,3.302,0.2524,1.0472,480,320,0.567,1.388,0.413,0.975,0.675,1.78,0.001,0.251,1.06,,,5.918,96.2,7964,0,0,0,0,145,14,9,203,323,True
710,1771515504.3618953,7488.005399995018,pawn_shop,4.55,3.302,0.2684,1.0472,480,320,0.506,1.25,0.371,0.88,0.668,1.748,0.001,0.238,1.038,,,5.596,92.6,7964,0,0,0,0,145,14,9,204,324,True
711,1771515504.3728979,7498.980799995479,pawn_shop,4.606,3.302,0.2804,1.0472,480,320,0.499,1.241,0.367,0.874,0.674,1.752,0.001,0.243,1.048,,,5.603,92.6,7964,0,0,0,0,145,14,9,206,326,True
712,1771515504.3839002,7509.977900001104,pawn_shop,4.662,3.302,0.2924,1.0472,480,320,0.487,1.221,0.362,0.859,0.689,1.753,0.001,0.256,1.036,,,5.647,92.6,7964,0,0,0,0,145,14,9,207,327,True
713,1771515504.3949032,7521.101699996507,pawn_shop,4.718,3.302,0.3084,1.0472,480,320,0.578,1.45,0.447,1.002,0.759,2.138,0.002,0.355,1.133,,,6.723,92.6,7964,0,0,0,0,145,14,9,209,329,True
714,1771515504.4049053,7531.073499994818,pawn_shop,4.774,3.302,0.3204,1.0472,480,320,0.611,1.457,0.473,0.984,0.779,1.894,0.001,0.35,1.097,,,6.455,92.6,7964,0,0,0,0,145,14,9,211,331,True
715,1771515504.4159079,7542.067899994436,pawn_shop,4.831,3.302,0.3364,1.0472,480,320,0.589,1.421,0.448,0.973,0.748,1.983,0.001,0.349,1.1,,,6.427,92.6,7964,0,0,0,0,145,14,8,213,333,True
716,1771515504.42691,7553.097700001672,pawn_shop,4.888,3.302,0.3564,1.0472,480,320,0.623,1.496,0.487,1.009,0.798,1.972,0.001,0.348,1.135,,,6.648,92.6,7964,0,0,0,0,145,14,8,217,337,True
717,1771515504.4369123,7563.113500000327,pawn_shop,4.945,3.302,0.3764,1.0472,480,320,0.603,1.502,0.474,1.028,0.792,1.979,0.001,0.368,1.168,,,6.743,92.6,7965,0,0,0,0,145,14,8,220,340,True
718,1771515504.4469147,7573.110999990604,pawn_shop,5.002,3.302,0.3964,1.0472,480,320,0.626,1.495,0.483,1.012,0.807,1.983,0.001,0.3,1.092,,,6.528,92.6,7966,0,0,0,0,145,14,8,222,342,True
719,1771515504.457917,7584.086000002571,pawn_shop,5.059,3.302,0.4244,1.0472,480,320,0.525,1.339,0.399,0.941,0.796,1.977,0.001,0.214,1.1,,,6.164,92.6,7966,0,0,0,0,145,14,8,223,343,True
720,1771515504.4679193,7594.0453999937745,pawn_shop,5.117,3.302,0.4484,1.0472,480,320,0.516,1.331,0.395,0.937,0.816,1.961,0.001,0.246,1.079,,,6.17,94.3,7966,0,0,0,0,145,14,8,225,345,True
721,1771515504.4779215,7604.045200001565,pawn_shop,5.174,3.302,0.4764,1.0472,480,320,0.53,1.338,0.394,0.945,0.845,2.004,0.001,0.269,1.087,,,6.319,94.3,7966,0,0,0,0,145,14,8,228,348,True
722,1771515504.4879236,7614.079499995569,pawn_shop,5.232,3.302,0.5164,1.0472,480,320,0.533,1.382,0.404,0.978,0.878,2.016,0.001,0.207,1.082,,,6.311,94.3,7966,0,0,0,0,145,14,8,231,351,True
723,1771515504.4979262,7624.067800003104,pawn_shop,5.289,3.302,0.5524,1.0472,480,320,0.51,1.35,0.4,0.95,0.878,2.036,0.001,0.229,1.071,,,6.318,94.3,7966,0,0,0,0,145,14,8,234,354,True
724,1771515504.5079284,7634.069699997781,pawn_shop,5.347,3.283,0.5924,1.0472,480,320,0.519,1.354,0.401,0.953,0.919,2.039,0.001,0.232,1.071,,,6.353,94.3,7966,0,0,0,0,145,14,8,237,357,True
725,1771515504.5179305,7644.090599991614,pawn_shop,5.405,3.266,0.6284,1.0472,480,320,0.525,1.394,0.409,0.984,0.881,2.076,0.001,0.211,1.063,,,6.355,94.3,7967,0,0,0,0,145,14,8,238,358,True
726,1771515504.527933,7654.076199993142,pawn_shop,5.463,3.251,0.6644,1.0472,480,320,0.534,1.388,0.408,0.98,0.861,2.092,0.001,0.225,1.093,,,6.403,94.3,7967,0,0,0,0,145,14,8,233,353,True
727,1771515504.5389361,7665.112499991665,pawn_shop,5.523,3.237,0.7044,1.0472,480,320,0.574,1.466,0.407,1.059,0.86,2.105,0.001,0.279,1.101,,,6.606,94.3,7968,0,0,0,0,145,14,8,219,339,True
728,1771515504.5489378,7675.110600001062,pawn_shop,5.583,3.225,0.7324,1.0472,480,320,0.517,1.269,0.371,0.898,0.798,2.063,0.001,0.276,1.08,,,6.217,94.3,7968,0,0,0,0,145,14,8,207,327,True
729,1771515504.5589397,7685.093099993537,pawn_shop,5.643,3.215,0.7604,1.0472,480,320,0.524,1.253,0.369,0.884,0.779,1.991,0.001,0.221,1.067,,,6.043,94.3,7968,0,0,0,0,145,14,8,197,317,True
730,1771515504.5689418,7695.055799995316,pawn_shop,5.702,3.207,0.7804,1.0472,480,320,0.509,1.182,0.346,0.836,0.796,1.921,0.001,0.278,1.085,,,5.973,99.0,7968,0,0,0,0,145,14,8,185,305,True
731,1771515504.5789442,7705.068700000993,pawn_shop,5.762,3.201,0.8044,1.0472,480,320,0.502,1.143,0.334,0.809,0.733,1.917,0.001,0.207,1.07,,,5.77,99.0,7968,0,0,0,0,145,14,9,171,291,True
732,1771515504.5889463,7715.054200001759,pawn_shop,5.822,3.196,0.8244,1.0472,480,320,0.51,1.122,0.323,0.798,0.729,1.92,0.001,0.237,1.071,,,5.79,99.0,7968,0,0,0,0,145,14,9,163,283,True
733,1771515504.5989487,7725.050799999735,pawn_shop,5.882,3.193,0.8444,1.0472,480,320,0.525,1.135,0.329,0.806,0.662,2.021,0.001,0.235,1.086,,,5.868,99.0,7968,0,0,0,0,145,14,9,162,282,True
734,1771515504.6089516,7735.141500001191,pawn_shop,5.942,3.191,0.8644,1.0472,480,320,0.587,1.212,0.365,0.848,0.706,2.142,0.001,0.285,1.09,,,6.23,99.0,7968,0,0,0,0,145,14,9,159,279,True
735,1771515504.6199536,7746.20270000014,pawn_shop,6.003,3.191,0.8884,1.0472,480,320,0.51,1.081,0.309,0.773,0.668,2.133,0.001,0.266,1.072,,,5.934,99.0,7968,0,0,0,0,145,14,9,154,274,True
736,1771515504.6299555,7756.160499993712,pawn_shop,6.063,3.192,0.9124,1.0472,480,320,0.536,1.096,0.315,0.781,0.688,2.241,0.001,0.219,1.058,,,6.039,99.0,7968,0,0,0,0,145,14,9,152,272,True
737,1771515504.639958,7766.080499990494,pawn_shop,6.124,3.195,0.9364,1.0472,480,320,0.514,1.087,0.305,0.782,0.682,2.36,0.001,0.264,1.065,,,6.169,99.0,7969,0,0,0,0,145,14,8,148,268,True
738,1771515504.6499605,7776.248900001519,pawn_shop,6.184,3.199,0.9604,1.0472,480,320,0.527,1.082,0.307,0.775,0.689,2.447,0.001,0.218,1.063,,,6.232,99.0,7970,0,0,0,0,145,14,8,145,265,True
739,1771515504.6609628,7787.120699998923,pawn_shop,6.245,3.205,0.9964,1.0472,480,320,0.513,1.09,0.304,0.785,0.706,2.534,0.001,0.243,1.068,,,6.353,99.0,7974,0,0,0,0,145,14,8,138,258,True
740,1771515504.6709652,7797.194500002661,pawn_shop,6.306,3.212,1.0324,1.0472,480,320,0.537,1.094,0.299,0.796,0.698,2.686,0.001,0.239,1.071,,,6.523,98.0,7980,0,0,0,0,145,14,8,131,251,True
741,1771515504.6819675,7808.133700003964,pawn_shop,6.367,3.222,1.0764,1.0472,480,320,0.531,1.091,0.29,0.801,0.702,2.784,0.001,0.216,1.067,,,6.583,98.0,7988,0,0,0,0,145,14,9,122,242,True
742,1771515504.69297,7819.155399993178,pawn_shop,6.428,3.233,1.1204,1.0472,480,320,0.54,1.01,0.286,0.725,0.691,2.661,0.001,0.256,1.07,,,6.424,98.0,7990,0,0,0,0,145,14,9,114,234,True
743,1771515504.7039726,7830.209899999318,pawn_shop,6.489,3.248,1.1724,1.0472,480,320,0.537,1.036,0.274,0.762,0.708,2.583,0.001,0.215,1.079,,,6.353,98.0,7996,0,0,0,0,145,14,9,108,228,True
744,1771515504.7149749,7841.194900000119,pawn_shop,6.55,3.264,1.2244,1.0472,480,320,0.567,1.046,0.296,0.75,0.667,2.448,0.001,0.299,1.072,,,6.299,98.0,8000,0,0,0,0,145,14,9,100,220,True
745,1771515504.7259777,7852.168299999903,pawn_shop,6.611,3.284,1.2764,1.0472,480,320,0.548,1.025,0.27,0.756,0.735,2.262,0.001,0.233,1.071,,,6.069,98.0,8007,0,0,0,0,145,14,9,95,215,True
746,1771515504.7359798,7862.22139999154,pawn_shop,6.67,3.306,1.3244,1.0472,480,320,0.581,1.088,0.275,0.813,0.677,2.065,0.001,0.281,1.074,,,5.971,98.0,9,8007,0,0,0,145,14,9,89,209,True
747,1771515504.745982,7872.2214000008535,pawn_shop,6.719,3.335,1.3764,1.0472,480,320,0.632,1.02,0.247,0.773,0.657,5.25,0.002,0.304,1.141,,,9.27,98.0,18,8007,0,0,0,145,14,8,82,202,True
748,1771515504.757985,7883.324599999469,pawn_shop,6.761,3.37,1.4324,1.0472,480,320,0.781,1.083,0.266,0.816,0.65,0.939,0.001,0.271,1.07,,,4.987,98.0,34,8007,0,0,0,145,14,6,73,193,True
749,1771515504.7669868,7893.122499997844,pawn_shop,6.796,3.411,1.4764,1.0472,480,320,0.671,1.006,0.219,0.786,0.628,0.896,0.001,0.27,1.068,,,4.725,98.0,55,8007,0,0,0,145,14,6,65,185,True
750,1771515504.7779891,7904.240899995784,pawn_shop,6.825,3.456,1.5284,1.0472,480,320,0.724,0.969,0.209,0.76,0.607,0.825,0.001,0.193,1.078,,,4.587,93.5,75,8007,0,0,0,145,14,6,54,174,True
751,1771515504.7879913,7914.1306999954395,pawn_shop,6.848,3.504,1.5724,1.0472,480,320,0.725,0.979,0.218,0.761,0.688,0.832,0.001,0.218,1.085,,,4.718,93.5,93,8007,0,0,0,145,14,5,54,174,True
752,1771515504.797994,7924.129299994092,pawn_shop,6.867,3.555,1.6124,1.0472,480,320,0.725,1.001,0.221,0.78,0.65,0.863,0.001,0.189,1.067,,,4.683,93.5,114,8007,0,0,0,145,14,6,54,174,True
753,1771515504.8079958,7934.1427000035765,pawn_shop,6.881,3.607,1.6524,1.0472,480,320,0.536,0.978,0.221,0.758,0.67,0.88,0.001,0.18,1.084,,,4.518,93.5,134,8007,0,0,0,145,14,6,56,176,True
754,1771515504.8189983,7945.139199990081,pawn_shop,6.891,3.661,1.6964,1.0472,480,320,0.496,0.926,0.218,0.708,0.671,0.879,0.001,0.24,1.057,,,4.458,93.5,151,8007,0,0,0,145,14,6,57,177,True
755,1771515504.8300009,7956.13730000332,pawn_shop,6.897,3.661,1.7364,1.0472,480,320,0.534,0.93,0.224,0.706,0.678,0.896,0.001,0.216,1.065,,,4.507,93.5,165,8007,0,0,0,145,14,6,57,177,True
756,1771515504.842004,7967.41800000018,pawn_shop,6.899,3.661,1.7644,1.0472,480,320,0.496,0.842,0.211,0.631,0.679,0.884,0.001,0.272,1.057,,,4.415,93.5,170,8007,0,0,0,145,14,6,57,177,True
757,1771515504.8510058,7977.073399990331,pawn_shop,6.899,3.661,1.7764,1.0472,480,320,0.503,0.832,0.21,0.623,0.653,0.893,0.001,0.198,1.062,,,4.341,93.5,173,8007,0,0,0,145,14,6,56,176,True
758,1771515504.861008,7987.082999999984,pawn_shop,6.896,3.661,1.7884,1.0472,480,320,0.528,0.878,0.232,0.646,0.648,0.915,0.001,0.259,1.087,,,4.516,93.5,175,8007,0,0,0,145,14,6,58,178,True
759,1771515504.8720107,7998.084399994696,pawn_shop,6.891,3.661,1.7924,1.0472,480,320,0.516,0.833,0.222,0.611,0.646,0.896,0.001,0.262,1.06,,,4.412,93.5,176,8007,0,0,0,145,14,6,58,178,True
760,1771515504.8820126,8008.023200003663,pawn_shop,6.885,3.661,1.7924,1.0472,480,320,0.486,0.819,0.209,0.61,0.638,0.884,0.001,0.176,1.054,,,4.252,96.2,178,8007,0,0,0,145,14,6,57,177,True
761,1771515504.8920152,8018.010200001299,pawn_shop,6.877,3.661,1.7924,1.0472,480,320,0.49,0.816,0.213,0.603,0.603,0.878,0.001,0.257,1.053,,,4.294,96.2,180,8007,0,0,0,145,14,6,57,177,True
762,1771515504.9020174,8028.057899995474,pawn_shop,6.868,3.661,1.7964,1.0472,480,320,0.49,0.798,0.208,0.59,0.591,0.883,0.001,0.248,1.071,,,4.274,96.2,182,8007,0,0,0,145,14,6,58,178,True
763,1771515504.9120197,8038.0629999999655,pawn_shop,6.859,3.661,1.7964,1.0472,480,320,0.56,0.895,0.249,0.646,0.578,0.905,0.001,0.25,1.058,,,4.438,96.2,183,8007,0,0,0,145,14,6,58,178,True
764,1771515504.923022,8049.03860000195,pawn_shop,6.848,3.661,1.7964,1.0472,480,320,0.521,0.815,0.215,0.6,0.556,0.866,0.001,0.277,1.048,,,4.283,96.2,184,8007,0,0,0,145,14,6,58,178,True
765,1771515504.9330242,8059.078099991893,pawn_shop,6.837,3.661,1.8004,1.0472,480,320,0.483,0.805,0.211,0.594,0.536,0.878,0.001,0.281,1.05,,,4.23,96.2,185,8007,0,0,0,145,14,6,59,179,True
766,1771515504.9430268,8069.140499996138,pawn_shop,6.818,3.661,1.8004,1.0472,480,320,0.512,0.831,0.213,0.617,0.549,0.874,0.001,0.222,1.052,,,4.234,96.2,188,8007,0,0,0,145,14,6,59,179,True
767,1771515504.9530294,8079.064499994274,pawn_shop,6.793,3.661,1.8004,1.0472,480,320,0.57,0.882,0.243,0.639,0.532,0.919,0.001,0.33,1.096,,,4.558,96.2,188,8007,0,0,0,145,14,6,59,179,True
768,1771515504.9630318,8089.087300002575,pawn_shop,6.764,3.661,1.8004,1.0472,480,320,0.59,0.918,0.254,0.665,0.508,0.914,0.001,0.333,1.069,,,4.544,96.2,190,8007,0,0,0,145,14,6,59,179,True
769,1771515504.974034,8100.096699999995,pawn_shop,6.729,3.661,1.8004,1.0472,480,320,0.575,0.918,0.257,0.661,0.501,0.918,0.001,0.341,1.063,,,4.531,96.2,191,8007,0,0,0,145,14,6,59,179,True
770,1771515504.9840362,8110.10510000051,pawn_shop,6.692,3.704,1.8004,1.0472,480,320,0.584,0.908,0.264,0.644,0.472,0.914,0.002,0.346,1.109,,,4.572,98.0,191,8007,0,0,0,145,14,6,56,176,True
771,1771515504.9940388,8120.147399997222,pawn_shop,6.652,3.744,1.8004,1.0472,480,320,0.596,1.019,0.262,0.757,0.456,0.903,0.001,0.315,1.101,,,4.61,98.0,206,8007,0,0,0,145,14,6,55,175,True
772,1771515505.0040407,8130.176299993764,pawn_shop,6.61,3.782,1.8004,1.0472,480,320,0.626,0.992,0.262,0.73,0.475,0.896,0.001,0.334,1.09,,,4.653,98.0,211,8007,0,0,0,145,14,6,55,175,True
773,1771515505.0140426,8140.104199992493,pawn_shop,6.566,3.82,1.8004,1.0472,480,320,0.553,0.895,0.235,0.66,0.46,0.859,0.001,0.271,1.059,,,4.302,98.0,216,8007,0,0,0,145,14,6,56,176,True
774,1771515505.0240448,8150.057499995455,pawn_shop,6.522,3.856,1.8004,1.0472,480,320,0.513,0.869,0.23,0.639,0.465,0.87,0.001,0.2,1.054,,,4.167,98.0,220,8007,0,0,0,145,14,6,59,179,True
775,1771515505.0340471,8160.093799990136,pawn_shop,6.475,3.891,1.7964,1.0472,480,320,0.517,0.944,0.222,0.722,0.489,0.865,0.001,0.235,1.052,,,4.301,98.0,235,8007,0,0,0,145,14,6,62,182,True
776,1771515505.0440497,8170.119799993699,pawn_shop,6.429,3.926,1.7964,1.0472,480,320,0.554,1.027,0.245,0.782,0.519,0.915,0.001,0.3,1.062,,,4.587,98.0,254,8007,0,0,0,145,14,6,65,185,True
777,1771515505.0550516,8181.17739999434,pawn_shop,6.387,3.966,1.7964,1.0472,480,320,0.532,0.965,0.232,0.733,0.543,0.909,0.001,0.264,1.052,,,4.466,98.0,267,8007,0,0,0,145,14,6,68,188,True
778,1771515505.066054,8192.104000001564,pawn_shop,6.35,4.011,1.7924,1.0472,480,320,0.531,1.001,0.236,0.765,0.557,0.909,0.001,0.23,1.06,,,4.489,98.0,284,8007,0,0,0,145,14,6,70,190,True
779,1771515505.0770564,8203.104699990945,pawn_shop,6.318,4.059,1.7884,1.0472,480,320,0.503,1.005,0.23,0.775,0.573,0.889,0.001,0.257,1.025,,,4.448,98.0,306,8007,0,0,0,145,14,6,70,190,True
780,1771515505.0870588,8213.114199999836,pawn_shop,6.318,4.109,1.7844,1.0472,480,320,0.51,0.998,0.224,0.774,0.577,0.89,0.001,0.186,1.028,,,4.324,97.1,325,8007,0,0,0,145,14,6,67,187,True
781,1771515505.0970612,8223.102599993581,pawn_shop,6.318,4.16,1.7804,1.0472,480,320,0.503,0.986,0.213,0.772,0.533,0.862,0.001,0.26,1.03,,,4.313,97.1,349,8007,0,0,0,145,14,6,63,183,True
782,1771515505.1070633,8233.115900002304,pawn_shop,6.318,4.214,1.7764,1.0472,480,320,0.518,0.993,0.222,0.771,0.526,0.855,0.001,0.236,1.046,,,4.31,97.1,372,8007,0,0,0,145,14,5,58,178,True
783,1771515505.1170657,8243.12669999199,pawn_shop,6.318,4.268,1.7724,1.0472,480,320,0.53,1.059,0.231,0.828,0.505,0.832,0.001,0.285,1.053,,,4.407,97.1,401,8007,0,0,0,145,14,5,54,174,True
784,1771515505.1280684,8254.155699993134,pawn_shop,6.318,4.324,1.7644,1.0472,480,320,0.531,1.004,0.221,0.783,0.467,0.821,0.001,0.276,1.046,,,4.284,97.1,426,8007,0,0,0,145,14,5,49,169,True
785,1771515505.1380708,8264.133699995,pawn_shop,6.318,4.38,1.7604,1.0472,480,320,0.527,0.932,0.205,0.727,0.45,0.79,0.001,0.169,1.033,,,4.035,97.1,448,8007,0,0,0,145,14,5,45,165,True
786,1771515505.1480727,8274.123299997882,pawn_shop,6.301,4.437,1.7564,1.0472,480,320,0.526,0.914,0.193,0.721,0.437,0.804,0.001,0.218,1.032,,,4.112,97.1,472,8007,0,0,0,145,14,5,43,163,True
787,1771515505.1580753,8284.147200000007,pawn_shop,6.301,4.495,1.7524,1.0472,480,320,0.547,0.838,0.203,0.635,0.422,0.782,0.001,0.22,1.043,,,4.033,97.1,482,8007,0,0,0,145,14,5,36,156,True
788,1771515505.1680772,8294.154699993669,pawn_shop,6.301,4.552,1.7484,1.0472,480,320,0.576,0.793,0.19,0.603,0.42,0.763,0.001,0.192,1.035,,,3.958,97.1,490,8007,0,0,0,145,14,5,29,149,True
789,1771515505.17808,8304.109099990455,pawn_shop,6.301,4.61,1.7444,1.0472,480,320,0.501,0.679,0.165,0.513,0.412,0.69,0.001,0.212,1.038,,,3.705,97.1,492,8007,0,0,0,145,14,5,20,140,True
790,1771515505.1890821,8315.16250000277,pawn_shop,6.301,4.67,1.7364,1.0472,480,320,0.508,0.686,0.168,0.518,0.298,0.627,0.001,0.243,1.049,,,3.589,98.0,494,8007,0,0,0,145,14,5,16,136,True
791,1771515505.1990843,8325.192499993136,pawn_shop,6.301,4.729,1.7204,1.0472,480,320,0.504,0.681,0.17,0.51,0.29,0.629,0.001,0.254,1.061,,,3.596,98.0,495,8007,0,0,0,145,14,5,16,136,True
792,1771515505.2100868,8336.17100000265,pawn_shop,6.301,4.789,1.7084,1.0472,480,320,0.522,0.695,0.167,0.528,0.288,0.619,0.001,0.232,1.053,,,3.586,98.0,498,8007,0,0,0,145,14,5,14,134,True
793,1771515505.2210894,8347.19309999491,pawn_shop,6.301,4.851,1.6884,1.0472,480,320,0.498,0.744,0.159,0.585,0.267,0.605,0.001,0.223,1.057,,,3.573,98.0,511,8007,0,0,0,145,14,5,11,131,True
794,1771515505.2330918,8359.324099990772,pawn_shop,6.301,4.912,1.6724,1.0472,480,320,0.528,0.743,0.159,0.584,0.251,0.591,0.001,0.285,1.055,,,3.631,98.0,523,8007,0,0,0,145,14,5,7,127,True
795,1771515505.2410939,8367.193899990525,pawn_shop,6.301,4.973,1.6564,1.0472,480,320,0.499,0.743,0.15,0.594,0.237,0.572,0.001,0.23,1.054,,,3.51,98.0,537,8007,0,0,0,145,14,5,4,124,True
796,1771515505.251096,8377.22070000018,pawn_shop,6.301,5.033,1.6444,1.0472,480,320,0.551,0.752,0.162,0.59,0.225,0.574,0.001,0.286,1.058,,,3.626,98.0,543,8007,0,0,0,145,14,5,1,121,True
797,1771515505.261098,8387.228499996127,pawn_shop,6.301,5.094,1.6324,1.0472,480,320,0.517,0.67,0.151,0.519,0.004,0.543,0.001,0.194,1.053,,,3.15,98.0,543,8007,0,0,0,145,14,5,0,120,True
798,1771515505.2711005,8397.18489999359,pawn_shop,6.301,5.154,1.6284,1.0472,480,320,0.522,0.665,0.149,0.516,0.004,0.55,0.001,0.193,1.062,,,3.163,98.0,543,8007,0,0,0,145,14,5,0,120,True
799,1771515505.281103,8407.154599990463,pawn_shop,6.301,5.214,1.6244,1.0472,480,320,0.485,0.657,0.143,0.514,0.003,0.547,0.001,0.269,1.056,,,3.187,98.0,543,8007,0,0,0,145,14,5,0,120,True
800,1771515505.291105,8417.109999994864,pawn_shop,6.301,5.275,1.6244,1.0472,480,320,0.508,0.672,0.148,0.524,0.003,0.566,0.001,0.192,1.053,,,3.163,98.0,543,8007,0,0,0,145,14,5,0,120,True
801,1771515505.3011072,8427.173599993694,pawn_shop,6.301,5.335,1.6244,1.0472,480,320,0.511,0.679,0.147,0.532,0.003,0.555,0.001,0.185,1.058,,,3.157,98.0,543,8007,0,0,0,145,14,5,0,120,True
802,1771515505.3111093,8437.206100003095,pawn_shop,6.296,5.395,1.6364,1.0472,480,320,0.547,0.722,0.15,0.572,0.004,0.563,0.0,0.195,1.055,,,3.257,98.0,545,8007,0,0,0,145,14,5,0,120,True
803,1771515505.321112,8447.217599998112,pawn_shop,6.291,5.455,1.6644,1.0472,480,320,0.518,0.696,0.148,0.548,0.004,0.567,0.001,0.21,1.068,,,3.233,98.0,545,8007,0,0,0,145,14,5,0,120,True
804,1771515505.3311143,8457.268700003624,pawn_shop,6.285,5.515,1.7084,1.0472,480,320,0.521,0.724,0.15,0.575,0.004,0.579,0.001,0.183,1.055,,,3.252,98.0,545,8007,0,0,0,145,14,5,0,120,True
805,1771515505.3421168,8467.465199995786,pawn_shop,6.279,5.574,1.7684,1.0472,480,320,0.499,0.715,0.148,0.567,0.003,0.576,0.001,0.182,1.071,,,3.23,98.0,545,8007,0,0,0,145,14,5,0,120,True
806,1771515505.352119,8478.260599993519,pawn_shop,6.27,5.635,1.8564,1.0472,480,320,0.517,0.78,0.157,0.623,0.234,0.585,0.001,0.264,1.06,,,3.632,98.0,549,8007,0,0,0,145,14,5,2,122,True
807,1771515505.362121,8488.34359999455,pawn_shop,6.252,5.689,1.9404,1.0472,480,320,0.516,0.845,0.153,0.692,0.221,0.502,0.001,0.266,1.071,,,3.597,98.0,563,8007,0,0,0,145,14,5,1,121,True
808,1771515505.3721235,8498.274999990826,pawn_shop,6.228,5.736,2.0324,1.0472,480,320,0.574,0.851,0.174,0.676,0.228,0.532,0.001,0.264,1.099,,,3.731,98.0,568,8007,0,0,0,145,14,5,3,123,True
809,1771515505.3821256,8508.323599991854,pawn_shop,6.197,5.777,2.1244,1.0472,480,320,0.542,0.854,0.167,0.687,0.224,0.551,0.001,0.186,1.067,,,3.609,98.0,580,8007,0,0,0,145,14,4,14,134,True
810,1771515505.392128,8518.286199992872,pawn_shop,6.161,5.812,2.2164,1.0472,480,320,0.593,0.93,0.186,0.744,0.222,0.593,0.001,0.208,1.079,,,3.81,99.0,592,8007,0,0,0,145,14,4,24,144,True
811,1771515505.4021301,8528.258099991945,pawn_shop,6.12,5.841,2.3124,1.0472,480,320,0.609,0.94,0.193,0.747,0.221,0.67,0.001,0.207,1.076,,,3.903,99.0,606,8007,0,0,0,145,14,4,35,155,True
812,1771515505.412133,8538.306999995257,pawn_shop,6.076,5.864,2.4044,1.0472,480,320,0.719,0.988,0.21,0.778,0.24,0.739,0.001,0.281,1.105,,,4.276,99.0,618,8007,0,0,0,145,14,6,41,161,True
813,1771515505.423135,8549.30769999919,pawn_shop,6.029,5.882,2.4964,1.0472,480,320,0.715,0.931,0.212,0.719,0.239,0.703,0.001,0.25,1.064,,,4.085,99.0,627,8007,0,0,0,145,14,5,41,161,True
814,1771515505.4331372,8559.28089999361,pawn_shop,5.979,5.894,2.5684,1.0472,480,320,0.648,0.881,0.198,0.683,0.242,0.698,0.001,0.273,1.073,,,3.998,99.0,636,8007,0,0,0,145,14,5,44,164,True
815,1771515505.4431393,8569.294599990826,pawn_shop,5.927,5.901,2.6284,1.0472,480,320,0.678,0.905,0.207,0.698,0.25,0.708,0.001,0.205,1.054,,,3.982,99.0,646,8007,0,0,0,145,14,5,46,166,True
816,1771515505.4531415,8579.240199993365,pawn_shop,5.875,5.903,2.6604,1.0472,480,320,0.656,0.928,0.203,0.726,0.262,0.727,0.001,0.241,1.042,,,4.038,99.0,661,8007,0,0,0,145,14,5,49,169,True
817,1771515505.4631438,8589.213400002336,pawn_shop,5.822,5.902,2.6644,1.0472,480,320,0.706,0.915,0.226,0.688,0.278,0.747,0.001,0.209,1.052,,,4.103,99.0,668,8007,0,0,0,145,14,5,52,172,True
818,1771515505.4731464,8599.193200003356,pawn_shop,5.768,5.897,2.6684,1.0472,480,320,0.658,0.907,0.22,0.686,0.285,0.752,0.001,0.209,1.04,,,4.045,99.0,678,8007,0,0,0,145,14,5,56,176,True
819,1771515505.4831483,8609.190599992871,pawn_shop,5.713,5.89,2.6724,1.0472,480,320,0.655,0.956,0.219,0.737,0.301,0.795,0.001,0.263,1.033,,,4.2,99.0,695,8007,0,0,0,145,14,5,58,178,True
820,1771515505.493151,8619.19849998958,pawn_shop,5.658,5.881,2.6764,1.0472,480,320,0.69,0.888,0.216,0.673,0.3,0.769,0.001,0.266,1.05,,,4.159,99.0,703,8007,0,0,0,145,14,5,58,178,True
821,1771515505.5031528,8629.211399995256,pawn_shop,5.603,5.87,2.6764,1.0472,480,320,0.743,0.984,0.248,0.736,0.291,0.798,0.001,0.263,1.064,,,4.332,99.0,712,8007,0,0,0,145,14,5,57,177,True
822,1771515505.513155,8639.186799991876,pawn_shop,5.548,5.857,2.6764,1.0472,480,320,0.707,0.936,0.24,0.696,0.292,0.782,0.001,0.284,1.065,,,4.259,99.0,717,8007,0,0,0,145,14,5,56,176,True
823,1771515505.5231574,8649.262399994768,pawn_shop,5.492,5.844,2.6804,1.0472,480,320,0.783,0.979,0.253,0.727,0.279,0.795,0.001,0.329,1.075,,,4.448,99.0,722,8007,0,0,0,145,14,5,55,175,True
824,1771515505.5331597,8659.238499996718,pawn_shop,5.436,5.829,2.6804,1.0472,480,320,0.779,1.005,0.266,0.739,0.272,0.787,0.001,0.317,1.077,,,4.444,99.0,729,8007,0,0,0,145,14,5,54,174,True
825,1771515505.5431619,8669.231399995624,pawn_shop,5.38,5.814,2.6804,1.0472,480,320,0.786,0.974,0.247,0.727,0.269,0.792,0.001,0.439,1.096,,,4.59,99.0,736,8007,0,0,0,145,14,5,54,174,True
826,1771515505.5531642,8679.358199995477,pawn_shop,5.323,5.797,2.6804,1.0472,480,320,0.838,0.994,0.265,0.729,0.266,0.779,0.001,0.305,1.077,,,4.471,99.0,741,8007,0,0,0,145,14,5,53,173,True
827,1771515505.5631664,8689.295799995307,pawn_shop,5.267,5.781,2.6804,1.0472,480,320,0.812,0.995,0.258,0.737,0.261,0.787,0.001,0.328,1.094,,,4.513,99.0,747,8007,0,0,0,145,14,5,51,171,True
828,1771515505.5731697,8699.38629999524,pawn_shop,5.21,5.764,2.6804,1.0472,480,320,0.868,1.039,0.27,0.769,0.275,0.833,0.001,0.299,1.062,,,4.596,99.0,757,8007,0,0,0,145,14,5,50,170,True
829,1771515505.583172,8709.239000003436,pawn_shop,5.154,5.746,2.6804,1.0472,480,320,0.793,0.966,0.239,0.727,0.005,0.807,0.001,0.265,1.068,,,4.097,99.0,764,8007,0,0,0,145,14,5,49,169,True
830,1771515505.5931735,8719.215399993118,pawn_shop,5.097,5.728,2.6804,1.0472,480,320,0.766,0.921,0.214,0.707,0.004,0.781,0.001,0.205,1.063,,,3.923,100.0,771,8007,0,0,0,145,14,5,50,170,True
831,1771515505.6031754,8729.242100002011,pawn_shop,5.041,5.71,2.6804,1.0472,480,320,0.685,0.895,0.209,0.686,0.005,0.79,0.001,0.293,1.053,,,3.924,100.0,776,8007,0,0,0,145,14,5,50,170,True
832,1771515505.6131775,8739.25089999102,pawn_shop,4.984,5.692,2.6764,1.0472,480,320,0.73,0.948,0.221,0.727,0.004,0.794,0.001,0.227,1.054,,,3.951,100.0,785,8007,0,0,0,145,14,5,51,171,True
833,1771515505.623181,8749.25369999255,pawn_shop,4.927,5.674,2.6764,1.0472,480,320,0.74,0.97,0.242,0.728,0.004,0.835,0.001,0.282,1.066,,,4.097,100.0,791,8007,0,0,0,145,14,5,52,172,True
834,1771515505.6331823,8759.217200000421,pawn_shop,4.87,5.656,2.6764,1.0472,480,320,0.704,0.933,0.222,0.711,0.004,0.811,0.001,0.241,1.057,,,3.942,100.0,797,8007,0,0,0,145,14,5,53,173,True
835,1771515505.6431847,8769.282599998405,pawn_shop,4.814,5.637,2.6724,1.0472,480,320,0.678,0.935,0.215,0.721,0.004,0.803,0.001,0.201,1.044,,,3.859,100.0,806,8007,0,0,0,145,14,5,54,174,True
836,1771515505.6531868,8779.214800000773,pawn_shop,4.757,5.619,2.6724,1.0472,480,320,0.683,0.928,0.214,0.714,0.004,0.824,0.001,0.212,1.043,,,3.883,100.0,813,8007,0,0,0,146,14,5,54,174,True
837,1771515505.6631892,8789.256399992155,pawn_shop,4.7,5.6,2.6684,1.0472,480,320,0.678,0.926,0.219,0.707,0.004,0.812,0.001,0.194,1.044,,,3.849,100.0,819,8007,0,0,0,146,14,5,55,175,True
838,1771515505.6731913,8799.256400001468,pawn_shop,4.643,5.582,2.6644,1.0472,480,320,0.711,0.932,0.22,0.712,0.004,0.827,0.001,0.28,1.046,,,3.992,100.0,825,8007,0,0,0,146,14,5,55,175,True
839,1771515505.6831937,8809.261100002914,pawn_shop,4.586,5.564,2.6524,1.0472,480,320,0.686,0.938,0.22,0.718,0.004,0.824,0.001,0.2,1.051,,,3.832,100.0,831,8007,0,0,0,146,14,5,55,175,True
840,1771515505.693196,8819.369299992104,pawn_shop,4.53,5.554,2.6364,1.0472,480,320,0.675,0.929,0.217,0.712,0.004,0.839,0.001,0.24,1.031,,,3.847,100.0,836,8007,0,0,0,146,14,5,57,177,True
841,1771515505.7031982,8829.304799990496,pawn_shop,4.474,5.551,2.6124,1.0472,480,320,0.669,0.957,0.214,0.743,0.004,0.82,0.001,0.304,1.047,,,3.985,100.0,846,8007,0,0,0,146,14,5,57,177,True
842,1771515505.7132018,8839.429599989671,pawn_shop,4.42,5.555,2.5884,1.0472,480,320,0.794,1.084,0.269,0.815,0.005,0.817,0.001,0.31,1.112,,,4.337,100.0,858,8007,0,0,0,146,14,4,58,178,True
843,1771515505.724203,8849.510599990026,pawn_shop,4.366,5.564,2.5644,1.0472,480,320,0.794,1.064,0.271,0.793,0.005,0.818,0.001,0.312,1.119,,,4.326,100.0,867,8007,0,0,0,146,14,4,59,179,True
844,1771515505.733205,8859.362299990607,pawn_shop,4.313,5.577,2.5404,1.0472,480,320,0.74,1.019,0.24,0.779,0.005,0.79,0.001,0.217,1.069,,,4.02,100.0,877,8007,0,0,0,146,14,3,60,180,True
845,1771515505.7432075,8869.339400000172,pawn_shop,4.26,5.594,2.5084,1.0472,480,320,0.688,1.032,0.225,0.807,0.004,0.88,0.001,0.235,1.07,,,4.079,100.0,893,8007,0,0,0,146,14,3,61,181,True
846,1771515505.7532096,8879.347099995357,pawn_shop,4.209,5.615,2.4684,1.0472,480,320,0.69,1.055,0.237,0.818,0.006,0.816,0.001,0.276,1.095,,,4.124,100.0,906,8007,0,0,0,146,14,2,62,182,True
847,1771515505.7632117,8889.38490000146,pawn_shop,4.159,5.64,2.4244,1.0472,480,320,0.731,1.062,0.233,0.828,0.237,0.818,0.001,0.277,1.064,,,4.371,100.0,921,8007,0,0,0,146,14,2,64,184,True
848,1771515505.774215,8900.396800003364,pawn_shop,4.109,5.668,2.3684,1.0472,480,320,0.709,1.118,0.25,0.868,0.268,0.859,0.001,0.291,1.097,,,4.53,100.0,937,8007,0,0,0,146,14,2,71,191,True
849,1771515505.7852168,8910.604999997304,pawn_shop,4.061,5.699,2.2964,1.0472,480,320,0.761,1.219,0.31,0.909,0.31,0.924,0.001,0.307,1.113,,,4.863,100.0,953,8007,0,0,0,146,14,2,79,199,True
850,1771515505.7942195,8920.438300003298,pawn_shop,4.015,5.733,2.2204,1.0472,480,320,0.746,1.289,0.299,0.99,0.353,0.994,0.001,0.301,1.097,,,4.993,99.0,978,8007,0,0,0,146,14,2,89,209,True
851,1771515505.8042212,8930.437899995013,pawn_shop,3.972,5.77,2.1524,1.0472,480,320,0.761,1.331,0.313,1.018,0.395,1.029,0.001,0.294,1.129,,,5.147,99.0,1002,8007,0,0,0,146,14,2,96,216,True
852,1771515505.8142235,8940.433199997642,pawn_shop,3.931,5.81,2.1004,1.0472,480,320,0.743,1.378,0.316,1.062,0.4,1.041,0.001,0.274,1.108,,,5.155,99.0,1031,8007,0,0,0,146,14,2,103,223,True
853,1771515505.8242261,8950.405900002806,pawn_shop,3.892,5.852,2.0764,1.0472,480,320,0.744,1.38,0.315,1.065,0.462,1.06,0.001,0.283,1.106,,,5.251,99.0,1056,8007,0,0,0,146,14,2,106,226,True
854,1771515505.8352287,8961.390299999039,pawn_shop,3.855,5.897,2.0564,1.0472,480,320,0.752,1.434,0.32,1.113,0.437,1.091,0.001,0.279,1.106,,,5.321,99.0,1090,8007,0,0,0,146,14,2,107,227,True
855,1771515505.8452303,8971.341199998278,pawn_shop,3.819,5.944,2.0524,1.0472,480,320,0.726,1.484,0.302,1.182,0.415,1.046,0.001,0.271,1.108,,,5.254,99.0,1131,8007,0,0,0,146,14,2,106,226,True
856,1771515505.8552327,8981.344599989825,pawn_shop,3.785,5.992,2.0444,1.0472,480,320,0.753,1.466,0.296,1.17,0.421,1.054,0.001,0.291,1.125,,,5.322,99.0,1168,8007,0,0,0,146,14,2,106,226,True
857,1771515505.866235,8992.38989999867,pawn_shop,3.751,6.042,2.0324,1.0472,480,320,0.794,1.461,0.323,1.138,0.443,1.044,0.001,0.282,1.113,,,5.353,99.0,1199,8007,0,0,0,146,14,1,106,226,True
858,1771515505.8762376,9002.374599993345,pawn_shop,3.719,6.092,2.0164,1.0472,480,320,0.772,1.453,0.312,1.141,0.452,1.063,0.001,0.267,1.128,,,5.371,99.0,1228,8007,0,0,0,146,14,2,106,226,True
859,1771515505.88624,9012.461099991924,pawn_shop,3.689,6.144,1.9804,1.0472,480,320,0.807,1.549,0.332,1.217,0.449,1.003,0.001,0.305,1.114,,,5.446,99.0,1264,8007,0,0,0,146,14,2,106,226,True
860,1771515505.896242,9022.449299998698,pawn_shop,3.66,6.196,1.9364,1.0472,480,320,0.804,1.461,0.301,1.16,0.459,0.981,0.001,0.258,1.104,,,5.288,98.0,1296,8007,0,0,0,146,14,2,101,221,True
861,1771515505.9062443,9032.441499992274,pawn_shop,3.633,6.249,1.8844,1.0472,480,320,0.807,1.418,0.307,1.111,0.467,0.962,0.001,0.277,1.112,,,5.249,98.0,1323,8007,0,0,0,146,14,2,97,217,True
862,1771515505.9162464,9042.493400003877,pawn_shop,3.609,6.303,1.8324,1.0472,480,320,0.82,1.471,0.319,1.152,0.487,0.952,0.001,0.332,1.138,,,5.449,98.0,1353,8007,0,0,0,146,14,3,92,212,True
863,1771515505.9262493,9052.460599996266,pawn_shop,3.586,6.358,1.7764,1.0472,480,320,0.813,1.433,0.3,1.133,0.516,0.914,0.001,0.271,1.075,,,5.238,98.0,1379,8007,0,0,0,146,14,3,87,207,True
864,1771515505.936251,9062.469500000589,pawn_shop,3.566,6.414,1.7244,1.0472,480,320,0.841,1.333,0.301,1.032,0.49,0.903,0.001,0.288,1.107,,,5.168,98.0,1402,8007,0,0,0,146,14,3,82,202,True
865,1771515505.9462533,9072.45900000271,pawn_shop,3.549,6.47,1.6804,1.0472,480,320,0.742,1.395,0.272,1.123,0.482,0.877,0.001,0.274,1.096,,,5.077,98.0,1440,8007,0,0,0,146,14,3,77,197,True
866,1771515505.9562554,9082.432800001698,pawn_shop,3.533,6.527,1.6444,1.0472,480,320,0.708,1.244,0.252,0.992,0.489,0.857,0.001,0.232,1.063,,,4.786,98.0,1468,8007,0,0,0,146,14,3,73,193,True
867,1771515505.9662573,9092.355899992981,pawn_shop,3.52,6.585,1.6204,1.0472,480,320,0.652,1.089,0.229,0.86,0.471,0.843,0.001,0.277,1.051,,,4.571,98.0,1484,8007,0,0,0,146,14,3,72,192,True
868,1771515505.97626,9102.310899994336,pawn_shop,3.509,6.643,1.6124,1.0472,480,320,0.639,1.102,0.226,0.876,0.475,0.831,0.001,0.238,1.045,,,4.517,98.0,1502,8007,0,0,0,146,14,3,71,191,True
869,1771515505.986262,9112.365499997395,pawn_shop,3.508,6.698,1.6124,1.0472,480,320,0.649,1.015,0.228,0.787,0.48,0.825,0.001,0.196,1.045,,,4.395,98.0,1512,8007,0,0,0,146,14,3,71,191,True
870,1771515505.9962642,9122.371199991903,pawn_shop,3.514,6.752,1.6084,1.0472,480,320,0.668,1.044,0.23,0.814,0.487,0.825,0.001,0.276,1.065,,,4.551,100.0,1524,8007,0,0,0,146,14,3,69,189,True
871,1771515506.0062666,9132.282199992915,pawn_shop,3.526,6.803,1.6084,1.0472,480,320,0.664,0.982,0.233,0.749,0.497,0.847,0.001,0.255,1.07,,,4.507,100.0,1529,8007,0,0,0,146,14,3,67,187,True
872,1771515506.0162687,9142.294499994023,pawn_shop,3.543,6.854,1.6084,1.0472,480,320,0.66,1.096,0.233,0.863,0.51,0.827,0.001,0.191,1.049,,,4.509,100.0,1549,8007,0,0,0,146,14,3,66,186,True
873,1771515506.0262713,9152.351700002328,pawn_shop,3.565,6.903,1.6044,1.0472,480,320,0.651,1.011,0.222,0.789,0.508,0.809,0.001,0.2,1.052,,,4.408,100.0,1563,8007,0,0,0,146,14,3,63,183,True
874,1771515506.0362735,9162.271799999871,pawn_shop,3.59,6.951,1.6044,1.0472,480,320,0.628,0.917,0.214,0.703,0.537,0.793,0.001,0.271,1.064,,,4.397,100.0,1569,8007,0,0,0,146,14,3,60,180,True
875,1771515506.0462756,9172.284499989473,pawn_shop,3.618,6.998,1.6044,1.0472,480,320,0.663,0.897,0.221,0.676,0.522,0.789,0.001,0.225,1.051,,,4.327,100.0,1571,8007,0,0,0,146,14,3,56,176,True
876,1771515506.056278,9182.31509999896,pawn_shop,3.648,7.045,1.6044,1.0472,480,320,0.689,0.915,0.232,0.683,0.524,0.804,0.001,0.291,1.093,,,4.504,100.0,1571,8007,0,0,0,146,14,3,57,177,True
877,1771515506.0662801,9192.359099994064,pawn_shop,3.68,7.091,1.6084,1.0472,480,320,0.695,0.918,0.235,0.683,0.54,0.805,0.001,0.219,1.077,,,4.438,100.0,1571,8007,0,0,0,146,14,3,58,178,True
878,1771515506.076283,9202.428699994925,pawn_shop,3.714,7.137,1.6204,1.0472,480,320,0.736,1.057,0.26,0.797,0.576,0.846,0.001,0.382,1.1,,,4.898,100.0,1582,8007,0,0,0,146,14,3,60,180,True
879,1771515506.0862849,9212.515999999596,pawn_shop,3.749,7.183,1.6404,1.0472,480,320,0.848,1.064,0.263,0.801,0.57,0.841,0.001,0.323,1.113,,,4.955,100.0,1593,8007,0,0,0,146,14,3,60,180,True
880,1771515506.0972872,9222.603100002743,pawn_shop,3.785,7.23,1.6644,1.0472,480,320,0.761,1.05,0.284,0.766,0.584,0.838,0.001,0.325,1.106,,,4.814,99.0,1598,8007,0,0,0,146,14,3,62,182,True
881,1771515506.1072896,9233.511300000828,pawn_shop,3.822,7.278,1.6964,1.0472,480,320,0.863,1.069,0.296,0.774,0.591,0.869,0.001,0.323,1.093,,,5.027,99.0,1601,8007,0,0,0,146,14,3,63,183,True
882,1771515506.1182923,9244.536600002903,pawn_shop,3.859,7.327,1.7324,1.0472,480,320,0.824,1.041,0.278,0.763,0.596,0.875,0.001,0.347,1.121,,,5.047,99.0,1603,8007,0,0,0,146,14,2,64,184,True
883,1771515506.1292949,9255.562599995756,pawn_shop,3.896,7.377,1.7724,1.0472,480,320,0.845,1.112,0.269,0.843,0.598,0.857,0.001,0.3,1.073,,,5.001,99.0,1616,8007,0,0,0,146,14,2,65,185,True
884,1771515506.140297,9266.570499996305,pawn_shop,3.923,7.429,1.8124,1.0472,480,320,0.756,1.053,0.251,0.802,0.6,0.857,0.001,0.273,1.078,,,4.829,99.0,1623,8007,0,0,0,146,14,2,67,187,True
885,1771515506.1512995,9277.46979999938,pawn_shop,3.942,7.484,1.8524,1.0472,480,320,0.742,0.975,0.234,0.74,0.632,0.854,0.001,0.224,1.055,,,4.684,99.0,1627,8007,0,0,0,146,14,2,68,188,True
886,1771515506.1623018,9288.437900002464,pawn_shop,3.953,7.54,1.8884,1.0472,480,320,0.726,1.064,0.249,0.816,0.615,0.863,0.001,0.223,1.054,,,4.735,99.0,1639,8007,0,0,0,146,14,2,70,190,True
887,1771515506.1733046,9299.392899993109,pawn_shop,3.958,7.598,1.9044,1.0472,480,320,0.653,1.034,0.226,0.808,0.622,0.861,0.001,0.279,1.052,,,4.688,99.0,1651,8007,0,0,0,146,14,1,72,192,True
888,1771515506.1843069,9310.490399991977,pawn_shop,3.951,7.65,1.9124,1.0472,480,320,0.658,1.074,0.237,0.837,0.643,0.883,0.001,0.238,1.047,,,4.745,99.0,1665,8007,0,0,0,146,14,1,75,195,True
889,1771515506.1953094,9321.322899995721,pawn_shop,3.933,7.697,1.9124,1.0472,480,320,0.673,1.164,0.252,0.912,0.678,0.928,0.001,0.239,1.079,,,4.966,99.0,1684,8007,0,0,0,146,14,1,78,198,True
890,1771515506.2063117,9332.376999998814,pawn_shop,3.907,7.741,1.9164,1.0472,480,320,0.69,1.102,0.246,0.856,0.677,0.924,0.001,0.196,1.053,,,4.846,90.9,1696,8007,0,0,0,146,14,1,80,200,True
891,1771515506.2173142,9343.304199996055,pawn_shop,3.875,7.781,1.9164,1.0472,480,320,0.635,1.087,0.234,0.853,0.691,0.944,0.001,0.276,1.059,,,4.895,90.9,1711,8007,0,0,0,146,14,1,83,203,True
892,1771515506.2303174,9356.175699998857,pawn_shop,3.837,7.819,1.9204,1.0472,480,320,0.686,1.159,0.265,0.895,0.713,0.946,0.001,0.212,1.055,,,4.962,90.9,1726,8007,0,0,0,146,14,1,86,206,True
893,1771515506.2393193,9365.364999990561,pawn_shop,3.795,7.855,1.9244,1.0472,480,320,0.646,1.109,0.241,0.868,0.74,0.973,0.001,0.283,1.049,,,4.991,90.9,1740,8007,0,0,0,146,14,1,90,210,True
894,1771515506.2503216,9376.37199999881,pawn_shop,3.749,7.889,1.9244,1.0472,480,320,0.659,1.177,0.246,0.931,0.746,0.97,0.001,0.241,1.057,,,5.063,90.9,1759,8007,0,0,0,146,14,1,88,208,True
895,1771515506.261325,9387.455000003683,pawn_shop,3.7,7.922,1.9284,1.0472,480,320,0.676,1.109,0.251,0.858,0.739,0.962,0.001,0.288,1.056,,,5.04,90.9,1769,8007,0,0,0,146,14,1,86,206,True
896,1771515506.2723267,9398.409899993567,pawn_shop,3.65,7.954,1.9324,1.0472,480,320,0.672,1.106,0.248,0.859,0.724,0.941,0.001,0.259,1.039,,,4.943,90.9,1779,8007,0,0,0,146,14,1,83,203,True
897,1771515506.2833292,9409.416299997247,pawn_shop,3.597,7.985,1.9444,1.0472,480,320,0.668,1.128,0.243,0.884,0.691,0.924,0.001,0.205,1.049,,,4.863,90.9,1794,8007,0,0,0,146,14,1,79,199,True
898,1771515506.2943318,9420.437199994922,pawn_shop,3.542,8.015,1.9684,1.0472,480,320,0.647,1.069,0.23,0.839,0.65,0.841,0.001,0.225,1.043,,,4.662,90.9,1807,8007,0,0,0,146,14,1,73,193,True
899,1771515506.305334,9431.466099995305,pawn_shop,3.487,8.043,1.9924,1.0472,480,320,0.653,1.063,0.222,0.841,0.62,0.789,0.001,0.271,1.052,,,4.649,90.9,1821,8007,0,0,0,146,14,1,66,186,True
900,1771515506.3163366,9442.424599998049,pawn_shop,3.43,8.07,2.0004,1.0472,480,320,0.663,1.073,0.226,0.847,0.601,0.743,0.001,0.242,1.042,,,4.551,90.9,1836,8007,0,0,0,146,14,1,61,181,True
901,1771515506.327339,9453.3911000035,pawn_shop,3.372,8.097,2.0004,1.0472,480,320,0.626,1.026,0.206,0.82,0.574,0.717,0.001,0.279,1.05,,,4.458,90.9,1853,8007,0,0,0,146,14,1,56,176,True
902,1771515506.338342,9464.345300002606,pawn_shop,3.313,8.123,2.0004,1.0472,480,320,0.631,0.984,0.202,0.782,0.539,0.691,0.001,0.265,1.037,,,4.345,90.9,1866,8007,0,0,0,146,14,1,51,171,True
903,1771515506.349344,9475.360800002818,pawn_shop,3.313,8.148,2.0004,1.0472,480,320,0.649,0.972,0.206,0.767,0.553,0.692,0.001,0.191,1.046,,,4.302,90.9,1876,8007,0,0,0,146,14,1,52,172,True
904,1771515506.3603466,9486.351400002604,pawn_shop,3.313,8.173,2.0004,1.0472,480,320,0.656,0.963,0.204,0.759,0.553,0.704,0.001,0.246,1.05,,,4.373,90.9,1886,8007,0,0,0,146,14,1,53,173,True
905,1771515506.3703492,9496.365200000582,pawn_shop,3.313,8.197,2.0004,1.0472,480,320,0.666,0.979,0.206,0.773,0.589,0.702,0.001,0.275,1.033,,,4.444,90.9,1897,8007,0,0,0,146,14,1,54,174,True
906,1771515506.3803513,9506.481099990197,pawn_shop,3.313,8.227,2.0004,1.0472,480,320,0.697,1.009,0.209,0.801,0.599,0.697,0.001,0.223,1.036,,,4.459,90.9,1909,8007,0,0,0,146,14,0,55,175,True
907,1771515506.3913536,9517.365899999277,pawn_shop,3.313,8.263,2.0004,1.0472,480,320,0.543,1.052,0.221,0.831,0.643,0.729,0.001,0.278,1.061,,,4.494,90.9,1924,8007,0,0,0,146,14,0,57,177,True
908,1771515506.402356,9528.384599994752,pawn_shop,3.313,8.303,2.0004,1.0472,480,320,0.697,1.029,0.218,0.811,0.625,0.72,0.001,0.219,1.043,,,4.518,90.9,1937,8007,0,0,0,146,14,0,60,180,True
909,1771515506.4133587,9539.375199994538,pawn_shop,3.272,8.347,2.0004,1.0472,480,320,0.68,0.992,0.207,0.784,0.62,0.723,0.001,0.294,1.049,,,4.557,90.9,1949,8007,0,0,0,146,14,0,57,177,True
910,1771515506.4243622,9550.427900001523,pawn_shop,3.234,8.395,2.0004,1.0472,480,320,0.597,1.045,0.238,0.807,0.616,0.719,0.001,0.278,1.063,,,4.53,92.6,1960,8007,0,0,0,146,14,0,54,174,True
911,1771515506.4353635,9561.404599997331,pawn_shop,3.198,8.444,2.0004,1.0472,480,320,0.537,0.964,0.211,0.753,0.589,0.702,0.001,0.211,1.027,,,4.224,92.6,1968,8007,0,0,0,146,14,0,50,170,True
912,1771515506.4463658,9572.372299997369,pawn_shop,3.164,8.496,2.0004,1.0472,480,320,0.498,0.9,0.194,0.706,0.588,0.69,0.001,0.267,1.022,,,4.16,92.6,1975,8007,0,0,0,146,14,0,47,167,True
913,1771515506.4573686,9583.373799992842,pawn_shop,3.131,8.549,2.0004,1.0472,480,320,0.503,0.886,0.197,0.69,0.58,0.69,0.0,0.268,1.033,,,4.155,92.6,1979,8007,0,0,0,146,14,0,44,164,True
914,1771515506.468371,9594.376799999736,pawn_shop,3.099,8.604,2.0004,1.0472,480,320,0.502,0.874,0.193,0.681,0.585,0.692,0.001,0.266,1.048,,,4.163,92.6,1983,8007,0,0,0,146,14,0,39,159,True
915,1771515506.4793732,9605.392199999187,pawn_shop,3.067,8.66,2.0004,1.0472,480,320,0.52,0.866,0.188,0.678,0.57,0.669,0.001,0.199,1.043,,,4.066,92.6,1987,8007,0,0,0,146,14,0,34,154,True
916,1771515506.4903762,9616.391299990937,pawn_shop,3.037,8.66,2.0004,1.0472,480,320,0.504,0.782,0.172,0.61,0.504,0.628,0.001,0.231,1.019,,,3.857,92.6,1987,8007,0,0,0,146,14,0,24,144,True
917,1771515506.5013783,9627.387000000454,pawn_shop,3.007,8.66,2.0004,1.0472,480,320,0.479,0.745,0.167,0.578,0.402,0.582,0.001,0.263,1.031,,,3.693,92.6,1987,8007,0,0,0,146,14,0,14,134,True
918,1771515506.512381,9638.397000002442,pawn_shop,2.978,8.66,2.0004,1.0472,480,320,0.512,0.789,0.16,0.629,0.364,0.581,0.001,0.186,1.034,,,3.658,92.6,1992,8007,0,0,0,146,14,0,9,129,True
919,1771515506.5233836,9649.439499989967,pawn_shop,2.949,8.66,2.0004,1.0472,480,320,0.543,0.841,0.174,0.668,0.322,0.539,0.001,0.268,1.05,,,3.758,92.6,1998,8007,0,0,0,146,14,0,7,127,True
920,1771515506.534386,9660.52530000161,pawn_shop,2.92,8.66,1.9884,1.0472,480,320,0.527,0.785,0.16,0.625,0.289,0.52,0.001,0.2,1.034,,,3.487,90.9,2002,8007,0,0,0,146,14,0,6,126,True
921,1771515506.5453882,9671.4873000019,pawn_shop,2.892,8.66,1.9764,1.0472,480,320,0.508,0.763,0.154,0.609,0.273,0.502,0.001,0.2,1.047,,,3.42,90.9,2006,8007,0,0,0,146,14,0,5,125,True
922,1771515506.5553908,9681.491900002584,pawn_shop,2.865,8.66,1.9764,1.0472,480,320,0.529,0.755,0.162,0.593,0.252,0.492,0.001,0.238,1.088,,,3.481,90.9,2007,8007,0,0,0,146,14,0,3,123,True
923,1771515506.5663931,9692.574200002127,pawn_shop,2.838,8.66,2.0004,1.0472,480,320,0.571,0.758,0.169,0.59,0.004,0.463,0.001,0.266,1.092,,,3.348,90.9,2007,8007,0,0,0,146,14,0,0,120,True
924,1771515506.5773954,9703.550699996413,pawn_shop,2.81,8.66,2.0484,1.0472,480,320,0.507,0.717,0.148,0.57,0.004,0.446,0.001,0.211,1.069,,,3.124,90.9,2008,8007,0,0,0,146,14,0,0,120,True
925,1771515506.5873978,9713.564599995152,pawn_shop,2.781,8.66,2.1284,1.0472,480,320,0.544,0.825,0.162,0.662,0.004,0.456,0.001,0.247,1.085,,,3.35,90.9,2015,8007,0,0,0,146,14,0,0,120,True
926,1771515506.5984004,9724.549699996714,pawn_shop,2.751,8.66,2.2084,1.0472,480,320,0.536,0.831,0.151,0.68,0.004,0.446,0.001,0.204,1.063,,,3.265,90.9,2025,8007,0,0,0,146,14,0,0,120,True
927,1771515506.6084027,9734.595599991735,pawn_shop,2.718,8.66,2.2804,1.0472,480,320,0.56,0.879,0.16,0.719,0.004,0.452,0.001,0.269,1.092,,,3.436,90.9,2036,8007,0,0,0,146,14,0,0,120,True
928,1771515506.619405,9745.667399998638,pawn_shop,2.683,8.712,2.3484,1.0472,480,320,0.53,0.869,0.149,0.72,0.004,0.449,0.0,0.243,1.081,,,3.351,90.9,2049,8007,0,0,0,146,14,0,0,120,True
929,1771515506.6304076,9756.554199993843,pawn_shop,2.646,8.764,2.4084,1.0472,480,320,0.53,0.959,0.15,0.809,0.004,0.447,0.001,0.256,1.081,,,3.455,90.9,2069,8007,0,0,0,146,14,0,0,120,True
930,1771515506.6424105,9767.855899990536,pawn_shop,2.603,8.804,2.4364,1.0472,480,320,0.629,1.08,0.187,0.894,0.006,0.484,0.001,0.317,1.127,,,3.86,93.5,2092,8007,0,0,0,146,14,0,0,120,True
931,1771515506.6534128,9778.914099995745,pawn_shop,2.555,8.836,2.4484,1.0472,480,320,0.602,1.11,0.181,0.929,0.007,0.464,0.001,0.309,1.127,,,3.831,93.5,2118,8007,0,0,0,146,14,0,0,120,True
932,1771515506.6634147,9789.653899992118,pawn_shop,2.504,8.86,2.4484,1.0472,480,320,0.78,1.163,0.186,0.977,0.005,0.489,0.001,0.313,1.137,,,4.109,93.5,2146,8007,0,0,0,146,14,0,0,120,True
933,1771515506.6744175,9800.645499999519,pawn_shop,2.451,8.878,2.4484,1.0472,480,320,0.78,1.228,0.184,1.044,0.006,0.485,0.001,0.329,1.163,,,4.213,93.5,2179,8007,0,0,0,146,14,0,0,120,True
934,1771515506.6854198,9811.578199994983,pawn_shop,2.394,8.892,2.4444,1.0472,480,320,0.76,1.232,0.181,1.051,0.005,0.461,0.001,0.295,1.123,,,4.061,93.5,2211,8007,0,0,0,146,14,0,0,120,True
935,1771515506.6964223,9822.590800002217,pawn_shop,2.336,8.902,2.4364,1.0472,480,320,0.77,1.361,0.177,1.184,0.005,0.466,0.001,0.301,1.144,,,4.25,93.5,2250,8007,0,0,0,146,14,0,0,120,True
936,1771515506.7074249,9833.523699999205,pawn_shop,2.277,8.909,2.4284,1.0472,480,320,0.697,1.255,0.152,1.103,0.004,0.452,0.001,0.267,1.106,,,3.974,93.5,2287,8007,0,0,0,146,14,0,0,120,True
937,1771515506.7184274,9844.521199993324,pawn_shop,2.216,8.914,2.4204,1.0472,480,320,0.686,1.26,0.158,1.101,0.004,0.455,0.001,0.215,1.103,,,3.917,93.5,2322,8007,0,0,0,146,14,0,0,120,True
938,1771515506.7294297,9855.61400000006,pawn_shop,2.154,8.917,2.4124,1.0472,480,320,0.653,1.272,0.15,1.122,0.004,0.448,0.001,0.275,1.096,,,3.938,93.5,2358,8007,0,0,0,146,14,0,0,120,True
939,1771515506.740432,9866.530600003898,pawn_shop,2.092,8.919,2.4004,1.0472,480,320,0.708,1.297,0.165,1.132,0.004,0.451,0.001,0.226,1.072,,,3.953,93.5,2392,8007,0,0,0,146,14,0,0,120,True
940,1771515506.751435,9877.63350000023,pawn_shop,2.032,8.929,2.3924,1.0472,480,320,0.685,1.367,0.16,1.207,0.004,0.463,0.001,0.245,1.068,,,4.021,90.9,2428,8007,0,0,0,146,14,0,0,120,True
941,1771515506.7624373,9888.533099991037,pawn_shop,1.974,8.947,2.3804,1.0472,480,320,0.685,1.303,0.156,1.147,0.004,0.45,0.001,0.246,1.076,,,3.892,90.9,2461,8007,0,0,0,146,14,0,0,120,True
942,1771515506.7734396,9899.647700003698,pawn_shop,1.919,8.97,2.3604,1.0472,480,320,0.751,1.384,0.178,1.206,0.005,0.458,0.001,0.268,1.084,,,4.083,90.9,2495,8007,0,0,0,146,14,0,0,120,True
943,1771515506.783442,9909.555399994133,pawn_shop,1.866,8.997,2.3444,1.0472,480,320,0.692,1.26,0.16,1.099,0.004,0.456,0.001,0.253,1.071,,,3.91,90.9,2524,8007,0,0,0,146,14,0,0,120,True
944,1771515506.7944446,9920.560400001705,pawn_shop,1.815,9.028,2.3284,1.0472,480,320,0.693,1.309,0.159,1.149,0.005,0.455,0.001,0.229,1.092,,,3.957,90.9,2556,8007,0,0,0,146,14,0,0,120,True
945,1771515506.8054469,9931.581800003187,pawn_shop,1.765,9.063,2.3004,1.0472,480,320,0.668,1.361,0.153,1.208,0.004,0.451,0.001,0.253,1.079,,,3.99,90.9,2592,8007,0,0,0,146,14,0,0,120,True
946,1771515506.8164496,9942.585999990115,pawn_shop,1.717,9.101,2.2644,1.0472,480,320,0.677,1.34,0.157,1.183,0.004,0.45,0.001,0.211,1.063,,,3.919,90.9,2626,8007,0,0,0,146,14,0,0,120,True
947,1771515506.827452,9953.635999991093,pawn_shop,1.67,9.142,2.2164,1.0472,480,320,0.718,1.33,0.165,1.165,0.005,0.454,0.001,0.26,1.081,,,4.036,90.9,2659,8007,0,0,0,146,14,0,0,120,True
948,1771515506.837454,9963.603600001079,pawn_shop,1.626,9.184,2.1564,1.0472,480,320,0.682,1.22,0.157,1.063,0.004,0.451,0.001,0.276,1.083,,,3.893,90.9,2685,8007,0,0,0,146,14,0,0,120,True
949,1771515506.8484566,9974.616099993,pawn_shop,1.585,9.23,2.0764,1.0472,480,320,0.681,1.084,0.155,0.929,0.004,0.47,0.001,0.221,1.062,,,3.702,90.9,2704,8007,0,0,0,146,14,0,0,120,True
950,1771515506.8594592,9985.653299998376,pawn_shop,1.546,9.278,1.9964,1.0472,480,320,0.726,1.155,0.166,0.989,0.004,0.459,0.001,0.267,1.078,,,3.871,92.6,2725,8007,0,0,0,146,14,0,0,120,True
951,1771515506.8704617,9996.62079999689,pawn_shop,1.51,9.329,1.9244,1.0472,480,320,0.773,1.197,0.158,1.039,0.005,0.467,0.001,0.279,1.086,,,3.993,92.6,2743,8007,0,0,0,146,14,0,0,120,True
952,1771515506.8814642,10007.651199994143,pawn_shop,1.478,9.383,1.8524,1.0472,480,320,0.773,1.209,0.166,1.043,0.005,0.455,0.001,0.231,1.084,,,3.934,92.6,2766,8007,0,0,0,146,14,0,0,120,True
953,1771515506.8924668,10018.663399998331,pawn_shop,1.449,9.438,1.7884,1.0472,480,320,0.783,1.148,0.166,0.982,0.004,0.461,0.001,0.269,1.093,,,3.937,92.6,2786,8007,0,0,0,146,14,0,0,120,True
954,1771515506.903469,10029.69270000176,pawn_shop,1.424,9.496,1.7284,1.0472,480,320,0.825,1.242,0.176,1.066,0.005,0.461,0.001,0.282,1.094,,,4.094,92.6,2809,8007,0,0,0,146,14,0,0,120,True
955,1771515506.9134715,10039.629299993976,pawn_shop,1.402,9.554,1.6804,1.0472,480,320,0.706,0.991,0.154,0.838,0.004,0.454,0.001,0.274,1.067,,,3.673,92.6,2821,8007,0,0,0,146,14,0,0,120,True
956,1771515506.9244738,10050.639599998249,pawn_shop,1.384,9.613,1.6364,1.0472,480,320,0.712,1.107,0.161,0.947,0.004,0.476,0.001,0.302,1.083,,,3.87,92.6,2839,8007,0,0,0,146,14,1,0,120,True
957,1771515506.9354765,10061.672900003032,pawn_shop,1.369,9.674,1.6084,1.0472,480,320,0.758,1.069,0.176,0.894,0.005,0.476,0.001,0.279,1.084,,,3.854,92.6,2852,8007,0,0,0,146,14,1,0,120,True
958,1771515506.9464788,10072.623200001544,pawn_shop,1.357,9.735,1.5804,1.0472,480,320,0.682,1.015,0.155,0.86,0.004,0.471,0.001,0.247,1.084,,,3.681,92.6,2864,8007,0,0,0,146,14,1,0,120,True
959,1771515506.9574811,10083.6086999916,pawn_shop,1.347,9.798,1.5644,1.0472,480,320,0.704,0.962,0.164,0.798,0.004,0.471,0.001,0.247,1.086,,,3.652,92.6,2872,8007,0,0,0,146,14,1,0,120,True
960,1771515506.968484,10094.543400002294,pawn_shop,1.339,9.861,1.5564,1.0472,480,320,0.676,0.963,0.157,0.806,0.004,0.464,0.001,0.277,1.074,,,3.64,91.7,2880,8007,0,0,0,146,14,1,0,120,True
961,1771515506.9794865,10105.563099990832,pawn_shop,1.333,9.925,1.5524,1.0472,480,320,0.681,1.036,0.16,0.876,0.005,0.471,0.001,0.256,1.081,,,3.709,91.7,2889,8007,0,0,0,146,14,1,0,120,True
962,1771515506.9904888,10116.517200003727,pawn_shop,1.328,9.989,1.5524,1.0472,480,320,0.7,0.993,0.165,0.828,0.005,0.469,0.001,0.26,1.083,,,3.691,91.7,2897,8007,0,0,0,146,14,1,0,120,True
963,1771515507.0014913,10127.579899999546,pawn_shop,1.325,10.054,1.5484,1.0472,480,320,0.708,0.962,0.156,0.806,0.005,0.463,0.001,0.311,1.09,,,3.733,91.7,2908,8007,0,0,0,146,14,1,0,120,True
964,1771515507.0124938,10138.528499999666,pawn_shop,1.323,10.119,1.5484,1.0472,480,320,0.7,0.815,0.162,0.652,0.004,0.466,0.001,0.23,1.068,,,3.452,91.7,2912,8007,0,0,0,146,14,1,0,120,True
965,1771515507.0234962,10149.517300000298,pawn_shop,1.321,10.184,1.5484,1.0472,480,320,0.683,0.802,0.166,0.635,0.004,0.466,0.001,0.275,1.091,,,3.503,91.7,2915,8007,0,0,0,146,14,1,0,120,True
966,1771515507.0344992,10160.584400000516,pawn_shop,1.32,10.249,1.5484,1.0472,480,320,0.748,0.851,0.185,0.667,0.005,0.477,0.001,0.264,1.099,,,3.624,91.7,2919,8007,0,0,0,146,14,1,0,120,True
967,1771515507.0455012,10171.536199995899,pawn_shop,1.319,10.314,1.5484,1.0472,480,320,0.702,0.766,0.165,0.6,0.005,0.468,0.001,0.23,1.069,,,3.42,91.7,2920,8007,0,0,0,146,14,1,0,120,True
968,1771515507.0565038,10182.517699999153,pawn_shop,1.319,10.38,1.5484,1.0472,480,320,0.67,0.749,0.157,0.592,0.004,0.463,0.001,0.262,1.059,,,3.384,91.7,2921,8007,0,0,0,146,14,1,0,120,True
969,1771515507.067506,10193.566000001738,pawn_shop,1.319,10.446,1.5484,1.0472,480,320,0.734,0.753,0.173,0.58,0.005,0.47,0.001,0.289,1.09,,,3.525,91.7,2921,8007,0,0,0,146,14,1,0,120,True
970,1771515507.0785089,10204.570899993996,pawn_shop,1.32,10.511,1.5484,1.0472,480,320,0.731,0.79,0.175,0.616,0.005,0.47,0.001,0.258,1.088,,,3.522,90.9,2922,8007,0,0,0,146,14,1,0,120,True
971,1771515507.0895112,10215.640199996415,pawn_shop,1.321,10.577,1.5364,1.0472,480,320,0.717,1.018,0.175,0.844,0.005,0.475,0.001,0.292,1.085,,,3.781,90.9,2937,8007,0,0,0,146,14,1,0,120,True
972,1771515507.1005137,10226.667399998405,pawn_shop,1.322,10.643,1.5004,1.0472,480,320,0.728,0.993,0.167,0.826,0.005,0.476,0.001,0.269,1.094,,,3.751,90.9,2951,8007,0,0,0,146,14,1,0,120,True
973,1771515507.1115162,10237.710499990499,pawn_shop,1.325,10.643,1.4484,1.0472,480,320,0.729,0.75,0.164,0.586,0.004,0.464,0.001,0.285,1.075,,,3.487,90.9,2953,8007,0,0,0,146,14,1,0,120,True
974,1771515507.1225185,10248.709399995278,pawn_shop,1.33,10.643,1.3564,1.0472,480,320,0.703,0.752,0.17,0.583,0.004,0.472,0.001,0.249,1.085,,,3.449,90.9,2954,8007,0,0,0,146,14,1,0,120,True
975,1771515507.133521,10259.705999997095,pawn_shop,1.338,10.643,1.2444,1.0472,480,320,0.748,0.792,0.161,0.631,0.004,0.47,0.001,0.292,1.08,,,3.578,90.9,2959,8007,0,0,0,146,14,2,0,120,True
976,1771515507.1445236,10270.690399993327,pawn_shop,1.351,10.643,1.0764,1.0472,480,320,0.738,0.783,0.162,0.621,0.005,0.497,0.001,0.283,1.079,,,3.565,90.9,2962,8007,0,0,0,146,14,2,0,120,True
977,1771515507.155526,10281.768000000739,pawn_shop,1.37,10.643,0.8924,1.0472,480,320,0.803,0.817,0.183,0.634,0.005,0.497,0.001,0.288,1.091,,,3.688,90.9,2964,8007,0,0,0,146,14,4,0,120,True
978,1771515507.1675286,10292.921699990984,pawn_shop,1.395,10.7,0.6764,1.0472,480,320,0.794,0.926,0.166,0.76,0.004,0.504,0.001,0.255,1.086,,,3.749,90.9,2973,8007,0,0,0,146,14,6,0,120,True
979,1771515507.1775312,10303.700099990238,pawn_shop,1.426,10.7,0.5084,1.0472,480,320,0.764,0.844,0.168,0.676,0.004,0.542,0.001,0.249,1.086,,,3.675,90.9,2978,8007,0,0,0,146,14,8,0,120,True
980,1771515507.1885335,10314.698799993494,pawn_shop,1.464,10.7,0.3524,1.0472,480,320,0.75,0.866,0.176,0.689,0.28,0.633,0.001,0.281,1.085,,,4.094,90.9,2986,8007,0,0,0,146,14,9,12,132,True
981,1771515507.1985357,10324.713599999086,pawn_shop,1.506,10.7,0.2484,1.0472,480,320,0.772,0.891,0.195,0.695,0.321,0.671,0.001,0.268,1.098,,,4.208,90.9,2992,8007,0,0,0,146,14,9,16,136,True
982,1771515507.208538,10334.712900003069,pawn_shop,1.551,10.7,0.1884,1.0472,480,320,0.724,0.856,0.194,0.661,0.352,0.693,0.001,0.234,1.074,,,4.121,90.9,2996,8007,0,0,0,146,14,9,21,141,True
983,1771515507.2185404,10344.672599996557,pawn_shop,1.599,10.7,0.1604,1.0472,480,320,0.729,0.857,0.201,0.656,0.377,0.724,0.001,0.267,1.075,,,4.222,90.9,2998,8007,0,0,0,146,14,9,25,145,True
984,1771515507.2325435,10358.452899992699,pawn_shop,1.649,10.7,0.1484,1.0472,480,320,0.782,0.916,0.221,0.695,0.391,0.734,0.001,0.292,1.094,,,4.412,90.9,3001,8007,0,0,0,146,14,9,25,145,True
985,1771515507.238545,10364.543399991817,pawn_shop,1.701,10.7,0.1484,1.0472,480,320,0.696,0.879,0.2,0.679,0.378,0.722,0.001,0.235,1.081,,,4.182,90.9,3005,8007,0,0,0,146,14,9,25,145,True
986,1771515507.2485473,10374.643100003595,pawn_shop,1.755,10.7,0.1444,1.0472,480,320,0.692,0.843,0.187,0.656,0.396,0.71,0.001,0.247,1.069,,,4.146,90.9,3008,8007,0,0,0,146,14,9,23,143,True
987,1771515507.2585492,10384.676499990746,pawn_shop,1.809,10.7,0.1644,1.0472,480,320,0.693,0.821,0.193,0.628,0.343,0.693,0.001,0.257,1.072,,,4.069,90.9,3010,8007,0,0,0,146,14,9,21,141,True
988,1771515507.2685516,10394.72399999795,pawn_shop,1.864,10.7,0.2004,1.0472,480,320,0.69,0.83,0.183,0.647,0.315,0.667,0.001,0.247,1.067,,,4.006,90.9,3013,8007,0,0,0,146,14,9,16,136,True
989,1771515507.278554,10404.73729999212,pawn_shop,1.92,10.7,0.2364,1.0472,480,320,0.695,0.871,0.187,0.684,0.294,0.665,0.001,0.358,1.091,,,4.181,90.9,3017,8007,0,0,0,146,14,9,15,135,True
990,1771515507.2905567,10415.985500003444,pawn_shop,1.977,10.7,0.3004,1.0472,480,320,0.707,0.918,0.188,0.73,0.3,0.641,0.001,0.282,1.082,,,4.142,99.0,3023,8007,0,0,0,146,14,9,15,135,True
991,1771515507.3005588,10426.749899997958,pawn_shop,2.035,10.7,0.3604,1.0472,480,320,0.702,0.963,0.179,0.784,0.281,0.609,0.001,0.266,1.077,,,4.114,99.0,3031,8007,0,0,0,146,14,8,10,130,True
992,1771515507.310561,10436.75069999881,pawn_shop,2.093,10.7,0.4364,1.0472,480,320,0.737,0.941,0.175,0.766,0.261,0.577,0.001,0.276,1.089,,,4.08,99.0,3038,8007,0,0,0,146,14,8,2,122,True
993,1771515507.3205633,10446.748499991372,pawn_shop,2.149,10.7,0.4684,1.0472,480,320,0.701,0.877,0.167,0.71,0.005,0.553,0.001,0.286,1.076,,,3.686,99.0,3044,8007,0,0,0,146,14,8,0,120,True
994,1771515507.3315659,10457.657899998594,pawn_shop,2.207,10.7,0.4724,1.0472,480,320,0.716,0.904,0.165,0.738,0.005,0.539,0.001,0.262,1.078,,,3.701,99.0,3052,8007,0,0,0,146,14,8,0,120,True
995,1771515507.3425682,10468.634699995164,pawn_shop,2.264,10.7,0.4724,1.0472,480,320,0.677,0.804,0.155,0.649,0.005,0.537,0.001,0.284,1.074,,,3.587,99.0,3055,8007,0,0,0,146,14,8,0,120,True
996,1771515507.3535707,10479.624200001126,pawn_shop,2.322,10.7,0.4724,1.0472,480,320,0.711,0.908,0.164,0.744,0.004,0.54,0.001,0.26,1.079,,,3.7,99.0,3064,8007,0,0,0,146,14,8,0,120,True
997,1771515507.3645735,10490.618700001505,pawn_shop,2.38,10.7,0.4724,1.0472,480,320,0.721,0.928,0.17,0.758,0.005,0.544,0.001,0.249,1.084,,,3.716,99.0,3073,8007,0,0,0,146,14,8,0,120,True
998,1771515507.3755758,10501.622099996894,pawn_shop,2.438,10.7,0.4724,1.0472,480,320,0.708,0.897,0.163,0.734,0.005,0.537,0.001,0.238,1.073,,,3.651,99.0,3081,8007,0,0,0,146,14,8,0,120,True
999,1771515507.386578,10512.645499999053,pawn_shop,2.496,10.7,0.4724,1.0472,480,320,0.732,0.957,0.177,0.781,0.005,0.547,0.001,0.268,1.085,,,3.792,99.0,3091,8007,0,0,0,146,14,8,0,120,True
1000,1771515507.3975809,10523.61399999063,pawn_shop,2.554,10.7,0.4724,1.0472,480,320,0.695,0.891,0.159,0.732,0.004,0.54,0.001,0.29,1.085,,,3.703,92.6,3099,8007,0,0,0,146,14,8,0,120,True
1001,1771515507.4085834,10534.68040000007,pawn_shop,2.613,10.7,0.4724,1.0472,480,320,0.811,0.981,0.19,0.791,0.005,0.56,0.001,0.275,1.099,,,3.933,92.6,3109,8007,0,0,0,146,14,8,0,120,True
1002,1771515507.4195857,10545.63799999596,pawn_shop,2.671,10.7,0.4724,1.0472,480,320,0.759,0.928,0.167,0.761,0.005,0.549,0.001,0.266,1.095,,,3.805,92.6,3119,8007,0,0,0,146,14,8,0,120,True
1003,1771515507.4305882,10556.643299991265,pawn_shop,2.73,10.7,0.4724,1.0472,480,320,0.741,0.936,0.169,0.767,0.005,0.541,0.001,0.253,1.087,,,3.763,92.6,3129,8007,0,0,0,146,14,7,0,120,True
1004,1771515507.4415908,10567.696999991313,pawn_shop,2.789,10.7,0.4724,1.0472,480,320,0.814,0.961,0.184,0.777,0.005,0.547,0.001,0.278,1.092,,,3.894,92.6,3138,8007,0,0,0,146,14,7,0,120,True
1005,1771515507.452593,10578.647000002093,pawn_shop,2.847,10.7,0.4724,1.0472,480,320,0.728,0.875,0.166,0.709,0.005,0.537,0.001,0.285,1.099,,,3.722,92.6,3145,8007,0,0,0,146,14,7,0,120,True
1006,1771515507.4635959,10589.649799992912,pawn_shop,2.906,10.7,0.4724,1.0472,480,320,0.785,0.842,0.169,0.674,0.004,0.541,0.001,0.262,1.089,,,3.719,92.6,3149,8007,0,0,0,146,14,7,0,120,True
1007,1771515507.4745984,10600.647500003106,pawn_shop,2.965,10.7,0.4724,1.0472,480,320,0.769,0.859,0.166,0.693,0.005,0.536,0.001,0.267,1.079,,,3.714,92.6,3155,8007,0,0,0,146,14,7,0,120,True
1008,1771515507.4856005,10611.721499997657,pawn_shop,3.023,10.7,0.4764,1.0472,480,320,0.748,0.785,0.167,0.618,0.005,0.544,0.001,0.247,1.072,,,3.599,92.6,3156,8007,0,0,0,146,14,7,0,120,True
1009,1771515507.4966035,10622.781700003543,pawn_shop,3.082,10.7,0.4564,1.0472,480,320,0.751,0.828,0.179,0.649,0.005,0.549,0.001,0.28,1.087,,,3.706,92.6,3159,8007,0,0,0,146,14,7,0,120,True
1010,1771515507.5076056,10633.735499999602,pawn_shop,3.141,10.7,0.4444,1.0472,480,320,0.737,0.812,0.169,0.643,0.005,0.538,0.001,0.277,1.079,,,3.584,90.9,3163,8007,0,0,0,146,14,7,0,120,True
1011,1771515507.518608,10644.724999991013,pawn_shop,3.2,10.7,0.4404,1.0472,480,320,0.75,0.821,0.175,0.646,0.004,0.543,0.001,0.282,1.077,,,3.611,90.9,3166,8007,0,0,0,146,14,7,0,120,True
1012,1771515507.5296106,10655.695399997057,pawn_shop,3.259,10.7,0.4404,1.0472,480,320,0.734,0.803,0.167,0.636,0.004,0.542,0.001,0.337,1.083,,,3.638,90.9,3169,8007,0,0,0,146,14,7,0,120,True
1013,1771515507.5406132,10666.752099990845,pawn_shop,3.319,10.7,0.4324,1.0472,480,320,0.739,0.831,0.18,0.65,0.238,0.556,0.001,0.282,1.076,,,3.865,90.9,3171,8007,0,0,0,146,14,7,1,121,True
1014,1771515507.5506153,10676.758699992206,pawn_shop,3.377,10.7,0.4124,1.0472,480,320,0.702,0.856,0.168,0.688,0.249,0.579,0.001,0.284,1.081,,,3.952,90.9,3174,8007,0,0,0,146,14,7,3,123,True
1015,1771515507.5606174,10686.785999991116,pawn_shop,3.435,10.7,0.3764,1.0472,480,320,0.698,0.827,0.173,0.654,0.262,0.599,0.001,0.282,1.07,,,3.93,90.9,3178,8007,0,0,0,146,14,8,7,127,True
1016,1771515507.57162,10696.932399994694,pawn_shop,3.493,10.7,0.3244,1.0472,480,320,0.74,0.879,0.202,0.677,0.327,0.645,0.001,0.331,1.092,,,4.235,90.9,3180,8007,0,0,0,146,14,8,13,133,True
1017,1771515507.5826228,10707.93039999262,pawn_shop,3.552,10.7,0.2644,1.0472,480,320,0.779,0.882,0.198,0.684,0.32,0.643,0.001,0.278,1.075,,,4.196,90.9,3189,8007,0,0,0,146,14,8,18,138,True
1018,1771515507.592625,10718.832099999418,pawn_shop,3.612,10.7,0.2124,1.0472,480,320,0.751,0.892,0.205,0.688,0.402,0.686,0.001,0.281,1.078,,,4.307,90.9,3197,8007,0,0,0,146,14,8,19,139,True
1019,1771515507.6036272,10729.925899999216,pawn_shop,3.673,10.7,0.1644,1.0472,480,320,0.746,0.902,0.2,0.702,0.323,0.684,0.001,0.314,1.097,,,4.274,90.9,3204,8007,0,0,0,146,14,9,19,139,True
1020,1771515507.61463,10740.877399992314,pawn_shop,3.734,10.7,0.1364,1.0472,480,320,0.727,0.879,0.203,0.676,0.321,0.684,0.001,0.279,1.074,,,4.162,93.5,3210,8007,0,0,0,146,14,9,19,139,True
1021,1771515507.6256323,10751.756500001648,pawn_shop,3.797,10.7,0.1244,1.0472,480,320,0.699,0.82,0.192,0.629,0.313,0.679,0.001,0.315,1.072,,,4.106,93.5,3213,8007,0,0,0,146,14,9,19,139,True
1022,1771515507.6356344,10761.740499990992,pawn_shop,3.859,10.7,0.1164,1.0472,480,320,0.716,0.867,0.199,0.668,0.325,0.712,0.001,0.313,1.108,,,4.248,93.5,3217,8007,0,0,0,146,14,9,20,140,True
1023,1771515507.6466372,10772.747299997718,pawn_shop,3.922,10.7,0.1164,1.0472,480,320,0.751,0.887,0.212,0.675,0.324,0.705,0.001,0.302,1.09,,,4.262,93.5,3222,8007,0,0,0,146,14,9,20,140,True
1024,1771515507.6576397,10783.860099996673,pawn_shop,3.985,10.7,0.1124,1.0472,480,320,0.777,0.93,0.217,0.713,0.328,0.714,0.001,0.309,1.139,,,4.398,93.5,3228,8007,0,0,0,146,14,9,20,140,True
1025,1771515507.6686423,10794.886000003316,pawn_shop,4.048,10.7,0.1124,1.0472,480,320,0.771,0.928,0.218,0.71,0.326,0.703,0.001,0.323,1.108,,,4.367,93.5,3234,8007,0,0,0,146,14,9,20,140,True
1026,1771515507.6796446,10805.784199998016,pawn_shop,4.113,10.7,0.1124,1.0472,480,320,0.778,0.929,0.215,0.714,0.335,0.704,0.001,0.301,1.084,,,4.334,93.5,3241,8007,0,0,0,146,14,9,21,141,True
1027,1771515507.6906474,10816.83239999984,pawn_shop,4.177,10.7,0.1084,1.0472,480,320,0.814,0.954,0.218,0.736,0.337,0.706,0.001,0.324,1.101,,,4.433,93.5,3248,8007,0,0,0,146,14,9,20,140,True
1028,1771515507.70165,10827.74619999691,pawn_shop,4.243,10.7,0.1084,1.0472,480,320,0.765,0.95,0.212,0.738,0.338,0.712,0.001,0.358,1.109,,,4.434,93.5,3255,8007,0,0,0,146,14,9,21,141,True
1029,1771515507.712652,10838.801399993827,pawn_shop,4.31,10.7,0.1084,1.0472,480,320,0.79,0.948,0.217,0.731,0.338,0.7,0.001,0.322,1.098,,,4.391,93.5,3262,8007,0,0,0,146,14,9,21,141,True
1030,1771515507.723655,10849.852699990151,pawn_shop,4.376,10.7,0.1044,1.0472,480,320,0.797,0.983,0.219,0.764,0.346,0.693,0.001,0.356,1.104,,,4.475,91.7,3274,8007,0,0,0,146,14,9,21,141,True
1031,1771515507.7356591,10861.007799991057,pawn_shop,4.443,10.7,0.0924,1.0472,480,320,1.042,1.011,0.229,0.782,0.363,0.722,0.001,0.322,1.099,,,4.769,91.7,3288,8007,0,0,0,146,14,9,22,142,True
1032,1771515507.7446594,10870.812599998317,pawn_shop,4.508,10.7,0.0844,1.0472,480,320,0.798,1.05,0.224,0.827,0.372,0.727,0.001,0.382,1.131,,,4.708,91.7,3305,8007,0,0,0,146,14,9,23,143,True
1033,1771515507.7556632,10881.06759999937,pawn_shop,4.573,10.7,0.0724,1.0472,480,320,0.79,1.009,0.23,0.779,0.355,0.728,0.001,0.315,1.094,,,4.497,91.7,3319,8007,0,0,0,146,14,9,23,143,True
1034,1771515507.7646635,10890.794699997059,pawn_shop,4.637,10.7,0.0604,1.0472,480,320,0.74,0.918,0.188,0.729,0.342,0.698,0.001,0.276,1.08,,,4.239,91.7,3330,8007,0,0,0,146,14,9,23,143,True
1035,1771515507.7746658,10900.886799994623,pawn_shop,4.7,10.7,0.0364,1.0472,480,320,0.656,0.854,0.174,0.68,0.33,0.693,0.001,0.229,1.088,,,4.021,91.7,3339,8007,0,0,0,146,14,9,23,143,True
1036,1771515507.7846923,10910.803299993859,pawn_shop,4.763,10.7,0.0164,1.0472,480,320,0.868,1.029,0.27,0.759,0.381,0.705,0.001,0.426,1.091,,,4.716,91.7,3350,8007,0,0,0,146,14,9,23,143,True
1037,1771515507.7946706,10920.940700001665,pawn_shop,4.825,10.7,-0.0116,1.0472,480,320,0.883,0.977,0.215,0.763,0.361,0.714,0.001,0.274,1.082,,,4.494,91.7,3362,8007,0,0,0,146,14,9,24,144,True
1038,1771515507.8056734,10931.906400001026,pawn_shop,4.888,10.7,-0.0396,1.0472,480,320,0.684,0.946,0.179,0.767,0.358,0.695,0.001,0.245,1.073,,,4.206,91.7,3376,8007,0,0,0,146,14,9,24,144,True
1039,1771515507.8166757,10942.945599992527,pawn_shop,4.952,10.7,-0.0676,1.0472,480,320,0.689,0.975,0.186,0.79,0.348,0.702,0.001,0.211,1.079,,,4.22,91.7,3391,8007,0,0,0,146,14,9,24,144,True
1040,1771515507.827679,10953.819899994414,pawn_shop,5.017,10.7,-0.0916,1.0472,480,320,0.762,1.001,0.191,0.81,0.488,0.707,0.001,0.401,1.102,,,4.669,96.2,3406,8007,0,0,0,146,14,9,25,145,True
1041,1771515507.8386803,10964.825399991241,pawn_shop,5.082,10.698,-0.1116,1.0472,480,320,0.718,1.088,0.198,0.889,0.354,0.705,0.001,0.246,1.084,,,4.411,96.2,3427,8007,0,0,0,146,14,9,25,145,True
1042,1771515507.8496833,10975.867799992557,pawn_shop,5.147,10.695,-0.1276,1.0472,480,320,0.856,1.123,0.193,0.93,0.407,0.723,0.001,0.248,1.076,,,4.637,96.2,3453,8007,0,0,0,146,14,9,25,145,True
1043,1771515507.8606858,10986.780699997325,pawn_shop,5.213,10.692,-0.1316,1.0472,480,320,0.757,1.15,0.183,0.967,0.36,0.709,0.001,0.291,1.075,,,4.54,96.2,3484,8007,0,0,0,146,14,9,25,145,True
1044,1771515507.8716881,10997.926900003222,pawn_shop,5.278,10.687,-0.1356,1.0472,480,320,0.705,1.295,0.334,0.961,0.362,0.715,0.001,0.22,1.077,,,4.581,96.2,3513,8007,0,0,0,146,14,9,25,145,True
1045,1771515507.8826902,11008.734299990465,pawn_shop,5.344,10.681,-0.1356,1.0472,480,320,0.658,1.092,0.186,0.906,0.358,0.727,0.001,0.24,1.077,,,4.338,96.2,3537,8007,0,0,0,146,14,9,26,146,True
1046,1771515507.8926938,11018.774600001052,pawn_shop,5.408,10.675,-0.1396,1.0472,480,320,0.8,1.243,0.242,1.001,0.382,0.725,0.001,0.278,1.069,,,4.73,96.2,3557,8007,0,0,0,146,14,9,27,147,True
1047,1771515507.903695,11029.81059999729,pawn_shop,5.473,10.668,-0.1396,1.0472,480,320,0.744,1.044,0.214,0.83,0.374,0.728,0.001,0.242,1.084,,,4.394,96.2,3572,8007,0,0,0,146,14,9,28,148,True
1048,1771515507.9146976,11040.913199991337,pawn_shop,5.538,10.661,-0.1396,1.0472,480,320,0.711,1.067,0.203,0.863,0.381,0.735,0.001,0.347,1.092,,,4.542,96.2,3588,8007,0,0,0,146,14,9,28,148,True
1049,1771515507.9247146,11050.793399990653,pawn_shop,5.602,10.653,-0.1436,1.0472,480,320,0.701,0.99,0.195,0.795,0.384,0.748,0.001,0.281,1.088,,,4.389,96.2,3602,8007,0,0,0,146,14,9,28,148,True
1050,1771515507.9357023,11061.751699991873,pawn_shop,5.666,10.645,-0.1436,1.0472,480,320,0.71,0.993,0.2,0.793,0.383,0.744,0.001,0.253,1.082,,,4.353,92.6,3616,8007,0,0,0,146,14,9,30,150,True
1051,1771515507.9467049,11072.892900003353,pawn_shop,5.731,10.637,-0.1436,1.0472,480,320,0.806,1.043,0.236,0.807,0.476,0.783,0.001,0.266,1.111,,,4.725,92.6,3626,8007,0,0,0,146,14,9,29,149,True
1052,1771515507.9577072,11083.772700003465,pawn_shop,5.796,10.629,-0.1436,1.0472,480,320,0.718,0.95,0.217,0.733,0.374,0.747,0.001,0.203,1.085,,,4.264,92.6,3634,8007,0,0,0,146,14,9,29,149,True
1053,1771515507.9677095,11093.739299991284,pawn_shop,5.86,10.62,-0.1436,1.0472,480,320,0.756,0.857,0.194,0.663,0.391,0.746,0.001,0.192,1.105,,,4.232,92.6,3640,8007,0,0,0,146,14,9,30,150,True
1054,1771515507.9777124,11103.729499998735,pawn_shop,5.923,10.612,-0.1436,1.0472,480,320,0.733,0.794,0.184,0.61,0.36,0.743,0.001,0.258,1.058,,,4.127,92.6,3645,8007,0,0,0,146,14,9,29,149,True
1055,1771515507.9877138,11113.90830000164,pawn_shop,5.985,10.603,-0.1396,1.0472,480,320,0.801,0.837,0.192,0.645,0.374,0.746,0.001,0.217,1.084,,,4.278,92.6,3652,8007,0,0,0,146,14,9,30,150,True
1056,1771515507.9987168,11124.856399997952,pawn_shop,6.048,10.595,-0.1356,1.0472,480,320,0.731,0.848,0.2,0.647,0.378,0.761,0.001,0.25,1.128,,,4.284,92.6,3661,8007,0,0,0,146,14,9,30,150,True
1057,1771515508.0087187,11134.85829999263,pawn_shop,6.11,10.586,-0.1356,1.0472,480,320,0.918,1.044,0.266,0.778,0.427,0.934,0.001,0.222,1.23,,,4.997,92.6,3669,8007,0,0,0,146,14,9,30,150,True
1058,1771515508.0187216,11144.984400001704,pawn_shop,6.172,10.578,-0.1316,1.0472,480,320,0.758,0.818,0.197,0.621,0.393,0.76,0.001,0.551,1.095,,,4.577,92.6,3676,8007,0,0,0,146,14,9,31,151,True
1059,1771515508.0297232,11155.816200000118,pawn_shop,6.234,10.57,-0.1276,1.0472,480,320,0.72,0.839,0.204,0.635,0.39,0.754,0.001,0.248,1.094,,,4.237,92.6,3680,8007,0,0,0,146,14,9,31,151,True
1060,1771515508.0397258,11165.906399997766,pawn_shop,6.296,10.562,-0.1196,1.0472,480,320,0.695,0.805,0.199,0.607,0.39,0.76,0.001,0.199,1.123,,,4.156,96.2,3683,8007,0,0,0,146,14,9,33,153,True
1061,1771515508.0497284,11175.853699998697,pawn_shop,6.358,10.554,-0.1156,1.0472,480,320,0.716,0.82,0.214,0.606,0.388,0.787,0.001,0.275,1.089,,,4.22,96.2,3683,8007,0,0,0,146,14,9,32,152,True
1062,1771515508.0597298,11185.942500000237,pawn_shop,6.419,10.546,-0.1116,1.0472,480,320,0.907,0.838,0.228,0.61,0.46,0.775,0.001,0.247,1.088,,,4.477,96.2,3683,8007,0,0,0,146,14,8,33,153,True
1063,1771515508.070733,11196.844199992483,pawn_shop,6.481,10.538,-0.1076,1.0472,480,320,0.744,0.791,0.194,0.598,0.407,0.788,0.001,0.321,1.109,,,4.316,96.2,3683,8007,0,0,0,146,14,8,33,153,True
1064,1771515508.0817351,11207.886899996083,pawn_shop,6.543,10.531,-0.0996,1.0472,480,320,0.764,0.822,0.208,0.614,0.408,0.793,0.001,0.274,1.088,,,4.293,96.2,3683,8007,0,0,0,146,14,8,34,154,True
1065,1771515508.0927377,11218.841699999757,pawn_shop,6.607,10.524,-0.0956,1.0472,480,320,0.7,0.812,0.204,0.608,0.408,0.778,0.001,0.243,1.071,,,4.153,96.2,3684,8007,0,0,0,146,14,8,35,155,True
1066,1771515508.1027408,11228.845699995873,pawn_shop,6.669,10.517,-0.0876,1.0472,480,320,0.68,0.799,0.191,0.607,0.407,0.769,0.001,0.235,1.099,,,4.192,96.2,3687,8007,0,0,0,146,14,8,35,155,True
1067,1771515508.1137424,11239.848400000483,pawn_shop,6.732,10.51,-0.0796,1.0472,480,320,0.703,0.853,0.21,0.643,0.412,0.804,0.001,0.266,1.089,,,4.34,96.2,3690,8007,0,0,0,146,14,7,36,156,True
1068,1771515508.1247447,11250.858899991727,pawn_shop,6.796,10.504,-0.0716,1.0472,480,320,0.699,0.851,0.209,0.642,0.419,0.796,0.001,0.222,1.098,,,4.308,96.2,3694,8007,0,0,0,146,14,7,37,157,True
1069,1771515508.1347468,11260.884000002989,pawn_shop,6.859,10.498,-0.0676,1.0472,480,320,0.807,0.83,0.204,0.626,0.577,0.787,0.001,0.228,1.076,,,4.52,96.2,3696,8007,0,0,0,146,14,7,38,158,True
1070,1771515508.1457505,11271.85579999059,pawn_shop,6.922,10.493,-0.0636,1.0472,480,320,0.708,0.877,0.21,0.666,0.416,0.796,0.001,0.24,1.076,,,4.323,94.3,3701,8007,0,0,0,146,14,6,38,158,True
1071,1771515508.1567523,11282.984699995723,pawn_shop,6.986,10.488,-0.0556,1.0472,480,320,0.754,0.913,0.233,0.68,0.432,0.811,0.001,0.308,1.096,,,4.535,94.3,3705,8007,0,0,0,146,14,6,39,159,True
1072,1771515508.1677556,11293.940100003965,pawn_shop,7.046,10.492,-0.0556,1.0472,480,320,0.692,0.91,0.206,0.704,0.429,0.798,0.001,0.268,1.159,,,4.484,94.3,3712,8007,0,0,0,146,14,6,40,160,True
1073,1771515508.1787584,11304.87720000383,pawn_shop,7.105,10.504,-0.0556,1.0472,480,320,0.789,0.969,0.244,0.725,0.472,0.819,0.001,0.328,1.101,,,4.688,94.3,3716,8007,0,0,0,146,14,6,40,160,True
1074,1771515508.1897604,11315.97789999796,pawn_shop,7.162,10.522,-0.0516,1.0472,480,320,0.788,1.013,0.256,0.757,0.466,0.862,0.001,0.489,1.167,,,5.01,94.3,3721,8007,0,0,0,146,14,6,41,161,True
1075,1771515508.1997626,11325.970099991537,pawn_shop,7.216,10.544,-0.0516,1.0472,480,320,0.744,1.01,0.244,0.765,0.466,0.814,0.001,0.233,1.068,,,4.542,94.3,3725,8007,0,0,0,146,14,6,42,162,True
1076,1771515508.2107654,11336.878399990383,pawn_shop,7.269,10.571,-0.0516,1.0472,480,320,0.801,0.959,0.213,0.746,0.463,0.828,0.001,0.215,1.069,,,4.55,94.3,3731,8007,0,0,0,146,14,6,42,162,True
1077,1771515508.2217677,11347.889299999224,pawn_shop,7.321,10.601,-0.0516,1.0472,480,320,0.769,0.918,0.208,0.71,0.455,0.843,0.001,0.216,1.065,,,4.469,94.3,3733,8007,0,0,0,146,14,6,43,163,True
1078,1771515508.2357714,11361.949999991339,pawn_shop,7.372,10.634,-0.0516,1.0472,480,320,0.735,0.954,0.225,0.729,0.469,0.835,0.001,0.267,1.089,,,4.557,94.3,3735,8007,0,0,0,146,14,6,44,164,True
1079,1771515508.2437727,11369.895800002269,pawn_shop,7.423,10.669,-0.0516,1.0472,480,320,0.813,0.903,0.213,0.691,0.455,0.833,0.001,0.209,1.077,,,4.502,94.3,3735,8007,0,0,0,146,14,6,44,164,True
1080,1771515508.2547753,11380.895199996303,pawn_shop,7.473,10.669,-0.0556,1.0472,480,320,0.814,0.92,0.218,0.702,0.471,0.781,0.001,0.23,1.099,,,4.529,91.7,3735,8007,0,0,0,146,14,6,45,165,True
1081,1771515508.265778,11391.863199998625,pawn_shop,7.523,10.669,-0.0556,1.0472,480,320,0.808,0.947,0.214,0.733,0.473,0.782,0.001,0.214,1.076,,,4.451,91.7,3736,8007,0,0,0,146,14,6,45,165,True
1082,1771515508.2767804,11402.935699996306,pawn_shop,7.573,10.669,-0.0596,1.0472,480,320,0.837,0.973,0.222,0.751,0.494,0.817,0.001,0.267,1.088,,,4.626,91.7,3741,8007,0,0,0,146,14,6,45,165,True
1083,1771515508.2887828,11414.231999995536,pawn_shop,7.625,10.7,-0.0636,1.0472,480,320,0.696,0.917,0.215,0.702,0.459,0.774,0.001,0.25,1.077,,,4.314,91.7,3744,8007,0,0,0,146,14,6,44,164,True
1084,1771515508.298785,11424.866799992742,pawn_shop,7.68,10.7,-0.0676,1.0472,480,320,0.742,0.945,0.204,0.74,0.461,0.776,0.001,0.301,1.087,,,4.459,91.7,3749,8007,0,0,0,146,14,6,44,164,True
1085,1771515508.309788,11436.008899996523,pawn_shop,7.737,10.7,-0.0756,1.0472,480,320,0.707,0.974,0.217,0.757,0.483,0.784,0.001,0.238,1.079,,,4.408,91.7,3752,8007,0,0,0,146,14,6,45,165,True
1086,1771515508.32079,11446.9276000018,pawn_shop,7.796,10.7,-0.0836,1.0472,480,320,0.725,0.94,0.208,0.732,0.467,0.784,0.001,0.213,1.079,,,4.397,91.7,3756,8007,0,0,0,146,14,6,45,165,True
1087,1771515508.3317926,11458.027000000584,pawn_shop,7.856,10.7,-0.0916,1.0472,480,320,0.726,0.946,0.214,0.732,0.485,0.799,0.001,0.232,1.079,,,4.475,91.7,3759,8007,0,0,0,146,14,6,46,166,True
1088,1771515508.3427958,11468.907699992997,pawn_shop,7.916,10.7,-0.0956,1.0472,480,320,0.685,0.904,0.202,0.702,0.466,0.781,0.001,0.245,1.072,,,4.34,91.7,3761,8007,0,0,0,146,14,6,46,166,True
1089,1771515508.3537974,11479.891700000735,pawn_shop,7.978,10.7,-0.0996,1.0472,480,320,0.688,0.939,0.209,0.73,0.471,0.792,0.001,0.237,1.082,,,4.394,91.7,3766,8007,0,0,0,146,14,6,46,166,True
1090,1771515508.3648,11490.991099999519,pawn_shop,8.04,10.7,-0.1076,1.0472,480,320,0.804,1.074,0.289,0.784,0.515,0.807,0.001,0.201,1.088,,,4.687,90.9,3770,8007,0,0,0,146,14,6,46,166,True
1091,1771515508.374802,11500.899399994523,pawn_shop,8.101,10.7,-0.1116,1.0472,480,320,0.691,0.921,0.204,0.717,0.469,0.788,0.001,0.299,1.079,,,4.439,90.9,3774,8007,0,0,0,146,14,6,46,166,True
1092,1771515508.3858051,11511.942099998123,pawn_shop,8.163,10.698,-0.1196,1.0472,480,320,0.72,0.982,0.228,0.754,0.498,0.809,0.001,0.248,1.084,,,4.531,90.9,3777,8007,0,0,0,146,14,6,47,167,True
1093,1771515508.3968065,11522.926899997401,pawn_shop,8.225,10.695,-0.1236,1.0472,480,320,0.694,0.979,0.217,0.762,0.499,0.812,0.001,0.229,1.28,,,4.802,90.9,3781,8007,0,0,0,146,14,6,47,167,True
1094,1771515508.4068086,11533.018000001903,pawn_shop,8.287,10.691,-0.1316,1.0472,480,320,0.688,0.934,0.202,0.732,0.48,0.795,0.001,0.266,1.086,,,4.437,90.9,3786,8007,0,0,0,146,14,6,47,167,True
1095,1771515508.417811,11543.985900003463,pawn_shop,8.349,10.686,-0.1396,1.0472,480,320,0.687,0.965,0.211,0.754,0.489,0.8,0.001,0.227,1.08,,,4.435,90.9,3791,8007,0,0,0,146,14,6,47,167,True
1096,1771515508.4288135,11554.969499993604,pawn_shop,8.411,10.681,-0.1476,1.0472,480,320,0.877,1.002,0.242,0.76,0.532,0.812,0.001,0.323,1.098,,,4.841,90.9,3793,8007,0,0,0,146,14,6,48,168,True
1097,1771515508.4388158,11564.917299998342,pawn_shop,8.472,10.674,-0.1556,1.0472,480,320,0.699,0.948,0.208,0.74,0.508,0.81,0.001,0.314,1.088,,,4.563,90.9,3797,8007,0,0,0,146,14,6,48,168,True
1098,1771515508.44982,11576.089499998488,pawn_shop,8.534,10.667,-0.1716,1.0472,480,320,0.957,1.123,0.255,0.868,0.574,0.861,0.001,0.282,1.106,,,5.148,90.9,3804,8007,0,0,0,146,14,6,50,170,True
1099,1771515508.4608207,11586.97599999141,pawn_shop,8.596,10.658,-0.1876,1.0472,480,320,0.715,1.022,0.221,0.801,0.54,0.847,0.001,0.26,1.095,,,4.674,90.9,3809,8007,0,0,0,146,14,6,51,171,True
1100,1771515508.470823,11596.961499992176,pawn_shop,8.658,10.649,-0.2036,1.0472,480,320,0.686,0.952,0.211,0.741,0.527,0.85,0.001,0.281,1.074,,,4.56,94.3,3813,8007,0,0,0,146,14,6,53,173,True
1101,1771515508.4818258,11607.987099996535,pawn_shop,8.719,10.639,-0.2156,1.0472,480,320,0.685,0.961,0.21,0.752,0.562,0.86,0.001,0.293,1.077,,,4.631,94.3,3819,8007,0,0,0,146,14,6,54,174,True
1102,1771515508.4928284,11618.974500001059,pawn_shop,8.781,10.628,-0.2316,1.0472,480,320,0.672,0.964,0.215,0.75,0.542,0.861,0.001,0.282,1.077,,,4.587,94.3,3825,8007,0,0,0,146,14,6,55,175,True
1103,1771515508.5038304,11629.969599991455,pawn_shop,8.842,10.616,-0.2476,1.0472,480,320,0.722,1.016,0.226,0.79,0.572,0.887,0.001,0.273,1.076,,,4.735,94.3,3832,8007,0,0,0,146,14,6,57,177,True
1104,1771515508.514834,11640.34030000039,pawn_shop,8.905,10.604,-0.2556,1.0472,480,320,0.843,1.05,0.234,0.816,0.61,0.895,0.001,0.257,1.081,,,4.942,94.3,3841,8007,0,0,0,146,14,6,58,178,True
1105,1771515508.523835,11650.01630000188,pawn_shop,8.966,10.59,-0.2596,1.0472,480,320,0.788,1.051,0.237,0.814,0.586,0.916,0.001,0.208,1.085,,,4.832,94.3,3850,8007,0,0,0,146,14,6,58,178,True
1106,1771515508.5338378,11659.7352999961,pawn_shop,9.027,10.577,-0.2396,1.0472,480,320,0.72,1.039,0.247,0.792,0.6,0.896,0.001,0.263,1.116,,,4.833,94.3,3855,8007,0,0,0,146,14,6,55,175,True
1107,1771515508.5448396,11671.0396999988,pawn_shop,9.089,10.564,-0.1836,1.0472,480,320,0.693,0.981,0.224,0.757,0.534,0.869,0.001,0.241,1.08,,,4.543,94.3,3860,8007,0,0,0,146,14,6,49,169,True
1108,1771515508.5558424,11682.03270000231,pawn_shop,9.151,10.552,-0.0956,1.0472,480,320,0.711,0.906,0.2,0.706,0.487,0.811,0.001,0.343,1.072,,,4.542,94.3,3861,8007,0,0,0,146,14,6,38,158,True
1109,1771515508.5668447,11693.06140000117,pawn_shop,9.214,10.542,0.0004,1.0472,480,320,0.732,0.91,0.198,0.712,0.405,0.744,0.001,0.236,1.098,,,4.317,94.3,3862,8007,0,0,0,146,14,5,27,147,True
1110,1771515508.577848,11704.110399994534,pawn_shop,9.278,10.535,0.0484,1.0472,480,320,0.685,0.873,0.183,0.691,0.384,0.701,0.001,0.432,1.121,,,4.447,93.5,3862,8007,0,0,0,146,14,5,20,140,True
1111,1771515508.5878491,11713.996099992073,pawn_shop,9.341,10.53,0.0524,1.0472,480,320,0.818,0.907,0.204,0.703,0.377,0.717,0.001,0.289,1.088,,,4.42,93.5,3862,8007,0,0,0,146,14,5,19,139,True
1112,1771515508.5988524,11725.057099989499,pawn_shop,9.404,10.526,0.0564,1.0472,480,320,0.732,0.883,0.192,0.691,0.355,0.706,0.001,0.217,1.091,,,4.195,93.5,3863,8007,0,0,0,146,14,5,18,138,True
1113,1771515508.6098545,11735.970699999598,pawn_shop,9.468,10.524,0.0604,1.0472,480,320,0.836,0.867,0.191,0.676,0.349,0.681,0.001,0.266,1.077,,,4.291,93.5,3863,8007,0,0,0,146,14,5,16,136,True
1114,1771515508.6208582,11746.898099998361,pawn_shop,9.533,10.523,0.0604,1.0472,480,320,0.691,0.819,0.167,0.652,0.328,0.67,0.001,0.257,1.073,,,4.048,93.5,3863,8007,0,0,0,146,14,5,14,134,True
1115,1771515508.630859,11756.903399989824,pawn_shop,9.596,10.523,0.0604,1.0472,480,320,0.71,0.859,0.176,0.683,0.327,0.693,0.001,0.217,1.075,,,4.071,93.5,3863,8007,0,0,0,146,14,5,13,133,True
1116,1771515508.6408625,11766.909600002691,pawn_shop,9.659,10.524,0.0604,1.0472,480,320,0.718,0.869,0.172,0.697,0.331,0.659,0.001,0.233,1.076,,,4.09,93.5,3863,8007,0,0,0,146,14,5,11,131,True
1117,1771515508.6508641,11777.062299996032,pawn_shop,9.721,10.525,0.0604,1.0472,480,320,0.708,0.884,0.194,0.69,0.299,0.645,0.001,0.24,1.095,,,4.076,93.5,3865,8007,0,0,0,146,14,5,9,129,True
1118,1771515508.6608663,11787.027700003819,pawn_shop,9.783,10.527,0.0604,1.0472,480,320,0.779,0.931,0.206,0.725,0.435,0.625,0.001,0.193,1.221,,,4.428,93.5,3865,8007,0,0,0,146,14,5,7,127,True
1119,1771515508.6718686,11798.08399999456,pawn_shop,9.845,10.529,0.0604,1.0472,480,320,0.749,0.854,0.183,0.671,0.268,0.617,0.001,0.206,1.071,,,3.966,93.5,3868,8007,0,0,0,146,14,5,4,124,True
1120,1771515508.6818707,11808.127199998125,pawn_shop,9.903,10.54,0.0604,1.0472,480,320,0.693,0.804,0.168,0.637,0.38,0.616,0.001,0.268,1.277,,,4.243,96.2,3869,8007,0,0,0,146,14,5,1,121,True
1121,1771515508.692874,11819.05910000205,pawn_shop,9.959,10.557,0.0604,1.0472,480,320,0.779,0.923,0.197,0.726,0.006,0.573,0.001,0.243,1.114,,,3.854,96.2,3870,8007,0,0,0,146,14,4,0,120,True
1122,1771515508.7028756,11828.93889999832,pawn_shop,10.012,10.58,0.0604,1.0472,480,320,0.72,0.762,0.163,0.599,0.004,0.547,0.001,0.279,1.093,,,3.586,96.2,3870,8007,0,0,0,146,14,4,0,120,True
1123,1771515508.7138789,11839.915999997174,pawn_shop,10.063,10.608,0.0604,1.0472,480,320,0.688,0.849,0.152,0.697,0.004,0.548,0.001,0.266,1.058,,,3.598,96.2,3880,8007,0,0,0,146,14,4,0,120,True
1124,1771515508.7248812,11850.9139999951,pawn_shop,10.112,10.639,0.0604,1.0472,480,320,0.713,0.787,0.156,0.63,0.004,0.552,0.001,0.209,1.074,,,3.535,96.2,3883,8007,0,0,0,146,14,4,0,120,True
1125,1771515508.7358837,11861.926999990828,pawn_shop,10.161,10.674,0.0604,1.0472,480,320,0.694,0.809,0.164,0.645,0.005,0.557,0.001,0.216,1.058,,,3.535,96.2,3885,8007,0,0,0,146,14,4,0,120,True
1126,1771515508.745885,11871.906300002593,pawn_shop,10.208,10.674,0.0604,1.0472,480,320,0.81,0.775,0.154,0.621,0.004,0.703,0.001,0.177,1.074,,,3.734,96.2,3888,8007,0,0,0,146,14,4,0,120,True
1127,1771515508.756903,11882.937699992908,pawn_shop,10.254,10.674,0.0604,1.0472,480,320,0.679,0.879,0.154,0.725,0.004,0.556,0.001,0.226,1.074,,,3.609,96.2,3901,8007,0,0,0,146,14,4,0,120,True
1128,1771515508.76789,11894.084200001089,pawn_shop,10.3,10.674,0.0564,1.0472,480,320,0.84,0.941,0.201,0.741,0.005,0.621,0.001,0.242,1.125,,,4.009,96.2,3910,8007,0,0,0,146,14,3,0,120,True
1129,1771515508.7778926,11904.099899998982,pawn_shop,10.345,10.674,0.0324,1.0472,480,320,0.755,0.873,0.175,0.698,0.004,0.568,0.001,0.249,1.097,,,3.68,96.2,3916,8007,0,0,0,146,14,3,0,120,True
1130,1771515508.7878947,11914.026099999319,pawn_shop,10.389,10.674,0.0084,1.0472,480,320,0.71,0.75,0.158,0.592,0.004,0.552,0.001,0.28,1.069,,,3.544,94.3,3916,8007,0,0,0,146,14,3,0,120,True
1131,1771515508.7988968,11925.051799989888,pawn_shop,10.434,10.674,-0.0196,1.0472,480,320,0.707,0.897,0.164,0.733,0.004,0.577,0.001,0.288,1.083,,,3.737,94.3,3928,8007,0,0,0,146,14,5,0,120,True
1132,1771515508.8099012,11935.211399992113,pawn_shop,10.482,10.674,-0.0476,1.0472,480,320,0.683,0.891,0.157,0.734,0.004,0.574,0.001,0.252,1.086,,,3.671,94.3,3941,8007,0,0,0,146,14,5,0,120,True
1133,1771515508.8189025,11945.08049999422,pawn_shop,10.532,10.7,-0.0796,1.0472,480,320,0.723,0.896,0.173,0.723,0.004,0.592,0.001,0.255,1.091,,,3.742,94.3,3951,8007,0,0,0,146,14,5,0,120,True
1134,1771515508.8289046,11955.065699992701,pawn_shop,10.584,10.7,-0.1076,1.0472,480,320,0.701,0.867,0.154,0.713,0.003,0.598,0.001,0.181,1.069,,,3.591,94.3,3962,8007,0,0,0,146,14,5,0,120,True
1135,1771515508.8389065,11965.048799989745,pawn_shop,10.638,10.7,-0.1356,1.0472,480,320,0.7,0.926,0.153,0.774,0.004,0.579,0.001,0.281,1.072,,,3.741,94.3,3979,8007,0,0,0,146,14,5,0,120,True
1136,1771515508.8489087,11975.086499995086,pawn_shop,10.692,10.7,-0.1716,1.0472,480,320,0.687,1.017,0.176,0.841,0.005,0.607,0.001,0.246,1.278,,,4.028,94.3,3990,8007,0,0,0,146,14,5,0,120,True
1137,1771515508.8589108,11985.107000000426,pawn_shop,10.747,10.7,-0.2116,1.0472,480,320,0.803,0.939,0.165,0.774,0.004,0.611,0.001,0.215,1.111,,,3.864,94.3,4005,8007,0,0,0,146,14,5,0,120,True
1138,1771515508.868913,11995.118099992396,pawn_shop,10.803,10.7,-0.2516,1.0472,480,320,0.795,0.86,0.16,0.699,0.004,0.594,0.001,0.209,1.111,,,3.752,94.3,4015,8007,0,0,0,146,14,5,0,120,True
1139,1771515508.878915,12005.087400000775,pawn_shop,10.859,10.699,-0.2996,1.0472,480,320,0.777,0.908,0.156,0.752,0.004,0.596,0.001,0.226,1.122,,,3.815,94.3,4031,8007,0,0,0,146,14,6,0,120,True
1140,1771515508.8889172,12015.094000002136,pawn_shop,10.915,10.694,-0.3436,1.0472,480,320,0.767,0.86,0.164,0.696,0.004,0.631,0.001,0.247,1.249,,,3.941,99.0,4041,8007,0,0,0,147,14,6,0,120,True
1141,1771515508.89992,12025.262900002417,pawn_shop,10.971,10.686,-0.3876,1.0472,480,320,0.748,0.916,0.173,0.743,0.004,0.64,0.001,0.231,1.123,,,3.866,99.0,4054,8007,0,0,0,147,14,6,0,120,True
1142,1771515508.909923,12035.240999990492,pawn_shop,11.027,10.674,-0.4316,1.0472,480,320,0.68,0.929,0.153,0.776,0.003,0.641,0.001,0.246,1.108,,,3.785,99.0,4072,8007,0,0,0,147,14,6,0,120,True
1143,1771515508.918924,12045.197799991001,pawn_shop,11.082,10.66,-0.4716,1.0472,480,320,0.694,0.939,0.16,0.779,0.004,0.624,0.001,0.219,1.098,,,3.759,99.0,4087,8007,0,0,0,147,14,6,0,120,True
1144,1771515508.928927,12055.114699993283,pawn_shop,11.137,10.643,-0.5116,1.0472,480,320,0.715,0.913,0.162,0.751,0.005,0.64,0.001,0.222,1.111,,,3.93,99.0,4100,8007,0,0,0,147,14,6,0,120,True
1145,1771515508.9399288,12065.25739999779,pawn_shop,11.191,10.624,-0.5516,1.0472,480,320,0.83,1.243,0.212,1.03,0.006,0.727,0.001,0.517,1.167,,,4.72,99.0,4115,8007,0,0,0,147,14,6,0,120,True
1146,1771515508.948932,12075.178400002187,pawn_shop,11.244,10.602,-0.5836,1.0472,480,320,0.807,1.059,0.201,0.858,0.005,0.719,0.001,0.328,1.146,,,4.293,99.0,4133,8007,0,0,0,147,14,7,0,120,True
1147,1771515508.9609342,12086.300099996151,pawn_shop,11.298,10.577,-0.6196,1.0472,480,320,0.781,1.067,0.203,0.863,0.007,0.658,0.001,0.326,1.158,,,4.217,99.0,4149,8007,0,0,0,147,14,8,0,120,True
1148,1771515508.9709365,12097.214199995506,pawn_shop,11.351,10.549,-0.6556,1.0472,480,320,0.803,1.099,0.208,0.891,0.006,0.647,0.001,0.352,1.154,,,4.295,99.0,4166,8007,0,0,0,147,14,8,0,120,True
1149,1771515508.9819388,12107.924099997035,pawn_shop,11.403,10.52,-0.6876,1.0472,480,320,1.191,1.519,0.304,1.215,0.009,0.689,0.002,0.344,1.311,,,5.398,99.0,4185,8007,0,0,0,147,14,8,0,120,True
1150,1771515508.9919412,12117.361399999936,pawn_shop,11.454,10.488,-0.7196,1.0472,480,320,0.871,1.204,0.233,0.971,0.006,0.582,0.001,0.445,1.441,,,4.797,98.0,4204,8007,0,0,0,147,14,8,0,120,True
1151,1771515509.0019436,12127.39129998954,pawn_shop,11.503,10.455,-0.7596,1.0472,480,320,0.874,1.259,0.214,1.044,0.01,0.68,0.002,0.385,1.218,,,4.678,98.0,4224,8007,0,0,0,147,14,8,0,120,True
1152,1771515509.0129461,12138.729400001466,pawn_shop,11.552,10.419,-0.8076,1.0472,480,320,0.877,1.124,0.225,0.899,0.319,0.764,0.001,0.481,1.312,,,5.159,98.0,4238,8007,0,0,0,147,14,8,3,123,True
1153,1771515509.0229485,12148.402499995427,pawn_shop,11.599,10.381,-0.8556,1.0472,480,320,0.938,1.363,0.248,1.115,0.388,0.698,0.001,0.373,1.372,,,5.417,98.0,4254,8007,0,0,0,147,14,8,8,128,True
1154,1771515509.0329514,12158.38029999577,pawn_shop,11.644,10.342,-0.9156,1.0472,480,320,0.947,1.262,0.273,0.989,0.397,0.73,0.001,0.322,1.335,,,5.277,98.0,4268,8007,0,0,0,147,14,10,14,134,True
1155,1771515509.0429533,12168.385700002545,pawn_shop,11.687,10.3,-0.9796,1.0472,480,320,0.961,1.234,0.267,0.967,0.428,0.982,0.001,0.327,1.404,,,5.615,98.0,4278,8007,0,0,0,147,14,12,21,141,True
1156,1771515509.052955,12178.622499995981,pawn_shop,11.727,10.257,-1.0676,1.0472,480,320,1.028,1.256,0.278,0.979,0.516,0.947,0.002,0.355,1.394,,,5.815,98.0,4287,8007,0,0,0,147,14,12,31,151,True
1157,1771515509.0629573,12188.659099992947,pawn_shop,11.765,10.211,-1.1476,1.0472,480,320,1.117,1.243,0.302,0.941,0.558,0.982,0.002,0.366,1.413,,,5.994,98.0,4289,8007,0,0,0,147,14,12,40,160,True
1158,1771515509.07296,12198.763899999904,pawn_shop,11.805,10.169,-1.2316,1.0472,480,320,1.03,1.152,0.324,0.828,0.575,1.077,0.001,0.33,1.319,,,5.764,98.0,4289,8007,0,0,0,147,14,12,52,172,True
1159,1771515509.0829613,12208.614100003615,pawn_shop,11.848,10.13,-1.3156,1.0472,480,320,1.017,1.222,0.365,0.856,0.67,1.158,0.002,0.377,1.527,,,6.34,98.0,4289,8007,0,0,0,147,14,12,62,182,True
1160,1771515509.0939643,12219.377599991276,pawn_shop,11.892,10.09,-1.3996,1.0472,480,320,0.869,1.125,0.335,0.79,0.675,1.064,0.001,0.347,1.224,,,5.577,98.0,4289,8007,0,0,0,147,14,13,74,194,True
1161,1771515509.1039665,12229.348199995002,pawn_shop,11.937,10.051,-1.4676,1.0472,480,320,0.812,1.072,0.304,0.768,0.606,1.3,0.002,0.548,1.332,,,6.011,98.0,4289,8007,0,0,0,147,14,13,81,201,True
1162,1771515509.1139688,12239.350599993486,pawn_shop,11.982,10.011,-1.5196,1.0472,480,320,0.841,1.179,0.332,0.847,0.692,1.153,0.001,0.36,1.373,,,5.89,98.0,4289,8007,0,0,0,147,14,13,91,211,True
1163,1771515509.124971,12250.460800001747,pawn_shop,12.027,9.971,-1.5596,1.0472,480,320,0.907,1.291,0.389,0.902,0.793,1.27,0.002,0.368,1.313,,,6.257,98.0,4289,8007,0,0,0,147,14,13,97,217,True
1164,1771515509.1349738,12260.378899998614,pawn_shop,12.072,9.929,-1.5916,1.0472,480,320,0.838,1.428,0.478,0.949,0.755,1.275,0.001,0.343,1.338,,,6.276,98.0,4289,8007,0,0,0,147,14,13,103,223,True
1165,1771515509.144976,12270.518299992546,pawn_shop,12.116,9.888,-1.6116,1.0472,480,320,0.964,1.224,0.357,0.867,0.731,1.524,0.002,0.389,1.472,,,6.662,98.0,4289,8007,0,0,0,147,14,13,109,229,True
1166,1771515509.1549788,12281.214999995427,pawn_shop,12.16,9.845,-1.6276,1.0472,480,320,0.892,1.565,0.43,1.135,0.783,1.271,0.002,0.355,1.279,,,6.474,98.0,4289,8007,0,0,0,147,14,13,109,229,True
1167,1771515509.1649804,12291.232100003981,pawn_shop,12.203,9.801,-1.6436,1.0472,480,320,0.936,1.265,0.374,0.891,0.745,1.321,0.001,0.369,1.899,,,6.946,98.0,4289,8007,0,0,0,147,14,13,110,230,True
1168,1771515509.1769836,12302.66760000086,pawn_shop,12.237,9.754,-1.6636,1.0472,480,320,0.974,1.246,0.391,0.855,0.719,1.26,0.002,0.403,1.333,,,6.416,98.0,4289,8007,0,0,0,147,14,13,112,232,True
1169,1771515509.187986,12313.30419999722,pawn_shop,12.264,9.703,-1.6836,1.0472,480,320,0.951,1.326,0.41,0.916,0.831,1.464,0.001,0.395,1.351,,,6.677,98.0,4289,8007,0,0,0,147,14,13,115,235,True
1170,1771515509.197988,12323.339099995792,pawn_shop,12.284,9.65,-1.7036,1.0472,480,320,1.184,1.409,0.534,0.875,1.054,1.459,0.002,0.364,1.337,,,7.144,96.2,4289,8007,0,0,0,147,14,13,119,239,True
1171,1771515509.2069898,12332.805199999711,pawn_shop,12.298,9.596,-1.7276,1.0472,480,320,0.871,1.305,0.398,0.907,0.777,1.68,0.001,0.588,1.269,,,6.849,96.2,4289,8007,0,0,0,147,14,13,124,244,True
1172,1771515509.2179925,12343.536000000313,pawn_shop,12.308,9.542,-1.7556,1.0472,480,320,0.883,1.367,0.408,0.958,0.873,1.547,0.002,0.341,1.434,,,6.768,96.2,4289,8007,0,0,0,147,14,13,129,249,True
1173,1771515509.2299953,12355.899399990449,pawn_shop,12.313,9.486,-1.7756,1.0472,480,320,0.873,1.371,0.443,0.928,0.85,1.543,0.002,0.363,1.244,,,6.565,96.2,4289,8007,0,0,0,147,14,13,136,256,True
1174,1771515509.2389975,12364.698599994881,pawn_shop,12.315,9.428,-1.8036,1.0472,480,320,0.863,1.512,0.501,1.011,0.851,1.671,0.001,0.342,1.37,,,6.903,96.2,4289,8007,0,0,0,147,14,13,142,262,True
1175,1771515509.2499998,12375.447500002338,pawn_shop,12.313,9.37,-1.8236,1.0472,480,320,0.88,1.432,0.436,0.997,0.947,1.618,0.001,0.356,1.262,,,6.806,96.2,4289,8007,0,0,0,147,14,13,147,267,True
1176,1771515509.2610025,12386.348300002282,pawn_shop,12.309,9.31,-1.8316,1.0472,480,320,0.893,1.349,0.43,0.919,0.84,1.49,0.002,0.423,1.16,,,6.537,96.2,4289,8007,0,0,0,147,14,13,150,270,True
1177,1771515509.2710044,12396.680499994545,pawn_shop,12.302,9.251,-1.8356,1.0472,480,320,0.991,1.536,0.482,1.054,0.879,1.749,0.002,0.512,1.316,,,7.355,96.2,4289,8007,0,0,0,147,14,13,150,270,True
1178,1771515509.2810063,12406.335799998487,pawn_shop,12.294,9.192,-1.8356,1.0472,480,320,0.85,1.479,0.431,1.047,0.967,1.628,0.002,0.349,1.327,,,6.934,96.2,4289,8007,0,0,0,147,14,13,150,270,True
1179,1771515509.2900083,12415.604900001199,pawn_shop,12.284,9.134,-1.8396,1.0472,480,320,1.103,1.384,0.418,0.966,0.855,1.672,0.002,0.44,1.697,,,7.666,96.2,4289,8007,0,0,0,147,14,13,153,273,True
1180,1771515509.301011,12427.249400003348,pawn_shop,12.273,9.074,-1.8476,1.0472,480,320,1.162,1.66,0.521,1.139,0.905,1.578,0.002,0.347,1.423,,,7.401,96.2,4290,8007,0,0,0,147,14,13,153,273,True
1181,1771515509.311014,12436.904699992738,pawn_shop,12.26,9.015,-1.8556,1.0472,480,320,1.062,1.462,0.471,0.991,0.913,1.783,0.002,0.407,1.453,,,7.533,96.2,4291,8007,0,0,0,147,14,13,157,277,True
1182,1771515509.3210156,12446.697399995173,pawn_shop,12.247,8.956,-1.8716,1.0472,480,320,1.074,1.586,0.474,1.111,1.021,1.675,0.002,0.387,1.252,,,7.339,96.2,4291,8007,0,0,0,147,14,13,161,281,True
1183,1771515509.3330188,12458.419899994624,pawn_shop,12.232,8.897,-1.9036,1.0472,480,320,0.882,1.368,0.434,0.934,1.009,1.929,0.002,0.341,1.477,,,7.355,96.2,4291,8007,0,0,0,147,14,13,164,284,True
1184,1771515509.3420208,12468.06069999002,pawn_shop,12.216,8.838,-1.9276,1.0472,480,320,0.885,1.545,0.47,1.075,0.962,1.816,0.001,0.358,1.378,,,7.296,96.2,4292,8007,0,0,0,147,14,13,165,285,True
1185,1771515509.3520224,12477.887999993982,pawn_shop,12.199,8.78,-1.9556,1.0472,480,320,0.974,1.564,0.51,1.054,0.939,1.748,0.002,0.328,1.397,,,7.288,96.2,4297,8007,0,0,0,147,14,13,165,285,True
1186,1771515509.3640258,12489.372600000934,pawn_shop,12.18,8.721,-1.9876,1.0472,480,320,0.953,1.68,0.58,1.1,1.013,1.797,0.002,0.383,1.401,,,7.6,96.2,4302,8007,0,0,0,147,14,13,168,288,True
1187,1771515509.3740275,12499.453900003573,pawn_shop,12.159,8.663,-2.0116,1.0472,480,320,0.886,1.467,0.431,1.036,0.953,1.966,0.002,0.386,1.438,,,7.449,96.2,4308,8007,0,0,0,147,14,13,170,290,True
1188,1771515509.3840296,12509.400599999935,pawn_shop,12.138,8.606,-2.0316,1.0472,480,320,1.048,1.773,0.59,1.183,1.042,1.903,0.002,0.353,1.396,,,7.916,96.2,4312,8007,0,0,0,147,14,13,173,293,True
1189,1771515509.3940322,12519.898899990949,pawn_shop,12.115,8.549,-2.0516,1.0472,480,320,0.894,1.632,0.45,1.182,0.986,1.804,0.002,0.363,1.345,,,7.433,96.2,4315,8007,0,0,0,147,14,13,173,293,True
1190,1771515509.4040341,12529.683400003705,pawn_shop,12.091,8.492,-2.0716,1.0472,480,320,0.912,1.836,0.594,1.242,1.104,2.019,0.002,0.424,1.462,,,8.154,97.1,4318,8007,0,0,0,147,14,13,176,296,True
1191,1771515509.4150372,12540.392900002189,pawn_shop,12.065,8.437,-2.0996,1.0472,480,320,0.941,1.492,0.468,1.024,0.99,1.8,0.002,0.342,1.383,,,7.292,97.1,4321,8007,0,0,0,147,14,13,176,296,True
1192,1771515509.424039,12550.177899989649,pawn_shop,12.039,8.382,-2.1396,1.0472,480,320,0.967,1.609,0.501,1.108,1.05,1.962,0.002,0.369,1.337,,,7.676,97.1,4323,8007,0,0,0,147,14,13,184,304,True
1193,1771515509.435042,12560.65069999022,pawn_shop,12.011,8.329,-2.1796,1.0472,480,320,0.962,1.717,0.554,1.163,1.098,2.029,0.003,0.35,1.384,,,8.008,97.1,4326,8007,0,0,0,147,14,13,197,317,True
1194,1771515509.4450443,12571.104799993918,pawn_shop,11.98,8.275,-2.2276,1.0472,480,320,0.853,1.695,0.517,1.178,1.073,1.95,0.002,0.343,1.385,,,7.624,97.1,4328,8007,0,0,0,147,14,13,202,322,True
1195,1771515509.456046,12581.461800000397,pawn_shop,11.949,8.223,-2.2756,1.0472,480,320,0.943,1.671,0.49,1.181,0.849,1.943,0.001,0.337,1.54,,,7.645,97.1,4330,8007,0,0,0,147,14,13,201,321,True
1196,1771515509.4660485,12591.512500002864,pawn_shop,11.915,8.173,-2.3356,1.0472,480,320,0.902,1.605,0.511,1.094,0.86,1.919,0.001,0.33,1.359,,,7.315,97.1,4332,8007,0,0,0,147,14,13,194,314,True
1197,1771515509.4750504,12601.199600001564,pawn_shop,11.879,8.124,-2.3916,1.0472,480,320,1.031,1.668,0.517,1.151,0.868,1.782,0.001,0.31,1.281,,,7.246,97.1,4334,8007,0,0,0,147,14,13,188,308,True
1198,1771515509.4850528,12610.778799993568,pawn_shop,11.842,8.078,-2.4436,1.0472,480,320,1.06,1.559,0.467,1.093,0.786,1.996,0.002,0.401,1.503,,,7.641,97.1,4337,8007,0,0,0,147,14,13,185,305,True
1199,1771515509.4950545,12620.943999994779,pawn_shop,11.802,8.033,-2.4956,1.0472,480,320,0.823,1.746,0.53,1.215,0.801,1.848,0.002,0.331,1.406,,,7.268,97.1,4338,8007,0,0,0,147,14,13,181,301,True
1200,1771515509.5070574,12632.523599997512,pawn_shop,11.76,7.99,-2.5636,1.0472,480,320,0.844,1.501,0.465,1.036,0.732,1.855,0.001,0.455,1.598,,,7.309,98.0,4339,8007,0,0,0,147,14,13,171,291,True
1201,1771515509.5160604,12642.148500002804,pawn_shop,11.716,7.949,-2.6196,1.0472,480,320,1.185,2.106,0.623,1.483,0.948,1.959,0.002,0.363,1.308,,,8.22,98.0,4340,8007,0,0,0,147,14,13,161,281,True
1202,1771515509.5270624,12652.843599993503,pawn_shop,11.669,7.91,-2.6756,1.0472,480,320,1.086,1.954,0.475,1.479,0.895,2.05,0.002,0.393,1.451,,,8.231,98.0,4342,8007,0,0,0,147,14,13,156,276,True
1203,1771515509.538065,12663.788599995314,pawn_shop,11.621,7.883,-2.7316,1.0472,480,320,0.984,1.623,0.444,1.18,0.842,1.552,0.001,0.324,1.444,,,7.164,98.0,4346,8007,0,0,0,147,14,13,146,266,True
1204,1771515509.5480669,12673.389899995527,pawn_shop,11.571,7.865,-2.7716,1.0472,480,320,0.859,1.387,0.414,0.973,0.608,1.459,0.001,0.444,1.363,,,6.487,98.0,4349,8007,0,0,0,147,14,13,142,262,True
1205,1771515509.558069,12683.44249999791,pawn_shop,11.521,7.856,-2.7956,1.0472,480,320,1.019,1.443,0.409,1.034,0.607,1.455,0.002,0.456,1.513,,,6.772,98.0,4349,8007,0,0,0,147,14,13,139,259,True
1206,1771515509.568071,12694.353699989733,pawn_shop,11.468,7.853,-2.8036,1.0472,480,320,0.885,1.328,0.427,0.902,0.577,1.439,0.001,0.601,1.291,,,6.45,98.0,4349,8007,0,0,0,147,14,13,131,251,True
1207,1771515509.5780733,12704.324899998028,pawn_shop,11.416,7.856,-2.8076,1.0472,480,320,0.873,1.375,0.418,0.957,0.624,1.585,0.002,0.596,1.208,,,6.63,98.0,4350,8007,0,0,0,147,14,13,131,251,True
1208,1771515509.5890758,12714.578799990704,pawn_shop,11.363,7.863,-2.8076,1.0472,480,320,1.116,1.868,0.547,1.322,0.838,1.998,0.002,0.452,1.721,,,8.459,98.0,4350,8007,0,0,0,147,14,13,129,249,True
1209,1771515509.5990782,12725.217600003816,pawn_shop,11.309,7.874,-2.8076,1.0472,480,320,0.895,1.379,0.417,0.962,0.619,1.533,0.001,0.376,1.533,,,6.723,98.0,4350,8007,0,0,0,147,14,13,121,241,True
1210,1771515509.6100812,12735.579200001666,pawn_shop,11.255,7.888,-2.8116,1.0472,480,320,0.987,1.407,0.41,0.997,0.695,1.499,0.002,0.387,1.538,,,6.877,97.1,4350,8007,0,0,0,147,14,13,116,236,True
1211,1771515509.6190832,12745.01529999543,pawn_shop,11.201,7.904,-2.8116,1.0472,480,320,0.985,1.302,0.406,0.896,0.589,1.45,0.002,0.359,1.229,,,6.227,97.1,4350,8007,0,0,0,147,14,13,113,233,True
1212,1771515509.6310854,12756.448400003137,pawn_shop,11.146,7.922,-2.8116,1.0472,480,320,0.824,1.254,0.384,0.871,0.626,1.332,0.002,0.358,1.336,,,6.022,97.1,4350,8007,0,0,0,147,14,13,105,225,True
1213,1771515509.6400878,12766.283899996779,pawn_shop,11.091,7.942,-2.8116,1.0472,480,320,0.809,1.235,0.378,0.857,0.762,1.789,0.002,0.332,1.651,,,6.945,97.1,4350,8007,0,0,0,147,14,13,100,220,True
1214,1771515509.6510906,12777.212300003157,pawn_shop,11.036,7.964,-2.8116,1.0472,480,320,0.894,1.229,0.339,0.891,0.55,1.252,0.001,0.333,1.321,,,5.854,97.1,4350,8007,0,0,0,147,14,13,92,212,True
1215,1771515509.6610932,12787.292799999705,pawn_shop,10.98,7.987,-2.8116,1.0472,480,320,0.843,1.307,0.393,0.914,0.617,1.166,0.002,0.363,1.253,,,5.912,97.1,4350,8007,0,0,0,147,14,13,83,203,True
1216,1771515509.6710942,12797.259500002838,pawn_shop,10.925,8.01,-2.8116,1.0472,480,320,0.836,1.122,0.323,0.799,0.68,1.182,0.002,0.319,1.239,,,5.69,97.1,4350,8007,0,0,0,147,14,13,77,197,True
1217,1771515509.6810966,12807.2603999899,pawn_shop,10.871,8.034,-2.8116,1.0472,480,320,1.057,1.193,0.341,0.852,0.574,1.125,0.001,0.345,1.212,,,5.784,97.1,4351,8007,0,0,0,147,14,13,69,189,True
1218,1771515509.6920998,12817.572500003735,pawn_shop,10.816,8.058,-2.8116,1.0472,480,320,1.114,1.635,0.426,1.208,0.676,1.427,0.002,0.34,1.69,,,7.249,97.1,4357,8007,0,0,0,147,14,13,63,183,True
1219,1771515509.701101,12827.182599998196,pawn_shop,10.761,8.074,-2.8116,1.0472,480,320,0.934,1.179,0.313,0.866,0.567,1.218,0.002,0.363,1.307,,,5.881,97.1,4359,8007,0,0,0,147,14,13,56,176,True
1220,1771515509.7111037,12837.317500001518,pawn_shop,10.706,8.084,-2.8116,1.0472,480,320,1.04,1.242,0.389,0.853,0.561,1.081,0.002,0.344,1.376,,,5.919,98.0,4362,8007,0,0,0,147,14,12,50,170,True
1221,1771515509.7211063,12847.320999993826,pawn_shop,10.65,8.088,-2.8116,1.0472,480,320,0.884,1.232,0.29,0.942,0.51,1.202,0.002,0.373,1.688,,,6.256,98.0,4365,8007,0,0,0,147,14,11,45,165,True
1222,1771515509.7311087,12857.30770000373,pawn_shop,10.594,8.088,-2.8116,1.0472,480,320,0.899,1.299,0.313,0.986,0.543,0.95,0.001,0.348,1.212,,,5.545,98.0,4369,8007,0,0,0,147,14,11,44,164,True
1223,1771515509.74111,12867.228000002797,pawn_shop,10.539,8.085,-2.8116,1.0472,480,320,0.838,1.076,0.271,0.805,0.476,1.014,0.002,0.402,1.531,,,5.627,98.0,4371,8007,0,0,0,147,14,11,41,161,True
1224,1771515509.7511125,12877.326200003154,pawn_shop,10.482,8.078,-2.8116,1.0472,480,320,0.863,1.026,0.276,0.751,0.733,1.025,0.002,0.348,1.216,,,5.532,98.0,4371,8007,0,0,0,147,14,11,36,156,True
1225,1771515509.761115,12887.407699992764,pawn_shop,10.426,8.07,-2.8156,1.0472,480,320,0.9,1.131,0.309,0.822,0.451,0.895,0.002,0.326,1.271,,,5.258,98.0,4373,8007,0,0,0,147,14,11,34,154,True
1226,1771515509.772118,12897.515699994983,pawn_shop,10.375,8.053,-2.8196,1.0472,480,320,0.955,1.159,0.311,0.849,0.495,1.019,0.001,0.323,1.293,,,5.528,98.0,4374,8007,0,0,0,147,14,11,33,153,True
1227,1771515509.78112,12907.334599993192,pawn_shop,10.329,8.029,-2.8196,1.0472,480,320,0.895,1.4,0.343,1.057,0.516,0.944,0.002,0.338,1.368,,,5.759,98.0,4379,8007,0,0,0,147,14,11,31,151,True
1228,1771515509.7911217,12917.367299989564,pawn_shop,10.286,8.0,-2.8236,1.0472,480,320,0.845,1.152,0.325,0.827,0.529,1.091,0.002,0.356,1.668,,,6.0,98.0,4381,8007,0,0,0,147,14,11,29,149,True
1229,1771515509.8021247,12927.80700000003,pawn_shop,10.246,7.967,-2.7956,1.0472,480,320,1.157,1.413,0.366,1.047,0.481,0.897,0.002,0.326,1.381,,,5.889,98.0,4381,8007,0,0,0,147,14,11,30,150,True
1230,1771515509.8121264,12937.57850000111,pawn_shop,10.21,7.929,-2.7116,1.0472,480,320,1.151,1.216,0.294,0.922,0.582,0.951,0.001,0.358,1.219,,,5.846,100.0,4386,8007,0,0,0,147,14,12,38,158,True
1231,1771515509.8231301,12948.832800000673,pawn_shop,10.177,7.887,-2.5556,1.0472,480,320,0.949,1.403,0.331,1.072,0.601,1.119,0.001,0.388,1.34,,,6.116,100.0,4395,8007,0,0,0,147,14,12,70,190,True
1232,1771515509.833131,12958.760199995595,pawn_shop,10.15,7.841,-2.3796,1.0472,480,320,0.961,1.417,0.375,1.043,0.728,1.391,0.002,0.347,1.246,,,6.395,100.0,4402,8007,0,0,0,147,14,12,104,224,True
1233,1771515509.8441339,12969.576999996207,pawn_shop,10.13,7.792,-2.1676,1.0472,480,320,1.042,1.381,0.424,0.956,0.814,1.582,0.002,0.33,1.233,,,6.725,100.0,4403,8007,0,0,0,147,14,12,133,253,True
1234,1771515509.8551369,12980.867999998736,pawn_shop,10.118,7.741,-1.9596,1.0472,480,320,0.977,1.556,0.494,1.062,1.048,1.917,0.002,0.343,1.444,,,7.709,100.0,4403,8007,0,0,0,147,14,12,150,270,True
1235,1771515509.8661392,12991.780299998936,pawn_shop,10.115,7.689,-1.7796,1.0472,480,320,0.897,1.474,0.462,1.012,1.09,2.171,0.002,0.378,1.537,,,7.961,100.0,4403,8007,0,0,0,147,14,12,159,279,True
1236,1771515509.8761406,13002.345899993088,pawn_shop,10.121,7.637,-1.6476,1.0472,480,320,1.004,1.521,0.488,1.032,1.058,1.715,0.002,0.398,1.445,,,7.56,100.0,4403,8007,0,0,0,147,14,12,152,272,True
1237,1771515509.8861434,13012.287199991988,pawn_shop,10.134,7.587,-1.5716,1.0472,480,320,0.929,1.524,0.461,1.063,1.091,1.714,0.002,0.38,1.565,,,7.586,100.0,4403,8007,0,0,0,147,14,11,148,268,True
1238,1771515509.8961453,13022.20639999723,pawn_shop,10.153,7.539,-1.5196,1.0472,480,320,0.951,1.44,0.466,0.974,1.044,1.608,0.001,0.332,1.291,,,7.012,100.0,4403,8007,0,0,0,147,14,11,155,275,True
1239,1771515509.9081485,13033.62119999656,pawn_shop,10.177,7.492,-1.5036,1.0472,480,320,0.959,1.588,0.509,1.078,1.025,1.802,0.002,0.361,1.546,,,7.634,100.0,4403,8007,0,0,0,147,14,11,158,278,True
1240,1771515509.9181504,13043.525899993256,pawn_shop,10.206,7.446,-1.4996,1.0472,480,320,0.91,1.563,0.471,1.092,1.151,1.786,0.003,0.337,1.365,,,7.518,94.3,4403,8007,0,0,0,147,14,11,160,280,True
1241,1771515509.927153,13053.38589999883,pawn_shop,10.238,7.402,-1.4956,1.0472,480,320,0.852,1.509,0.454,1.055,0.906,1.706,0.002,0.348,1.345,,,7.044,94.3,4403,8007,0,0,0,147,14,11,158,278,True
1242,1771515509.9371548,13062.835199991241,pawn_shop,10.272,7.358,-1.4956,1.0472,480,320,0.924,1.545,0.463,1.082,0.995,1.804,0.002,0.377,1.429,,,7.504,94.3,4403,8007,0,0,0,147,14,11,158,278,True
1243,1771515509.9471571,13072.750099992845,pawn_shop,10.309,7.316,-1.4956,1.0472,480,320,1.072,1.991,0.622,1.368,1.264,1.959,0.001,0.328,1.4,,,8.392,94.3,4403,8007,0,0,0,147,14,11,157,277,True
1244,1771515509.9571598,13083.269900002051,pawn_shop,10.347,7.274,-1.4916,1.0472,480,320,0.932,1.58,0.594,0.986,1.009,1.705,0.001,0.37,1.245,,,7.16,94.3,4403,8007,0,0,0,147,14,11,156,276,True
1245,1771515509.9671614,13092.62709999166,pawn_shop,10.387,7.233,-1.4916,1.0472,480,320,0.897,1.759,0.457,1.302,1.262,1.961,0.002,0.338,1.484,,,8.121,94.3,4403,8007,0,0,0,147,14,11,156,276,True
1246,1771515509.9771645,13102.93979999551,pawn_shop,10.427,7.192,-1.4916,1.0472,480,320,0.964,1.656,0.518,1.138,1.18,1.963,0.002,0.348,1.265,,,7.773,94.3,4403,8007,0,0,0,147,14,11,155,275,True
1247,1771515509.987166,13113.106999997399,pawn_shop,10.461,7.148,-1.4916,1.0472,480,320,0.918,1.579,0.482,1.097,1.054,1.807,0.001,0.477,1.357,,,7.552,94.3,4403,8007,0,0,0,147,14,11,155,275,True
1248,1771515509.9971678,13122.756600001594,pawn_shop,10.49,7.1,-1.4916,1.0472,480,320,0.84,1.6,0.489,1.111,1.348,1.652,0.001,0.376,1.567,,,7.799,94.3,4403,8007,0,0,0,147,14,11,154,274,True
1249,1771515510.0071712,13132.753799989587,pawn_shop,10.516,7.058,-1.4916,1.0472,480,320,0.862,1.395,0.427,0.968,0.926,1.627,0.001,0.322,1.563,,,7.027,94.3,4403,8007,0,0,0,147,14,11,155,275,True
1250,1771515510.017173,13143.367099997704,pawn_shop,10.539,7.02,-1.4916,1.0472,480,320,1.056,1.393,0.423,0.97,0.944,1.736,0.002,0.348,1.161,,,6.941,100.0,4403,8007,0,0,0,147,14,11,154,274,True
1251,1771515510.0261753,13152.464799990412,pawn_shop,10.56,6.986,-1.4916,1.0472,480,320,0.894,1.431,0.433,0.998,1.17,2.278,0.002,0.393,1.655,,,8.243,100.0,4403,8007,0,0,0,147,14,11,155,275,True
1252,1771515510.0371776,13162.853000001633,pawn_shop,10.579,6.955,-1.4916,1.0472,480,320,0.887,1.688,0.472,1.216,1.042,1.782,0.001,0.363,1.195,,,7.369,100.0,4403,8007,0,0,0,147,14,11,156,276,True
1253,1771515510.0471797,13173.336199994083,pawn_shop,10.596,6.927,-1.4916,1.0472,480,320,0.873,1.476,0.482,0.994,0.911,1.757,0.002,0.384,1.267,,,7.025,100.0,4403,8007,0,0,0,147,14,11,156,276,True
1254,1771515510.0581827,13184.381200000644,pawn_shop,10.611,6.902,-1.4916,1.0472,480,320,1.006,1.554,0.482,1.072,1.01,1.644,0.001,0.335,1.351,,,7.211,100.0,4403,8007,0,0,0,147,14,10,157,277,True
1255,1771515510.0681849,13193.753400002606,pawn_shop,10.625,6.88,-1.4916,1.0472,480,320,0.843,1.612,0.436,1.176,1.008,1.816,0.001,0.362,1.506,,,7.506,100.0,4403,8007,0,0,0,147,14,10,158,278,True
1256,1771515510.078187,13204.28350000293,pawn_shop,10.637,6.859,-1.4916,1.0472,480,320,0.892,1.632,0.448,1.184,1.056,1.849,0.001,0.32,1.394,,,7.494,100.0,4403,8007,0,0,0,147,14,10,158,278,True
1257,1771515510.0881891,13214.067299995804,pawn_shop,10.648,6.841,-1.4916,1.0472,480,320,0.934,1.567,0.417,1.15,1.013,1.729,0.001,0.432,1.303,,,7.3,100.0,4403,8007,0,0,0,147,14,10,158,278,True
1258,1771515510.099192,13225.414000000455,pawn_shop,10.658,6.824,-1.4916,1.0472,480,320,0.856,1.525,0.467,1.058,1.216,1.679,0.002,0.372,1.18,,,7.169,100.0,4403,8007,0,0,0,147,14,10,159,279,True
1259,1771515510.1091933,13234.572000001208,pawn_shop,10.667,6.81,-1.4916,1.0472,480,320,1.079,1.563,0.466,1.098,1.07,1.672,0.001,0.854,1.357,,,8.029,100.0,4403,8007,0,0,0,147,14,10,159,279,True
1260,1771515510.1191962,13244.748999990406,pawn_shop,10.675,6.796,-1.4956,1.0472,480,320,0.811,1.434,0.398,1.036,1.058,1.66,0.002,0.326,1.239,,,6.833,98.0,4403,8007,0,0,0,147,14,10,158,278,True
1261,1771515510.1301982,13255.658599999151,pawn_shop,10.693,6.786,-1.5036,1.0472,480,320,0.825,1.502,0.436,1.066,1.187,1.776,0.002,0.318,1.281,,,7.5,98.0,4403,8007,0,0,0,147,14,10,159,279,True
1262,1771515510.1392,13265.217699998175,pawn_shop,10.719,6.779,-1.5196,1.0472,480,320,0.825,1.501,0.417,1.084,0.997,1.673,0.001,0.33,1.213,,,6.766,98.0,4403,8007,0,0,0,147,14,10,158,278,True
1263,1771515510.1502025,13275.572899990948,pawn_shop,10.747,6.781,-1.5516,1.0472,480,320,0.803,1.403,0.408,0.996,1.051,1.714,0.001,0.325,1.254,,,6.827,98.0,4403,8007,0,0,0,147,14,11,153,273,True
1264,1771515510.1592057,13284.771399994497,pawn_shop,10.778,6.789,-1.5956,1.0472,480,320,0.82,1.462,0.424,1.038,0.968,1.584,0.002,0.447,1.524,,,7.113,98.0,4403,8007,0,0,0,147,14,11,150,270,True
1265,1771515510.170208,13295.883600003435,pawn_shop,10.812,6.804,-1.6516,1.0472,480,320,1.098,2.128,0.596,1.532,1.317,2.215,0.003,0.372,1.63,,,9.176,98.0,4403,8007,0,0,0,147,14,11,149,269,True
1266,1771515510.1812103,13307.361799990758,pawn_shop,10.85,6.823,-1.7196,1.0472,480,320,1.805,1.582,0.401,1.181,1.133,1.593,0.002,0.331,1.207,,,7.955,98.0,4403,8007,0,0,0,147,14,12,150,270,True
1267,1771515510.1922119,13317.677099999855,pawn_shop,10.89,6.845,-1.7756,1.0472,480,320,0.886,1.402,0.44,0.962,1.182,2.222,0.002,0.371,1.63,,,8.046,98.0,4403,8007,0,0,0,147,14,12,157,277,True
1268,1771515510.2022147,13328.19099999324,pawn_shop,10.934,6.869,-1.8276,1.0472,480,320,0.884,1.465,0.451,1.014,1.031,1.669,0.002,0.328,1.187,,,6.835,98.0,4403,8007,0,0,0,147,14,12,160,280,True
1269,1771515510.2132177,13338.735500001349,pawn_shop,10.979,6.893,-1.8756,1.0472,480,320,0.893,1.446,0.432,1.013,0.908,1.651,0.002,0.328,1.397,,,6.883,98.0,4403,8007,0,0,0,147,14,12,166,286,True
1270,1771515510.223219,13349.254400003701,pawn_shop,11.026,6.918,-1.9156,1.0472,480,320,0.887,1.596,0.47,1.126,1.266,1.742,0.001,0.336,1.201,,,7.322,97.1,4403,8007,0,0,0,147,14,12,169,289,True
1271,1771515510.2332218,13358.92669999157,pawn_shop,11.075,6.943,-1.9596,1.0472,480,320,1.371,1.611,0.43,1.181,1.019,1.911,0.002,0.318,1.421,,,7.954,97.1,4403,8007,0,0,0,147,14,12,176,296,True
1272,1771515510.2432244,13369.300499995006,pawn_shop,11.126,6.967,-2.0036,1.0472,480,320,2.881,1.716,0.534,1.182,1.02,1.736,0.001,0.33,1.302,,,9.288,97.1,4403,8007,0,0,0,147,14,12,180,300,True
1273,1771515510.2552261,13381.261799993808,pawn_shop,11.18,6.991,-2.0516,1.0472,480,320,1.071,2.188,0.63,1.558,1.274,2.443,0.002,0.366,1.642,,,9.36,97.1,4403,8007,0,0,0,147,14,12,188,308,True
1274,1771515510.2672298,13393.001699994784,pawn_shop,11.237,7.014,-2.0876,1.0472,480,320,0.94,1.547,0.49,1.057,0.941,1.912,0.001,0.333,1.198,,,7.216,97.1,4403,8007,0,0,0,147,14,12,189,309,True
1275,1771515510.2782323,13403.697100002319,pawn_shop,11.295,7.035,-2.1156,1.0472,480,320,0.84,1.521,0.484,1.037,1.209,2.178,0.002,0.334,1.259,,,7.663,97.1,4403,8007,0,0,0,147,14,12,193,313,True
1276,1771515510.2872336,13413.447200000519,pawn_shop,11.352,7.055,-2.1356,1.0472,480,320,0.806,1.673,0.613,1.06,0.933,2.0,0.001,0.323,1.254,,,7.283,97.1,4403,8007,0,0,0,147,14,12,193,313,True
1277,1771515510.2972364,13422.763800001121,pawn_shop,11.41,7.073,-2.1436,1.0472,480,320,0.865,1.59,0.481,1.109,1.056,2.03,0.001,0.355,1.325,,,7.523,97.1,4403,8007,0,0,0,147,14,12,194,314,True
1278,1771515510.3072383,13433.493399992585,pawn_shop,11.468,7.09,-2.1476,1.0472,480,320,0.918,1.596,0.474,1.122,1.126,1.978,0.002,0.321,1.594,,,7.911,97.1,4403,8007,0,0,0,147,14,12,197,317,True
1279,1771515510.3182411,13443.786599993473,pawn_shop,11.527,7.107,-2.1516,1.0472,480,320,0.859,1.578,0.487,1.091,0.94,2.195,0.002,0.371,1.233,,,7.521,97.1,4403,8007,0,0,0,147,14,12,198,318,True
1280,1771515510.3282428,13454.458199994406,pawn_shop,11.586,7.122,-2.1516,1.0472,480,320,0.832,1.601,0.466,1.134,0.983,1.886,0.001,0.318,1.231,,,7.146,94.3,4403,8007,0,0,0,147,14,12,197,317,True
1281,1771515510.3382454,13463.923699993757,pawn_shop,11.645,7.137,-2.1516,1.0472,480,320,0.892,1.62,0.476,1.144,0.989,2.118,0.001,0.364,1.353,,,7.718,94.3,4403,8007,0,0,0,147,14,12,198,318,True
1282,1771515510.3482478,13473.815999997896,pawn_shop,11.704,7.152,-2.1556,1.0472,480,320,0.821,1.562,0.488,1.074,0.918,1.969,0.002,0.358,1.367,,,7.362,94.3,4403,8007,0,0,0,147,14,12,197,317,True
1283,1771515510.3582501,13484.50910000247,pawn_shop,11.763,7.166,-2.1556,1.0472,480,320,0.86,1.555,0.491,1.064,1.185,2.143,0.002,0.482,1.29,,,7.942,94.3,4403,8007,0,0,0,147,14,12,198,318,True
1284,1771515510.369253,13494.631499997922,pawn_shop,11.823,7.179,-2.1556,1.0472,480,320,1.109,1.567,0.486,1.081,1.121,2.222,0.002,0.314,1.156,,,7.82,94.3,4403,8007,0,0,0,147,14,12,198,318,True
1285,1771515510.379254,13504.644999993616,pawn_shop,11.883,7.193,-2.1556,1.0472,480,320,0.827,1.685,0.49,1.195,0.948,1.934,0.001,0.322,1.484,,,7.553,94.3,4403,8007,0,0,0,147,14,12,198,318,True
1286,1771515510.3892562,13515.379199991003,pawn_shop,11.943,7.206,-2.1556,1.0472,480,320,0.878,1.596,0.478,1.118,1.276,2.071,0.001,0.33,1.265,,,7.722,94.3,4403,8007,0,0,0,147,14,12,199,319,True
1287,1771515510.3992593,13525.17049999733,pawn_shop,12.002,7.219,-2.1556,1.0472,480,320,0.911,1.682,0.504,1.178,1.217,1.923,0.001,0.491,1.387,,,8.11,94.3,4403,8007,0,0,0,147,14,12,200,320,True
1288,1771515510.4092615,13535.402900000918,pawn_shop,12.061,7.232,-2.1556,1.0472,480,320,1.129,1.927,0.661,1.266,1.025,1.934,0.002,0.35,1.27,,,7.945,94.3,4403,8007,0,0,0,147,14,12,199,319,True
1289,1771515510.4192636,13545.37559999153,pawn_shop,12.12,7.244,-2.1556,1.0472,480,320,0.867,1.655,0.499,1.156,0.986,1.859,0.001,0.33,1.217,,,7.227,94.3,4403,8007,0,0,0,147,14,12,198,318,True
1290,1771515510.4292662,13554.864799996722,pawn_shop,12.18,7.257,-2.1556,1.0472,480,320,0.91,1.662,0.513,1.148,1.17,1.935,0.002,0.395,1.202,,,7.622,99.0,4403,8007,0,0,0,147,14,12,201,321,True
1291,1771515510.4382675,13564.475599996513,pawn_shop,12.239,7.269,-2.1556,1.0472,480,320,0.96,1.713,0.643,1.071,0.962,1.814,0.002,0.375,1.177,,,7.332,99.0,4403,8007,0,0,0,147,14,12,202,322,True
1292,1771515510.44927,13575.53590000316,pawn_shop,12.298,7.281,-2.1556,1.0472,480,320,0.954,1.746,0.512,1.234,1.041,2.105,0.002,0.365,1.346,,,7.909,99.0,4404,8007,0,0,0,147,14,12,203,323,True
1293,1771515510.4592729,13585.529699994368,pawn_shop,12.358,7.294,-2.1556,1.0472,480,320,0.833,1.888,0.572,1.316,1.05,1.988,0.002,0.341,1.359,,,7.775,99.0,4404,8007,0,0,0,147,14,12,203,323,True
1294,1771515510.4702756,13595.640500003356,pawn_shop,12.418,7.306,-2.1556,1.0472,480,320,0.838,1.61,0.499,1.111,0.937,1.966,0.002,0.361,1.63,,,7.819,99.0,4404,8007,0,0,0,147,14,12,203,323,True
1295,1771515510.480277,13605.737299993052,pawn_shop,12.477,7.319,-2.1556,1.0472,480,320,0.903,1.757,0.552,1.206,1.267,2.116,0.002,0.349,1.205,,,7.987,99.0,4404,8007,0,0,0,147,14,13,205,325,True
1296,1771515510.4902797,13616.117400000803,pawn_shop,12.532,7.338,-2.1556,1.0472,480,320,0.85,1.657,0.522,1.134,0.945,1.854,0.002,0.508,1.222,,,7.369,99.0,4404,8007,0,0,0,147,14,13,203,323,True
1297,1771515510.4992814,13625.542499998119,pawn_shop,12.583,7.363,-2.1556,1.0472,480,320,0.838,1.598,0.49,1.108,0.933,1.868,0.002,0.363,1.169,,,7.091,99.0,4405,8007,0,0,0,147,14,13,205,325,True
1298,1771515510.5102842,13636.411799991038,pawn_shop,12.63,7.392,-2.1556,1.0472,480,320,0.885,1.803,0.647,1.156,0.933,1.832,0.003,0.339,1.2,,,7.299,99.0,4405,8007,0,0,0,147,14,13,205,325,True
1299,1771515510.520287,13646.066999994218,pawn_shop,12.675,7.425,-2.1556,1.0472,480,320,0.859,1.607,0.492,1.115,0.898,1.907,0.001,0.364,1.182,,,7.134,99.0,4405,8007,0,0,0,147,14,13,205,325,True
1300,1771515510.5312893,13656.66809999675,pawn_shop,12.675,7.463,-2.1556,1.0472,480,320,1.048,2.753,0.642,2.111,1.199,1.856,0.002,0.364,1.214,,,8.804,98.0,4405,8007,0,0,0,147,14,13,203,323,True
1301,1771515510.541291,13667.45510000328,pawn_shop,12.675,7.503,-2.1556,1.0472,480,320,0.955,1.601,0.52,1.081,0.922,1.856,0.002,0.352,1.173,,,7.177,98.0,4406,8007,0,0,0,147,14,13,203,323,True
1302,1771515510.5522938,13678.499200002989,pawn_shop,12.675,7.546,-2.1556,1.0472,480,320,0.855,1.528,0.491,1.037,0.889,1.808,0.001,0.343,1.198,,,6.906,98.0,4406,8007,0,0,0,147,14,13,200,320,True
1303,1771515510.5642974,13689.711799990619,pawn_shop,12.675,7.593,-2.1556,1.0472,480,320,0.873,1.587,0.485,1.102,0.941,1.884,0.002,0.349,1.215,,,7.18,98.0,4406,8007,0,0,0,147,14,13,201,321,True
1304,1771515510.5742993,13700.507300003665,pawn_shop,12.698,7.643,-2.1556,1.0472,480,320,0.865,1.557,0.498,1.059,1.12,2.11,0.002,0.403,1.296,,,7.743,98.0,4406,8007,0,0,0,147,14,13,202,322,True
1305,1771515510.585302,13711.462799998117,pawn_shop,12.698,7.696,-2.1556,1.0472,480,320,0.885,1.528,0.494,1.034,0.909,1.793,0.002,0.343,1.18,,,6.916,98.0,4406,8007,0,0,0,147,14,13,200,320,True
1306,1771515510.5963044,13722.42499999993,pawn_shop,12.698,7.752,-2.1556,1.0472,480,320,0.815,1.585,0.481,1.104,0.884,1.857,0.001,0.406,1.309,,,7.167,98.0,4406,8007,0,0,0,147,14,13,199,319,True
1307,1771515510.6073067,13733.524399998714,pawn_shop,12.698,7.809,-2.1556,1.0472,480,320,0.963,1.824,0.567,1.257,1.262,1.879,0.002,0.369,1.197,,,7.778,98.0,4406,8007,0,0,0,147,14,13,199,319,True
1308,1771515510.6193085,13744.724000003771,pawn_shop,12.7,7.867,-2.1556,1.0472,480,320,0.873,1.499,0.473,1.027,0.986,1.836,0.002,0.331,1.168,,,6.963,98.0,4406,8007,0,0,0,147,14,13,199,319,True
1309,1771515510.629311,13755.511600000318,pawn_shop,12.7,7.927,-2.1556,1.0472,480,320,0.845,1.575,0.483,1.092,0.883,1.83,0.002,0.339,1.184,,,6.876,98.0,4406,8007,0,0,0,147,14,13,198,318,True
1310,1771515510.6403131,13766.488099994604,pawn_shop,12.697,7.988,-2.1556,1.0472,480,320,0.933,1.716,0.523,1.193,0.994,1.969,0.002,0.336,1.146,,,7.351,90.9,4406,8007,0,0,0,147,14,13,197,317,True
1311,1771515510.651316,13777.453299990157,pawn_shop,12.691,8.049,-2.1556,1.0472,480,320,0.857,1.475,0.474,1.001,0.883,1.812,0.002,0.405,1.146,,,6.81,90.9,4406,8007,0,0,0,147,14,13,194,314,True
1312,1771515510.6623187,13788.502700001118,pawn_shop,12.685,8.112,-2.1556,1.0472,480,320,0.836,1.517,0.504,1.013,0.901,1.749,0.002,0.324,1.149,,,6.701,90.9,4407,8007,0,0,0,147,14,13,194,314,True
1313,1771515510.673321,13799.53829999431,pawn_shop,12.677,8.174,-2.1556,1.0472,480,320,0.816,1.508,0.481,1.027,0.956,1.906,0.002,0.345,1.224,,,7.027,90.9,4408,8007,0,0,0,147,14,13,195,315,True
1314,1771515510.6843235,13810.539600002812,pawn_shop,12.668,8.237,-2.1556,1.0472,480,320,0.822,1.532,0.501,1.031,0.947,1.804,0.002,0.338,1.22,,,6.93,90.9,4408,8007,0,0,0,147,14,13,193,313,True
1315,1771515510.695326,13821.530699991854,pawn_shop,12.658,8.301,-2.1556,1.0472,480,320,0.801,1.489,0.487,1.002,0.907,1.727,0.002,0.309,1.199,,,6.649,90.9,4409,8007,0,0,0,147,14,13,191,311,True
1316,1771515510.7063284,13832.469400003902,pawn_shop,12.648,8.364,-2.1556,1.0472,480,320,0.79,1.468,0.488,0.98,0.867,1.717,0.001,0.336,1.294,,,6.704,90.9,4409,8007,0,0,0,147,14,13,193,313,True
1317,1771515510.7173305,13843.416199990315,pawn_shop,12.637,8.428,-2.1556,1.0472,480,320,0.765,1.528,0.464,1.064,0.875,1.777,0.001,0.323,1.152,,,6.635,90.9,4409,8007,0,0,0,147,14,13,195,315,True
1318,1771515510.728333,13854.458100002375,pawn_shop,12.625,8.492,-2.1556,1.0472,480,320,0.795,1.421,0.454,0.967,0.83,1.773,0.001,0.316,1.132,,,6.468,90.9,4409,8007,0,0,0,147,14,13,194,314,True
1319,1771515510.7393355,13865.519699989818,pawn_shop,12.613,8.556,-2.1596,1.0472,480,320,0.83,1.439,0.461,0.978,0.929,1.715,0.001,0.32,1.126,,,6.571,90.9,4409,8007,0,0,0,147,14,13,194,314,True
1320,1771515510.7503383,13876.477899990277,pawn_shop,12.602,8.62,-2.1596,1.0472,480,320,0.863,1.486,0.463,1.024,0.891,1.719,0.002,0.317,1.134,,,6.626,90.9,4410,8007,0,0,0,147,14,13,193,313,True
1321,1771515510.7613404,13887.495000002673,pawn_shop,12.589,8.685,-2.1596,1.0472,480,320,1.04,1.447,0.465,0.981,0.851,1.733,0.001,0.33,1.166,,,6.778,90.9,4411,8007,0,0,0,147,14,13,193,313,True
1322,1771515510.7723427,13898.534399995697,pawn_shop,12.577,8.749,-2.1596,1.0472,480,320,0.924,1.615,0.527,1.088,0.914,1.748,0.002,0.316,1.159,,,6.917,90.9,4413,8007,0,0,0,147,14,13,193,313,True
1323,1771515510.7823453,13908.538599993335,pawn_shop,12.565,8.813,-2.1596,1.0472,480,320,0.914,1.493,0.48,1.013,0.914,1.861,0.002,0.339,1.299,,,7.147,90.9,4414,8007,0,0,0,147,14,13,188,308,True
1324,1771515510.793348,13919.5483999938,pawn_shop,12.553,8.876,-2.1596,1.0472,480,320,0.83,1.5,0.475,1.025,0.915,1.723,0.002,0.322,1.17,,,6.71,90.9,4415,8007,0,0,0,147,14,13,182,302,True
1325,1771515510.80435,13930.501199996797,pawn_shop,12.54,8.94,-2.1596,1.0472,480,320,0.879,1.406,0.451,0.955,0.797,1.654,0.001,0.379,1.155,,,6.479,90.9,4417,8007,0,0,0,147,14,13,179,299,True
1326,1771515510.8153536,13941.647500003455,pawn_shop,12.528,9.004,-2.1596,1.0472,480,320,0.868,1.427,0.461,0.966,0.839,1.62,0.001,0.325,1.183,,,6.48,90.9,4419,8007,0,0,0,147,14,13,174,294,True
1327,1771515510.8263552,13952.53059999959,pawn_shop,12.515,9.068,-2.1596,1.0472,480,320,0.81,1.606,0.605,1.002,0.874,1.591,0.001,0.36,1.187,,,6.711,90.9,4420,8007,0,0,0,147,14,13,166,286,True
1328,1771515510.837358,13963.476099990658,pawn_shop,12.502,9.132,-2.1596,1.0472,480,320,0.806,1.383,0.448,0.935,0.802,1.564,0.002,0.326,1.172,,,6.261,90.9,4421,8007,0,0,0,147,14,13,162,282,True
1329,1771515510.848361,13974.624099995708,pawn_shop,12.49,9.197,-2.1596,1.0472,480,320,0.794,1.358,0.424,0.934,0.778,1.611,0.002,0.337,1.159,,,6.265,90.9,4423,8007,0,0,0,147,14,13,158,278,True
1330,1771515510.8593636,13985.63139999169,pawn_shop,12.477,9.261,-2.1596,1.0472,480,320,0.797,1.357,0.426,0.931,0.806,1.54,0.002,0.384,1.222,,,6.394,91.7,4425,8007,0,0,0,147,14,13,155,275,True
1331,1771515510.8703659,13996.484799994505,pawn_shop,12.464,9.326,-2.1596,1.0472,480,320,0.823,1.374,0.429,0.945,0.776,1.704,0.001,0.314,1.168,,,6.385,91.7,4426,8007,0,0,0,148,14,13,149,269,True
1332,1771515510.8813686,14007.482899993192,pawn_shop,12.451,9.39,-2.1596,1.0472,480,320,0.802,1.293,0.416,0.877,0.754,1.608,0.001,0.33,1.14,,,6.137,91.7,4426,8007,0,0,0,148,14,13,149,269,True
1333,1771515510.8923707,14018.49729999958,pawn_shop,12.439,9.455,-2.1596,1.0472,480,320,0.804,1.302,0.401,0.902,0.746,1.632,0.001,0.323,1.145,,,6.166,91.7,4427,8007,0,0,0,148,14,13,144,264,True
1334,1771515510.9033737,14029.51629999734,pawn_shop,12.426,9.519,-2.1596,1.0472,480,320,0.828,1.294,0.408,0.886,0.743,1.637,0.001,0.329,1.142,,,6.184,91.7,4429,8007,0,0,0,148,14,13,139,259,True
1335,1771515510.9143763,14040.544000003138,pawn_shop,12.413,9.584,-2.1596,1.0472,480,320,0.954,1.329,0.417,0.912,0.743,1.62,0.001,0.326,1.129,,,6.325,91.7,4431,8007,0,0,0,148,14,13,138,258,True
1336,1771515510.9253776,14051.522099995054,pawn_shop,12.4,9.649,-2.1596,1.0472,480,320,0.868,1.294,0.398,0.896,0.73,1.569,0.001,0.336,1.134,,,6.148,91.7,4432,8007,0,0,0,148,14,13,136,256,True
1337,1771515510.9363809,14062.511500000255,pawn_shop,12.387,9.713,-2.1596,1.0472,480,320,0.967,1.301,0.399,0.902,0.78,1.589,0.001,0.34,1.164,,,6.364,91.7,4435,8007,0,0,0,148,14,13,136,256,True
1338,1771515510.947383,14073.561800003517,pawn_shop,12.374,9.778,-2.1596,1.0472,480,320,0.915,1.33,0.403,0.926,0.825,1.606,0.002,0.311,1.136,,,6.37,91.7,4439,8007,0,0,0,148,14,13,135,255,True
1339,1771515510.9583857,14084.49959999416,pawn_shop,12.362,9.843,-2.1596,1.0472,480,320,0.809,1.286,0.391,0.895,0.835,1.628,0.001,0.332,1.151,,,6.267,91.7,4442,8007,0,0,0,148,14,13,138,258,True
1340,1771515510.969388,14095.52370000165,pawn_shop,12.349,9.907,-2.1596,1.0472,480,320,0.794,1.297,0.402,0.895,0.85,1.604,0.002,0.33,1.15,,,6.243,90.9,4444,8007,0,0,0,148,14,13,140,260,True
1341,1771515510.9803903,14106.521199995768,pawn_shop,12.336,9.972,-2.1596,1.0472,480,320,0.783,1.369,0.396,0.974,0.863,1.62,0.001,0.322,1.224,,,6.411,90.9,4447,8007,0,0,0,148,14,13,142,262,True
1342,1771515510.9913926,14117.54920000385,pawn_shop,12.323,10.037,-2.1596,1.0472,480,320,0.937,1.341,0.417,0.924,0.89,1.606,0.001,0.366,1.126,,,6.48,90.9,4450,8007,0,0,0,148,14,13,142,262,True
1343,1771515511.0033965,14128.784300002735,pawn_shop,12.31,10.101,-2.1596,1.0472,480,320,0.825,1.409,0.431,0.978,1.015,1.62,0.001,0.319,1.148,,,6.554,90.9,4457,8007,0,0,0,148,14,13,144,264,True
1344,1771515511.0133982,14139.508199994452,pawn_shop,12.297,10.166,-2.1596,1.0472,480,320,0.786,1.369,0.398,0.971,0.9,1.673,0.001,0.325,1.144,,,6.433,90.9,4460,8007,0,0,0,148,14,13,146,266,True
1345,1771515511.0244007,14150.668799993582,pawn_shop,12.276,10.225,-2.1596,1.0472,480,320,0.805,1.376,0.424,0.952,0.937,1.647,0.001,0.322,1.136,,,6.436,90.9,4463,8007,0,0,0,148,14,13,151,271,True
1346,1771515511.035403,14161.550899996655,pawn_shop,12.248,10.28,-2.1596,1.0472,480,320,0.795,1.352,0.412,0.939,0.922,1.667,0.001,0.318,1.252,,,6.522,90.9,4465,8007,0,0,0,148,14,13,151,271,True
1347,1771515511.0464058,14172.532299999148,pawn_shop,12.215,10.331,-2.1596,1.0472,480,320,0.787,1.382,0.427,0.955,0.921,1.664,0.001,0.328,1.174,,,6.475,90.9,4470,8007,0,0,0,148,14,13,155,275,True
1348,1771515511.0574083,14183.53379999462,pawn_shop,12.177,10.379,-2.1596,1.0472,480,320,0.816,1.402,0.423,0.979,0.958,1.709,0.002,0.349,1.15,,,6.626,90.9,4475,8007,0,0,0,148,14,13,157,277,True
1349,1771515511.0684109,14194.542700002785,pawn_shop,12.136,10.425,-2.1596,1.0472,480,320,0.857,1.415,0.435,0.98,1.049,2.034,0.002,0.322,1.123,,,7.03,90.9,4480,8007,0,0,0,148,14,13,161,281,True
1350,1771515511.0784132,14204.6563999902,pawn_shop,12.094,10.469,-2.1596,1.0472,480,320,0.841,1.393,0.413,0.98,0.964,1.719,0.001,0.322,1.137,,,6.595,91.7,4486,8007,0,0,0,148,14,13,163,283,True
1351,1771515511.089415,14215.531199995894,pawn_shop,12.048,10.511,-2.1596,1.0472,480,320,0.842,1.591,0.532,1.059,0.929,1.925,0.001,0.325,1.166,,,7.028,91.7,4494,8007,0,0,0,148,14,13,168,288,True
1352,1771515511.0994177,14225.515500002075,pawn_shop,12.002,10.551,-2.1596,1.0472,480,320,0.884,1.476,0.436,1.04,0.991,1.754,0.002,0.319,1.153,,,6.803,91.7,4500,8007,0,0,0,148,14,13,170,290,True
1353,1771515511.1104207,14236.560699995607,pawn_shop,11.954,10.591,-2.1556,1.0472,480,320,0.809,1.491,0.439,1.052,1.009,1.807,0.002,0.333,1.151,,,6.835,91.7,4504,8007,0,0,0,148,14,13,172,292,True
1354,1771515511.121422,14247.623599992949,pawn_shop,11.905,10.63,-2.1476,1.0472,480,320,0.902,1.485,0.46,1.025,0.982,1.794,0.002,0.33,1.124,,,6.843,91.7,4510,8007,0,0,0,148,14,13,178,298,True
1355,1771515511.1314251,14257.587699990836,pawn_shop,11.855,10.667,-2.1356,1.0472,480,320,0.847,1.475,0.455,1.02,0.941,1.81,0.001,0.328,1.112,,,6.795,91.7,4516,8007,0,0,0,148,14,13,180,300,True
1356,1771515511.142427,14268.697199993767,pawn_shop,11.805,10.667,-2.1156,1.0472,480,320,0.784,1.448,0.444,1.004,0.967,1.792,0.001,0.312,1.113,,,6.694,91.7,4519,8007,0,0,0,148,14,13,181,301,True
1357,1771515511.1544292,14279.80689999822,pawn_shop,11.752,10.667,-2.0916,1.0472,480,320,0.783,1.568,0.47,1.098,0.986,1.826,0.001,0.314,1.152,,,6.898,91.7,4534,8007,0,0,0,148,14,13,183,303,True
1358,1771515511.164433,14290.672299990547,pawn_shop,11.699,10.667,-2.0636,1.0472,480,320,0.824,1.594,0.455,1.139,0.956,1.858,0.001,0.359,1.151,,,7.014,91.7,4548,8007,0,0,0,148,14,13,185,305,True
1359,1771515511.1754346,14301.66620000091,pawn_shop,11.645,10.667,-2.0396,1.0472,480,320,0.792,1.611,0.439,1.172,1.013,1.876,0.001,0.307,1.146,,,7.014,91.7,4567,8007,0,0,0,148,14,13,188,308,True
1360,1771515511.1864371,14312.703099989449,pawn_shop,11.589,10.7,-2.0196,1.0472,480,320,0.935,1.489,0.432,1.058,0.959,1.865,0.001,0.309,1.154,,,7.019,92.6,4573,8007,0,0,0,148,14,13,188,308,True
1361,1771515511.1964395,14322.610799994436,pawn_shop,11.534,10.7,-1.9996,1.0472,480,320,0.819,1.636,0.461,1.175,1.004,1.827,0.002,0.35,1.151,,,7.057,92.6,4592,8007,0,0,0,148,14,13,183,303,True
1362,1771515511.2064416,14332.583099996555,pawn_shop,11.479,10.7,-1.9836,1.0472,480,320,0.793,1.553,0.399,1.154,0.95,1.75,0.001,0.342,1.103,,,6.723,92.6,4614,8007,0,0,0,148,14,13,184,304,True
1363,1771515511.2174444,14343.56179999304,pawn_shop,11.423,10.7,-1.9636,1.0472,480,320,0.693,1.516,0.37,1.146,0.976,1.772,0.001,0.238,1.099,,,6.521,92.6,4637,8007,0,0,0,148,14,13,186,306,True
1364,1771515511.2324471,14358.305100002326,pawn_shop,11.366,10.7,-1.9516,1.0472,480,320,0.759,1.638,0.407,1.231,0.992,1.845,0.001,0.291,1.123,,,6.883,92.6,4667,8007,0,0,0,148,14,13,188,308,True
1365,1771515511.2414494,14367.067799990764,pawn_shop,11.306,10.7,-1.9436,1.0472,480,320,0.747,1.587,0.388,1.199,0.973,1.828,0.001,0.339,1.15,,,6.889,92.6,4694,8007,0,0,0,148,14,13,190,310,True
1366,1771515511.251452,14377.570199998445,pawn_shop,11.247,10.7,-1.9356,1.0472,480,320,0.721,1.604,0.394,1.209,0.987,1.759,0.001,0.266,1.103,,,6.662,92.6,4721,8007,0,0,0,148,14,13,190,310,True
1367,1771515511.262454,14388.561699990532,pawn_shop,11.187,10.7,-1.9276,1.0472,480,320,0.758,1.571,0.378,1.193,0.989,1.831,0.001,0.324,1.126,,,6.87,92.6,4748,8007,0,0,0,148,14,13,193,313,True
1368,1771515511.273457,14399.596699993708,pawn_shop,11.126,10.7,-1.9196,1.0472,480,320,0.633,1.706,0.446,1.26,1.0,1.759,0.001,0.278,1.103,,,6.693,92.6,4779,8007,0,0,0,148,14,13,193,313,True
1369,1771515511.284459,14410.566999998991,pawn_shop,11.065,10.7,-1.9116,1.0472,480,320,0.741,1.576,0.393,1.184,0.996,1.792,0.001,0.247,1.104,,,6.67,92.6,4804,8007,0,0,0,148,14,13,196,316,True
1370,1771515511.295462,14421.554300002754,pawn_shop,11.004,10.7,-1.9036,1.0472,480,320,0.605,1.586,0.38,1.206,0.993,1.768,0.001,0.233,1.109,,,6.503,91.7,4830,8007,0,0,0,148,14,13,199,319,True
1371,1771515511.3064642,14432.579899992561,pawn_shop,10.943,10.7,-1.8956,1.0472,480,320,0.644,1.574,0.392,1.181,0.998,1.789,0.001,0.314,1.1,,,6.661,91.7,4853,8007,0,0,0,148,14,13,209,329,True
1372,1771515511.317467,14443.559799998184,pawn_shop,10.881,10.7,-1.8836,1.0472,480,320,0.727,1.588,0.402,1.185,0.993,1.817,0.001,0.287,1.101,,,6.736,91.7,4873,8007,0,0,0,148,14,13,219,339,True
1373,1771515511.3284695,14454.559399993741,pawn_shop,10.819,10.7,-1.8756,1.0472,480,320,0.563,1.577,0.398,1.179,1.008,1.834,0.001,0.284,1.1,,,6.582,91.7,4893,8007,0,0,0,148,14,13,221,341,True
1374,1771515511.3394718,14465.555799994036,pawn_shop,10.757,10.7,-1.8676,1.0472,480,320,0.641,1.571,0.402,1.169,1.018,1.842,0.001,0.272,1.099,,,6.672,91.7,4911,8007,0,0,0,148,14,13,219,339,True
1375,1771515511.3504736,14476.575399996364,pawn_shop,10.695,10.7,-1.8596,1.0472,480,320,0.732,1.6,0.414,1.186,1.01,1.851,0.001,0.226,1.075,,,6.709,91.7,4930,8007,0,0,0,148,14,13,217,337,True
1376,1771515511.361477,14487.596499995561,pawn_shop,10.632,10.7,-1.8396,1.0472,480,320,0.551,1.465,0.394,1.071,0.988,1.803,0.001,0.218,1.075,,,6.311,91.7,4940,8007,0,0,0,148,14,13,211,331,True
1377,1771515511.371479,14497.600399990915,pawn_shop,10.57,10.7,-1.8196,1.0472,480,320,0.554,1.524,0.41,1.115,0.983,1.819,0.001,0.291,1.089,,,6.515,91.7,4952,8007,0,0,0,148,14,13,206,326,True
1378,1771515511.3824809,14508.66859999951,pawn_shop,10.508,10.7,-1.7916,1.0472,480,320,0.577,1.446,0.409,1.037,0.931,1.725,0.001,0.236,1.092,,,6.242,91.7,4958,8007,0,0,0,148,14,13,200,320,True
1379,1771515511.3934848,14519.63870000327,pawn_shop,10.445,10.7,-1.7636,1.0472,480,320,0.659,1.403,0.397,1.006,0.904,1.703,0.001,0.276,1.078,,,6.246,91.7,4963,8007,0,0,0,148,14,13,195,315,True
1380,1771515511.4044864,14530.648799991468,pawn_shop,10.382,10.7,-1.7276,1.0472,480,320,0.664,1.39,0.384,1.006,0.946,1.685,0.001,0.275,1.076,,,6.255,91.7,4969,8007,0,0,0,148,14,13,193,313,True
1381,1771515511.4144888,14540.644599997904,pawn_shop,10.32,10.7,-1.6956,1.0472,480,320,0.737,1.363,0.395,0.968,0.863,1.679,0.001,0.253,1.083,,,6.186,91.7,4971,8007,0,0,0,148,14,13,191,311,True
1382,1771515511.424491,14550.662499997998,pawn_shop,10.258,10.7,-1.6596,1.0472,480,320,0.739,1.356,0.399,0.957,0.848,1.654,0.001,0.251,1.077,,,6.142,91.7,4972,8007,0,0,0,148,14,13,188,308,True
1383,1771515511.434493,14560.670899998513,pawn_shop,10.196,10.7,-1.6236,1.0472,480,320,0.731,1.341,0.39,0.951,0.842,1.638,0.001,0.242,1.074,,,6.073,91.7,4974,8007,0,0,0,148,14,13,184,304,True
1384,1771515511.4444957,14570.650900001056,pawn_shop,10.135,10.7,-1.5916,1.0472,480,320,0.683,1.235,0.353,0.882,0.834,1.615,0.001,0.276,1.078,,,5.928,91.7,4974,8007,0,0,0,148,14,14,178,298,True
1385,1771515511.455498,14581.658099996275,pawn_shop,10.073,10.7,-1.5596,1.0472,480,320,0.718,1.249,0.366,0.883,0.843,1.597,0.001,0.216,1.075,,,5.903,91.7,4974,8007,0,0,0,148,14,14,172,292,True
1386,1771515511.4675014,14592.967099990346,pawn_shop,10.01,10.7,-1.5236,1.0472,480,320,0.706,1.214,0.347,0.867,0.852,1.567,0.001,0.291,1.088,,,5.938,91.7,4974,8007,0,0,0,148,14,14,164,284,True
1387,1771515511.477503,14603.64750000008,pawn_shop,9.946,10.7,-1.4956,1.0472,480,320,0.723,1.255,0.352,0.903,0.86,1.569,0.001,0.289,1.068,,,5.978,91.7,4977,8007,0,0,0,148,14,14,162,282,True
1388,1771515511.4885054,14614.652799995383,pawn_shop,9.882,10.7,-1.4676,1.0472,480,320,0.715,1.252,0.346,0.906,0.88,1.58,0.001,0.267,1.093,,,6.024,91.7,4979,8007,0,0,0,148,14,14,158,278,True
1389,1771515511.4985077,14624.657899999875,pawn_shop,9.819,10.7,-1.4516,1.0472,480,320,0.777,1.331,0.389,0.942,0.876,1.585,0.001,0.327,1.103,,,6.238,91.7,4982,8007,0,0,0,148,14,14,156,276,True
1390,1771515511.5095096,14635.609599994496,pawn_shop,9.756,10.698,-1.4476,1.0472,480,320,0.717,1.212,0.336,0.876,0.84,1.562,0.001,0.275,1.081,,,5.912,95.2,4984,8007,0,0,0,148,14,14,153,273,True
1391,1771515511.5205123,14646.66459998989,pawn_shop,9.692,10.695,-1.4436,1.0472,480,320,0.707,1.159,0.323,0.836,0.821,1.482,0.001,0.238,1.065,,,5.688,95.2,4984,8007,0,0,0,148,14,14,147,267,True
1392,1771515511.5315151,14657.582899992121,pawn_shop,9.628,10.691,-1.4396,1.0472,480,320,0.738,1.215,0.336,0.879,0.812,1.501,0.001,0.274,1.076,,,5.834,95.2,4987,8007,0,0,0,148,14,14,144,264,True
1393,1771515511.5425174,14668.580099998508,pawn_shop,9.563,10.686,-1.4396,1.0472,480,320,0.729,1.14,0.313,0.826,0.791,1.495,0.001,0.235,1.087,,,5.697,95.2,4988,8007,0,0,0,148,14,14,138,258,True
1394,1771515511.5535202,14679.695099999662,pawn_shop,9.499,10.68,-1.4356,1.0472,480,320,0.75,1.21,0.336,0.875,0.77,1.481,0.001,0.311,1.106,,,5.851,95.2,4992,8007,0,0,0,148,14,14,134,254,True
1395,1771515511.5635223,14689.722399998573,pawn_shop,9.435,10.674,-1.4236,1.0472,480,320,0.816,1.215,0.373,0.842,0.767,1.495,0.001,0.295,1.077,,,5.878,95.2,4992,8007,0,0,0,148,14,14,130,250,True
1396,1771515511.5755248,14701.132899994263,pawn_shop,9.371,10.667,-1.4036,1.0472,480,320,0.837,1.218,0.371,0.847,0.764,1.473,0.001,0.294,1.1,,,5.932,95.2,4992,8007,0,0,0,148,14,14,128,248,True
1397,1771515511.5865276,14711.8358000007,pawn_shop,9.307,10.658,-1.3756,1.0472,480,320,0.8,1.254,0.387,0.868,0.826,1.469,0.001,0.301,1.097,,,5.999,95.2,4992,8007,0,0,0,148,14,14,126,246,True
1398,1771515511.59653,14722.731999994721,pawn_shop,9.243,10.649,-1.3396,1.0472,480,320,0.775,1.147,0.331,0.816,0.764,1.45,0.001,0.253,1.09,,,5.683,95.2,4992,8007,0,0,0,148,14,14,127,247,True
1399,1771515511.607532,14733.73389999324,pawn_shop,9.179,10.637,-1.2836,1.0472,480,320,0.813,1.165,0.327,0.838,0.79,1.477,0.001,0.305,1.1,,,5.861,95.2,4992,8007,0,0,0,148,14,14,128,248,True
1400,1771515511.6175342,14743.78039999283,pawn_shop,9.117,10.624,-1.2316,1.0472,480,320,0.687,1.201,0.337,0.863,0.835,1.585,0.001,0.306,1.108,,,5.977,92.6,4992,8007,0,0,0,148,14,14,130,250,True
1401,1771515511.6295376,14754.93949999509,pawn_shop,9.054,10.609,-1.1756,1.0472,480,320,0.816,1.288,0.397,0.891,0.897,1.488,0.001,0.344,1.114,,,6.237,92.6,4992,8007,0,0,0,148,14,13,131,251,True
1402,1771515511.6405401,14766.061299989815,pawn_shop,9.0,10.584,-1.1196,1.0472,480,320,0.765,1.285,0.376,0.909,0.869,1.463,0.001,0.305,1.108,,,6.028,92.6,4993,8007,0,0,0,148,14,13,133,253,True
1403,1771515511.6505415,14776.753199999803,pawn_shop,8.952,10.553,-1.0756,1.0472,480,320,0.714,1.17,0.334,0.836,0.846,1.414,0.001,0.23,1.074,,,5.652,92.6,4993,8007,0,0,0,148,14,13,134,254,True
1404,1771515511.6615448,14787.803699990036,pawn_shop,8.911,10.514,-1.0436,1.0472,480,320,0.721,1.23,0.351,0.879,0.884,1.454,0.001,0.291,1.096,,,5.918,92.6,4993,8007,0,0,0,148,14,13,134,254,True
1405,1771515511.6715472,14797.726199991303,pawn_shop,8.874,10.472,-1.0316,1.0472,480,320,0.799,1.245,0.383,0.862,0.87,1.458,0.001,0.3,1.105,,,6.027,92.6,4993,8007,0,0,0,148,14,13,132,252,True
1406,1771515511.6815486,14807.66949999088,pawn_shop,8.843,10.427,-1.0196,1.0472,480,320,0.736,1.164,0.328,0.835,0.846,1.395,0.001,0.282,1.078,,,5.72,92.6,4993,8007,0,0,0,148,14,13,130,250,True
1407,1771515511.6925514,14818.639099990833,pawn_shop,8.814,10.378,-1.0156,1.0472,480,320,0.689,1.107,0.305,0.802,0.809,1.389,0.001,0.207,1.058,,,5.473,92.6,4993,8007,0,0,0,148,14,13,127,247,True
1408,1771515511.7035537,14829.673100000946,pawn_shop,8.788,10.326,-1.0076,1.0472,480,320,0.717,1.209,0.349,0.86,0.81,1.405,0.001,0.294,1.083,,,5.756,92.6,4993,8007,0,0,0,148,14,13,124,244,True
1409,1771515511.7145565,14840.691999997944,pawn_shop,8.765,10.271,-1.0036,1.0472,480,320,0.746,1.197,0.358,0.839,0.824,1.431,0.001,0.343,1.11,,,5.908,92.6,4993,8007,0,0,0,148,14,13,121,241,True
1410,1771515511.7265592,14851.894799998263,pawn_shop,8.743,10.215,-0.9956,1.0472,480,320,0.794,1.201,0.362,0.839,0.767,1.392,0.001,0.298,1.097,,,5.79,92.6,4993,8007,0,0,0,148,14,13,118,238,True
1411,1771515511.7355614,14861.683499999344,pawn_shop,8.723,10.158,-0.9876,1.0472,480,320,0.737,1.12,0.311,0.809,0.751,1.352,0.001,0.263,1.06,,,5.496,92.6,4993,8007,0,0,0,148,14,13,116,236,True
1412,1771515511.7465637,14872.85059998976,pawn_shop,8.714,10.102,-0.9796,1.0472,480,320,0.711,1.097,0.315,0.782,0.72,1.315,0.001,0.24,1.091,,,5.386,92.6,4993,8007,0,0,0,148,14,13,113,233,True
1413,1771515511.757566,14883.683899999596,pawn_shop,8.713,10.046,-0.9756,1.0472,480,320,0.758,1.141,0.337,0.804,0.725,1.338,0.001,0.304,1.084,,,5.573,92.6,4993,8007,0,0,0,148,14,13,112,232,True
1414,1771515511.7685685,14894.664199993713,pawn_shop,8.72,9.99,-0.9716,1.0472,480,320,0.701,1.075,0.287,0.788,0.713,1.316,0.001,0.244,1.079,,,5.328,92.6,4994,8007,0,0,0,148,14,13,110,230,True
1415,1771515511.7785707,14904.646099996171,pawn_shop,8.732,9.935,-0.9676,1.0472,480,320,0.728,1.043,0.279,0.763,0.713,1.303,0.001,0.261,1.065,,,5.334,92.6,4995,8007,0,0,0,148,14,13,109,229,True
1416,1771515511.7885733,14914.615000001504,pawn_shop,8.749,9.882,-0.9676,1.0472,480,320,0.825,1.067,0.279,0.788,0.714,1.323,0.001,0.227,1.073,,,5.448,92.6,4998,8007,0,0,0,148,14,12,108,228,True
1417,1771515511.7985752,14924.602600003709,pawn_shop,8.769,9.829,-0.9676,1.0472,480,320,0.773,1.068,0.279,0.789,0.682,1.322,0.001,0.232,1.077,,,5.371,92.6,5002,8007,0,0,0,148,14,12,108,228,True
1418,1771515511.8085775,14934.626599992043,pawn_shop,8.792,9.777,-0.9676,1.0472,480,320,0.811,1.08,0.28,0.8,0.683,1.315,0.001,0.221,1.061,,,5.386,92.6,5006,8007,0,0,0,148,14,12,106,226,True
1419,1771515511.8185797,14944.650699995691,pawn_shop,8.817,9.726,-0.9636,1.0472,480,320,0.682,1.073,0.269,0.804,0.67,1.302,0.001,0.292,1.086,,,5.321,92.6,5013,8007,0,0,0,148,14,12,106,226,True
1420,1771515511.8295825,14955.619899992598,pawn_shop,8.844,9.674,-0.9636,1.0472,480,320,0.745,1.056,0.28,0.776,0.688,1.289,0.001,0.296,1.07,,,5.359,96.2,5015,8007,0,0,0,148,14,12,104,224,True
1421,1771515511.8395846,14965.618000001996,pawn_shop,8.873,9.622,-0.9636,1.0472,480,320,0.707,1.016,0.269,0.747,0.678,1.343,0.001,0.379,1.564,,,6.078,96.2,5015,8007,0,0,0,148,14,12,103,223,True
1422,1771515511.849587,14975.698700000066,pawn_shop,8.902,9.571,-0.9596,1.0472,480,320,0.753,1.15,0.327,0.824,0.682,1.343,0.001,0.297,1.094,,,5.53,96.2,5017,8007,0,0,0,148,14,12,101,221,True
1423,1771515511.860589,14986.648799997056,pawn_shop,8.933,9.519,-0.9596,1.0472,480,320,0.736,1.073,0.289,0.784,0.643,1.315,0.001,0.339,1.106,,,5.43,96.2,5017,8007,0,0,0,148,14,12,98,218,True
1424,1771515511.871592,14997.66069999896,pawn_shop,8.966,9.467,-0.9596,1.0472,480,320,0.824,1.113,0.319,0.794,0.601,1.293,0.001,0.3,1.097,,,5.445,96.2,5017,8007,0,0,0,148,14,12,98,218,True
1425,1771515511.8825939,15008.890099998098,pawn_shop,8.999,9.415,-0.9556,1.0472,480,320,0.88,1.174,0.361,0.813,0.593,1.357,0.001,0.389,1.13,,,5.797,96.2,5017,8007,0,0,0,148,14,12,97,217,True
1426,1771515511.8925962,15018.747599999188,pawn_shop,9.033,9.363,-0.9476,1.0472,480,320,0.795,1.098,0.315,0.783,0.595,1.328,0.001,0.276,1.124,,,5.419,96.2,5017,8007,0,0,0,148,14,12,98,218,True
1427,1771515511.9036,15029.874200001359,pawn_shop,9.068,9.311,-0.9276,1.0472,480,320,0.808,1.122,0.328,0.795,0.594,1.337,0.001,0.329,1.121,,,5.556,96.2,5017,8007,0,0,0,148,14,12,94,214,True
1428,1771515511.914602,15040.850899997167,pawn_shop,9.104,9.259,-0.8996,1.0472,480,320,0.831,1.078,0.304,0.774,0.569,1.337,0.001,0.324,1.131,,,5.496,96.2,5017,8007,0,0,0,148,14,12,92,212,True
1429,1771515511.9266047,15051.934899995103,pawn_shop,9.141,9.207,-0.8636,1.0472,480,320,0.841,1.143,0.33,0.813,0.556,1.354,0.001,0.315,1.13,,,5.573,96.2,5017,8007,0,0,0,148,14,11,87,207,True
1430,1771515511.9356062,15061.844199997722,pawn_shop,9.18,9.157,-0.8196,1.0472,480,320,0.816,1.076,0.301,0.775,0.53,1.273,0.001,0.305,1.127,,,5.359,94.3,5017,8007,0,0,0,148,14,11,80,200,True
1431,1771515511.9476092,15073.022900003707,pawn_shop,9.219,9.108,-0.7676,1.0472,480,320,0.863,1.123,0.314,0.809,0.535,1.321,0.001,0.347,1.218,,,5.677,94.3,5017,8007,0,0,0,148,14,8,73,193,True
1432,1771515511.957612,15083.101999989594,pawn_shop,9.26,9.061,-0.7196,1.0472,480,320,0.826,1.067,0.299,0.768,0.469,1.2,0.001,0.335,1.21,,,5.332,94.3,5017,8007,0,0,0,148,14,8,67,187,True
1433,1771515511.967614,15093.11109999544,pawn_shop,9.302,9.015,-0.6676,1.0472,480,320,0.864,1.2,0.382,0.818,0.465,1.234,0.001,0.328,1.152,,,5.463,94.3,5017,8007,0,0,0,148,14,8,56,176,True
1434,1771515511.9786153,15104.180199996335,pawn_shop,9.347,8.971,-0.6076,1.0472,480,320,0.825,1.003,0.271,0.732,0.413,1.186,0.001,0.352,1.17,,,5.186,94.3,5017,8007,0,0,0,148,14,8,47,167,True
1435,1771515511.9896193,15115.10840000119,pawn_shop,9.393,8.929,-0.5436,1.0472,480,320,1.165,0.953,0.239,0.714,0.394,1.111,0.001,0.335,1.13,,,5.3,94.3,5017,8007,0,0,0,148,14,8,38,158,True
1436,1771515512.0006218,15126.250899993465,pawn_shop,9.442,8.889,-0.4796,1.0472,480,320,0.958,0.977,0.239,0.738,0.368,1.035,0.001,0.433,1.167,,,5.215,94.3,5017,8007,0,0,0,148,14,6,22,142,True
1437,1771515512.0106227,15136.080199998105,pawn_shop,9.492,8.852,-0.4356,1.0472,480,320,1.034,1.085,0.303,0.782,0.35,1.04,0.001,0.34,1.152,,,5.243,94.3,5017,8007,0,0,0,148,14,6,15,135,True
1438,1771515512.0216267,15147.115400002804,pawn_shop,9.544,8.817,-0.3996,1.0472,480,320,0.842,0.979,0.253,0.726,0.306,1.02,0.001,0.415,1.155,,,4.938,94.3,5017,8007,0,0,0,148,14,6,11,131,True
1439,1771515512.0326297,15158.238000003621,pawn_shop,9.598,8.784,-0.3756,1.0472,480,320,1.054,0.881,0.214,0.667,0.287,1.067,0.001,0.384,1.164,,,5.088,94.3,5017,8007,0,0,0,148,14,6,7,127,True
1440,1771515512.041631,15167.842599999858,pawn_shop,9.652,8.753,-0.3716,1.0472,480,320,0.919,0.882,0.235,0.647,0.291,1.105,0.001,0.399,1.142,,,4.971,94.3,5017,8007,0,0,0,148,14,6,7,127,True
1441,1771515512.0536342,15179.01009999332,pawn_shop,9.652,8.724,-0.3716,1.0472,480,320,0.963,1.046,0.279,0.767,0.342,1.129,0.001,0.393,1.259,,,5.432,94.3,5017,8007,0,0,0,148,14,6,7,127,True
1442,1771515512.062635,15188.9128999901,pawn_shop,9.652,8.696,-0.3716,1.0472,480,320,1.066,0.891,0.22,0.671,0.299,1.325,0.002,0.389,1.173,,,5.433,94.3,5017,8007,0,0,0,148,14,6,7,127,True
1443,1771515512.073639,15199.070799993933,pawn_shop,9.702,8.663,-0.3716,1.0472,480,320,0.98,0.885,0.224,0.661,0.308,1.17,0.001,0.321,1.244,,,5.191,94.3,5017,8007,0,0,0,148,14,6,7,127,True
1444,1771515512.0836403,15209.79459999944,pawn_shop,9.747,8.625,-0.3716,1.0472,480,320,0.957,0.904,0.263,0.641,0.295,1.251,0.002,0.39,1.174,,,5.22,94.3,5017,8007,0,0,0,148,14,6,7,127,True
1445,1771515512.0946422,15220.914799996535,pawn_shop,9.789,8.582,-0.3716,1.0472,480,320,0.975,0.892,0.228,0.664,0.311,1.393,0.001,0.346,1.17,,,5.385,94.3,5017,8007,0,0,0,148,14,6,7,127,True
1446,1771515512.104645,15230.873900000006,pawn_shop,9.828,8.538,-0.3716,1.0472,480,320,1.053,0.973,0.231,0.742,0.347,1.666,0.002,0.372,1.173,,,5.883,94.3,5017,8007,0,0,0,148,14,6,7,127,True
1447,1771515512.1166472,15242.475999999442,pawn_shop,9.855,8.49,-0.3716,1.0472,480,320,1.329,1.378,0.343,1.034,0.462,2.018,0.002,0.442,1.883,,,7.932,94.3,5017,8007,0,0,0,148,14,6,7,127,True
1448,1771515512.1266494,15252.646699998877,pawn_shop,9.872,8.439,-0.3716,1.0472,480,320,1.01,0.981,0.261,0.72,0.356,1.598,0.002,0.385,1.263,,,5.878,94.3,5017,8007,0,0,0,148,14,6,8,128,True
1449,1771515512.137652,15263.181899994379,pawn_shop,9.882,8.388,-0.3716,1.0472,480,320,1.29,1.276,0.296,0.98,0.463,1.636,0.002,0.413,1.258,,,6.751,94.3,5017,8007,0,0,0,148,14,6,8,128,True
1450,1771515512.1476555,15273.856699990574,pawn_shop,9.885,8.334,-0.3716,1.0472,480,320,1.055,1.077,0.265,0.812,0.373,1.089,0.002,0.383,1.31,,,5.601,94.3,5017,8007,0,0,0,148,14,6,9,129,True
1451,1771515512.1576567,15283.782300000894,pawn_shop,9.883,8.28,-0.3716,1.0472,480,320,0.969,0.936,0.252,0.685,0.311,0.903,0.001,0.346,1.35,,,5.045,94.3,5017,8007,0,0,0,148,14,6,10,130,True
1452,1771515512.1686587,15294.891600002302,pawn_shop,9.878,8.225,-0.3716,1.0472,480,320,1.027,1.197,0.32,0.877,0.476,0.792,0.002,0.366,1.212,,,5.397,94.3,5017,8007,0,0,0,148,14,6,11,131,True
1453,1771515512.1806617,15306.278499992914,pawn_shop,9.868,8.168,-0.3716,1.0472,480,320,1.332,1.065,0.288,0.777,0.435,0.644,0.001,0.433,1.275,,,5.509,94.3,5017,8007,0,0,0,148,14,6,12,132,True
1454,1771515512.1906643,15316.880400001537,pawn_shop,9.856,8.111,-0.3716,1.0472,480,320,1.129,1.065,0.285,0.78,0.402,0.671,0.002,0.408,1.242,,,5.214,94.3,5017,8007,0,0,0,148,14,6,14,134,True
1455,1771515512.2026682,15328.279800000018,pawn_shop,9.842,8.053,-0.3836,1.0472,480,320,1.373,1.429,0.35,1.079,0.534,0.729,0.001,0.391,1.251,,,6.043,94.3,5017,8007,0,0,0,148,14,6,16,136,True
1456,1771515512.213669,15339.404300000751,pawn_shop,9.825,7.994,-0.4236,1.0472,480,320,1.099,1.415,0.358,1.057,0.447,0.737,0.001,0.366,1.312,,,5.664,94.3,5017,8007,0,0,0,148,14,6,23,143,True
1457,1771515512.2276728,15353.297099994961,pawn_shop,9.806,7.935,-0.4316,1.0472,480,320,1.083,1.112,0.288,0.824,0.421,0.771,0.001,0.413,1.356,,,5.463,94.3,5017,8007,0,0,0,148,14,6,29,149,True
1458,1771515512.2356744,15361.276399999042,pawn_shop,9.786,7.876,-0.4156,1.0472,480,320,0.92,1.043,0.269,0.774,0.466,0.746,0.002,0.366,1.669,,,5.493,94.3,5017,8007,0,0,0,148,14,6,27,147,True
1459,1771515512.2466774,15372.447899993858,pawn_shop,9.765,7.816,-0.3476,1.0472,480,320,1.145,1.033,0.26,0.773,0.481,0.678,0.002,0.38,1.283,,,5.288,94.3,5017,8007,0,0,0,148,14,6,18,138,True
1460,1771515512.2576785,15383.23799999489,pawn_shop,9.745,7.756,-0.2516,1.0472,480,320,0.939,0.998,0.266,0.733,0.313,0.632,0.001,0.447,1.325,,,4.931,91.7,5017,8007,0,0,0,148,14,6,9,129,True
1461,1771515512.2686815,15394.445700003416,pawn_shop,9.727,7.694,-0.1436,1.0472,480,320,1.031,0.855,0.219,0.635,0.006,0.571,0.002,0.411,1.487,,,4.612,91.7,5017,8007,0,0,0,148,14,5,0,120,True
1462,1771515512.2786844,15404.25539998978,pawn_shop,9.713,7.633,-0.0316,1.0472,480,320,0.959,0.885,0.226,0.659,0.007,0.548,0.001,0.456,1.484,,,4.608,91.7,5017,8007,0,0,0,148,14,5,0,120,True
1463,1771515512.289686,15415.427200001432,pawn_shop,9.702,7.571,0.1284,1.0472,480,320,0.907,0.878,0.233,0.645,0.007,0.54,0.001,0.428,1.27,,,4.307,91.7,5017,8007,0,0,0,148,14,5,0,120,True
1464,1771515512.3006902,15426.213899991126,pawn_shop,9.698,7.509,0.3084,1.0472,480,320,0.903,0.901,0.229,0.672,0.014,1.051,0.001,0.409,1.229,,,4.759,91.7,5017,8007,0,0,0,148,14,4,0,120,True
1465,1771515512.3116922,15437.19759999658,pawn_shop,9.701,7.447,0.5084,1.0472,480,320,0.984,1.036,0.282,0.753,0.464,0.997,0.001,0.402,1.249,,,5.398,91.7,5017,8007,0,0,0,148,14,2,18,138,True
1466,1771515512.3216937,15447.214899992105,pawn_shop,9.711,7.389,0.6804,1.0472,480,320,0.963,1.381,0.404,0.977,0.544,1.125,0.002,0.406,1.306,,,6.008,91.7,5017,8007,0,0,0,148,14,2,35,155,True
1467,1771515512.332698,15458.287899993593,pawn_shop,9.728,7.333,0.8524,1.0472,480,320,0.988,1.18,0.315,0.865,0.612,1.18,0.002,0.4,1.381,,,6.117,91.7,5017,8007,0,0,0,148,14,2,52,172,True
1468,1771515512.3426986,15468.43120000267,pawn_shop,9.752,7.283,0.9884,1.0472,480,320,0.983,1.232,0.321,0.911,0.665,1.187,0.002,0.409,1.276,,,6.106,91.7,5018,8007,0,0,0,148,14,2,62,182,True
1469,1771515512.3527005,15478.381599998102,pawn_shop,9.782,7.236,1.1044,1.0472,480,320,0.997,1.203,0.345,0.858,0.642,1.19,0.002,0.369,1.316,,,5.999,91.7,5018,8007,0,0,0,148,14,2,60,180,True
1470,1771515512.3627048,15488.210299998173,pawn_shop,9.817,7.195,1.2004,1.0472,480,320,1.011,1.187,0.308,0.878,0.652,1.16,0.002,0.392,1.266,,,5.972,95.2,5018,8007,0,0,0,148,14,2,59,179,True
1471,1771515512.373706,15499.228999993647,pawn_shop,9.857,7.158,1.2884,1.0472,480,320,0.997,1.435,0.433,1.002,0.608,1.145,0.002,0.385,1.361,,,6.209,95.2,5019,8007,0,0,0,148,14,2,58,178,True
1472,1771515512.3837068,15509.308399996371,pawn_shop,9.901,7.124,1.3084,1.0472,480,320,0.953,1.144,0.318,0.826,1.023,1.316,0.002,0.39,1.385,,,6.533,95.2,5019,8007,0,0,0,148,14,2,57,177,True
1473,1771515512.3947096,15520.040799994604,pawn_shop,9.948,7.094,1.3124,1.0472,480,320,0.934,1.179,0.342,0.837,0.649,1.145,0.002,0.37,1.335,,,5.93,95.2,5019,8007,0,0,0,148,14,2,56,176,True
1474,1771515512.4047127,15530.89199999522,pawn_shop,9.999,7.067,1.3164,1.0472,480,320,0.889,1.194,0.326,0.867,0.576,1.083,0.001,0.383,1.235,,,5.699,95.2,5019,8007,0,0,0,148,14,2,55,175,True
1475,1771515512.4157145,15541.3172999979,pawn_shop,10.05,7.041,1.3164,1.0472,480,320,1.044,1.132,0.308,0.824,0.594,1.099,0.001,0.354,1.318,,,5.861,95.2,5019,8007,0,0,0,148,14,2,55,175,True
1476,1771515512.4257166,15551.93469999358,pawn_shop,10.105,7.018,1.3204,1.0472,480,320,0.923,1.112,0.328,0.783,0.569,1.083,0.001,0.35,1.223,,,5.526,95.2,5019,8007,0,0,0,148,14,2,54,174,True
1477,1771515512.4357202,15561.87140000111,pawn_shop,10.16,6.996,1.3204,1.0472,480,320,0.924,1.112,0.311,0.801,0.58,1.083,0.001,0.413,1.28,,,5.631,95.2,5019,8007,0,0,0,148,14,2,54,174,True
1478,1771515512.4467216,15572.88300000073,pawn_shop,10.216,6.975,1.3204,1.0472,480,320,0.915,1.192,0.342,0.849,0.561,1.088,0.001,0.399,1.254,,,5.672,95.2,5019,8007,0,0,0,148,14,2,54,174,True
1479,1771515512.4567242,15582.854299995233,pawn_shop,10.273,6.955,1.3204,1.0472,480,320,0.891,1.122,0.308,0.814,0.548,1.055,0.001,0.377,1.206,,,5.432,95.2,5019,8007,0,0,0,148,14,2,54,174,True
1480,1771515512.4667256,15592.834199997014,pawn_shop,10.33,6.937,1.3204,1.0472,480,320,0.869,1.024,0.273,0.751,0.548,1.08,0.001,0.374,1.209,,,5.358,95.2,5019,8007,0,0,0,148,14,2,54,174,True
1481,1771515512.4777293,15603.890099999262,pawn_shop,10.389,6.918,1.3204,1.0472,480,320,0.895,1.102,0.325,0.777,0.567,1.091,0.002,0.38,1.326,,,5.659,95.2,5019,8007,0,0,0,148,14,2,54,174,True
1482,1771515512.487731,15613.853399991058,pawn_shop,10.447,6.901,1.3204,1.0472,480,320,0.915,1.087,0.302,0.785,0.581,1.061,0.001,0.4,1.255,,,5.643,95.2,5019,8007,0,0,0,148,14,2,53,173,True
1483,1771515512.4977329,15623.923699997249,pawn_shop,10.505,6.884,1.3204,1.0472,480,320,0.962,1.074,0.311,0.763,0.556,1.088,0.001,0.41,1.252,,,5.609,95.2,5019,8007,0,0,0,148,14,2,53,173,True
1484,1771515512.508737,15634.057699993718,pawn_shop,10.564,6.867,1.3164,1.0472,480,320,0.958,1.108,0.309,0.799,0.572,1.128,0.002,0.435,1.32,,,5.909,95.2,5019,8007,0,0,0,148,14,2,52,172,True
1485,1771515512.5197375,15645.5297999928,pawn_shop,10.623,6.85,1.2684,1.0472,480,320,1.146,1.163,0.355,0.808,0.581,1.237,0.002,0.417,1.537,,,6.37,95.2,5019,8007,0,0,0,148,14,2,45,165,True
1486,1771515512.5307405,15656.583399992087,pawn_shop,10.682,6.831,1.2124,1.0472,480,320,1.274,1.63,0.432,1.198,0.732,1.416,0.002,0.4,1.762,,,7.625,95.2,5019,8007,0,0,0,148,14,2,35,155,True
1487,1771515512.5407429,15666.8961999967,pawn_shop,10.743,6.812,1.1964,1.0472,480,320,1.256,1.295,0.407,0.888,0.465,0.967,0.002,0.459,1.414,,,6.145,95.2,5019,8007,0,0,0,148,14,2,30,150,True
1488,1771515512.552745,15678.124999991269,pawn_shop,10.803,6.791,1.1964,1.0472,480,320,1.06,1.0,0.265,0.735,0.456,0.907,0.002,0.388,1.297,,,5.419,95.2,5019,8007,0,0,0,148,14,2,27,147,True
1489,1771515512.562748,15688.562099996489,pawn_shop,10.863,6.771,1.2284,1.0472,480,320,1.024,1.023,0.276,0.747,0.473,0.937,0.002,0.429,1.442,,,5.602,95.2,5019,8007,0,0,0,148,14,2,27,147,True
1490,1771515512.57375,15699.313399993116,pawn_shop,10.923,6.751,1.2804,1.0472,480,320,1.015,1.034,0.277,0.757,0.497,0.9,0.001,0.386,1.318,,,5.471,94.3,5019,8007,0,0,0,148,14,2,30,150,True
1491,1771515512.5847523,15710.167199998978,pawn_shop,10.984,6.732,1.3644,1.0472,480,320,0.942,1.027,0.288,0.739,0.509,1.088,0.002,0.385,1.787,,,6.097,94.3,5019,8007,0,0,0,148,14,2,37,157,True
1492,1771515512.5947556,15720.433700000285,pawn_shop,11.045,6.716,1.4444,1.0472,480,320,1.085,1.083,0.294,0.789,0.584,1.169,0.002,0.364,1.353,,,5.985,94.3,5019,8007,0,0,0,148,14,2,43,163,True
1493,1771515512.6047583,15730.235499999253,pawn_shop,11.105,6.702,1.5324,1.0472,480,320,0.967,1.132,0.319,0.813,0.583,1.122,0.002,0.42,1.305,,,5.832,94.3,5019,8007,0,0,0,148,14,3,47,167,True
1494,1771515512.6157603,15741.329600001336,pawn_shop,11.167,6.692,1.6444,1.0472,480,320,1.07,1.373,0.381,0.993,0.713,1.353,0.002,0.349,1.59,,,6.843,94.3,5019,8007,0,0,0,148,14,4,48,168,True
1495,1771515512.6247616,15750.641999999061,pawn_shop,11.228,6.685,1.7404,1.0472,480,320,0.905,1.072,0.309,0.763,0.58,1.228,0.002,0.442,1.298,,,5.915,94.3,5020,8007,0,0,0,148,14,5,48,168,True
1496,1771515512.6357653,15761.26519999525,pawn_shop,11.289,6.684,1.8684,1.0472,480,320,0.942,1.138,0.33,0.808,0.553,1.217,0.001,0.386,1.214,,,5.735,94.3,5021,8007,0,0,0,148,14,5,49,169,True
1497,1771515512.6467676,15772.315399997751,pawn_shop,11.349,6.687,1.9964,1.0472,480,320,0.872,1.072,0.305,0.767,0.536,1.022,0.001,0.392,1.201,,,5.359,94.3,5022,8007,0,0,0,148,14,6,48,168,True
1498,1771515512.65777,15783.450599992648,pawn_shop,11.409,6.696,2.1244,1.0472,480,320,0.894,1.154,0.333,0.821,0.571,1.07,0.002,0.422,1.334,,,5.746,94.3,5023,8007,0,0,0,148,14,8,49,169,True
1499,1771515512.668773,15794.28149999876,pawn_shop,11.467,6.712,2.2484,1.0472,480,320,0.904,1.112,0.318,0.794,0.559,1.051,0.002,0.439,1.214,,,5.574,94.3,5024,8007,0,0,0,148,14,9,48,168,True
1500,1771515512.6797743,15805.400299999746,pawn_shop,11.523,6.733,2.3684,1.0472,480,320,0.942,1.211,0.299,0.912,0.64,1.037,0.002,0.404,1.321,,,5.841,94.3,5024,8007,0,0,0,148,14,10,37,157,True
1501,1771515512.6907768,15816.227499992237,pawn_shop,11.576,6.76,2.4924,1.0472,480,320,0.97,1.114,0.307,0.807,0.444,0.992,0.002,0.424,1.29,,,5.551,94.3,5024,8007,0,0,0,148,14,10,25,145,True
1502,1771515512.7007792,15826.386300002923,pawn_shop,11.624,6.792,2.6124,1.0472,480,320,1.082,1.0,0.264,0.736,0.428,0.908,0.002,0.394,1.382,,,5.502,94.3,5024,8007,0,0,0,148,14,10,15,135,True
1503,1771515512.710781,15836.410199990496,pawn_shop,11.667,6.829,2.7444,1.0472,480,320,0.994,1.125,0.242,0.883,0.449,0.8,0.001,0.396,1.234,,,5.333,94.3,5024,8007,0,0,0,148,14,11,2,122,True
1504,1771515512.7207844,15846.438099993975,pawn_shop,11.705,6.87,2.8764,1.0472,480,320,1.002,1.079,0.266,0.813,0.474,0.822,0.001,0.359,1.281,,,5.298,94.3,5025,8007,0,0,0,148,14,11,23,143,True
1505,1771515512.7307868,15856.2077999959,pawn_shop,11.737,6.915,3.0044,1.0472,480,320,0.833,1.063,0.305,0.758,0.374,1.053,0.001,0.359,1.231,,,5.179,94.3,5026,8007,0,0,0,148,14,11,74,194,True
1506,1771515512.741788,15867.268999994849,pawn_shop,11.767,6.955,3.1404,1.0472,480,320,0.876,1.272,0.376,0.896,0.494,1.305,0.001,0.336,1.217,,,5.78,94.3,5030,8007,0,0,0,148,14,12,106,226,True
1507,1771515512.752792,15878.247899992857,pawn_shop,11.791,6.976,3.2044,1.0472,480,320,0.856,1.269,0.377,0.892,0.522,1.358,0.001,0.327,1.196,,,5.798,94.3,5033,8007,0,0,0,148,14,12,121,241,True
1508,1771515512.7617934,15888.015399992582,pawn_shop,11.812,6.981,3.2084,1.0472,480,320,0.903,1.251,0.377,0.873,0.508,1.342,0.001,0.332,1.196,,,5.802,94.3,5035,8007,0,0,0,148,14,12,121,241,True
1509,1771515512.7717957,15897.990700002993,pawn_shop,11.829,6.973,3.2084,1.0472,480,320,0.879,1.246,0.38,0.865,0.511,1.392,0.002,0.362,1.206,,,5.874,94.3,5035,8007,0,0,0,148,14,12,123,243,True
1510,1771515512.7817974,15907.99189999234,pawn_shop,11.844,6.956,3.2124,1.0472,480,320,1.111,1.289,0.392,0.897,0.517,1.366,0.001,0.311,1.181,,,6.048,97.1,5037,8007,0,0,0,148,14,12,125,245,True
1511,1771515512.7928004,15919.028299991623,pawn_shop,11.857,6.93,3.2124,1.0472,480,320,0.865,1.272,0.384,0.888,0.513,1.37,0.001,0.319,1.186,,,5.791,97.1,5037,8007,0,0,0,148,14,12,123,243,True
1512,1771515512.8028028,15929.074799991213,pawn_shop,11.869,6.897,3.2164,1.0472,480,320,0.949,1.261,0.384,0.877,0.505,1.399,0.001,0.317,1.171,,,5.929,97.1,5037,8007,0,0,0,148,14,12,127,247,True
1513,1771515512.813805,15940.00839999353,pawn_shop,11.879,6.859,3.2164,1.0472,480,320,0.909,1.421,0.409,1.012,0.579,1.561,0.001,0.327,1.278,,,6.372,97.1,5039,8007,0,0,0,148,14,12,131,251,True
1514,1771515512.8248072,15950.947099991026,pawn_shop,11.888,6.815,3.2164,1.0472,480,320,0.894,1.264,0.379,0.885,0.492,1.4,0.001,0.327,1.188,,,5.818,97.1,5039,8007,0,0,0,148,14,12,133,253,True
1515,1771515512.835809,15961.154299991904,pawn_shop,11.896,6.768,3.2164,1.0472,480,320,0.906,1.619,0.414,1.206,0.661,1.543,0.001,0.317,1.335,,,6.695,97.1,5039,8007,0,0,0,148,14,12,137,257,True
1516,1771515512.844811,15970.990399990114,pawn_shop,11.904,6.719,3.2164,1.0472,480,320,0.87,1.353,0.408,0.945,0.529,1.538,0.001,0.31,1.325,,,6.199,97.1,5039,8007,0,0,0,148,14,12,142,262,True
1517,1771515512.8558137,15982.006299993373,pawn_shop,11.911,6.666,3.2164,1.0472,480,320,0.91,1.417,0.411,1.006,0.55,1.568,0.002,0.325,1.323,,,6.41,97.1,5040,8007,0,0,0,148,14,12,145,265,True
1518,1771515512.866818,15992.183299997123,pawn_shop,11.918,6.613,3.2164,1.0472,480,320,0.817,1.319,0.394,0.925,0.548,1.487,0.001,0.323,1.223,,,6.0,97.1,5040,8007,0,0,0,148,14,12,148,268,True
1519,1771515512.8768198,16003.010300002643,pawn_shop,11.924,6.557,3.2124,1.0472,480,320,0.854,1.404,0.417,0.987,0.528,1.513,0.001,0.327,1.239,,,6.201,97.1,5041,8007,0,0,0,148,14,12,151,271,True
1520,1771515512.8878217,16014.121999993222,pawn_shop,11.929,6.499,3.1564,1.0472,480,320,0.824,1.317,0.407,0.91,0.505,1.431,0.002,0.366,1.235,,,5.902,94.3,5041,8007,0,0,0,148,14,12,138,258,True
1521,1771515512.8988237,16025.111399998423,pawn_shop,11.933,6.439,3.1044,1.0472,480,320,0.888,1.259,0.374,0.884,0.476,1.404,0.002,0.32,1.182,,,5.808,94.3,5041,8007,0,0,0,148,14,12,125,245,True
1522,1771515512.908826,16035.10739999183,pawn_shop,11.936,6.38,3.0884,1.0472,480,320,0.915,1.382,0.396,0.986,0.553,1.625,0.002,0.342,1.325,,,6.475,94.3,5041,8007,0,0,0,148,14,12,125,245,True
1523,1771515512.919828,16045.13230000157,pawn_shop,11.937,6.32,3.0844,1.0472,480,320,0.845,1.478,0.515,0.964,0.538,1.492,0.002,0.322,1.295,,,6.258,94.3,5041,8007,0,0,0,148,14,12,128,248,True
1524,1771515512.929831,16056.030399995507,pawn_shop,11.937,6.259,3.1004,1.0472,480,320,0.826,1.325,0.397,0.928,0.576,1.486,0.002,0.369,1.204,,,6.067,94.3,5041,8007,0,0,0,148,14,12,139,259,True
1525,1771515512.9408338,16067.133099990315,pawn_shop,11.938,6.198,3.1244,1.0472,480,320,0.901,1.39,0.417,0.973,0.572,1.602,0.002,0.335,1.299,,,6.394,94.3,5041,8007,0,0,0,148,14,12,151,271,True
1526,1771515512.9518356,16077.206100002513,pawn_shop,11.93,6.14,3.1524,1.0472,480,320,0.879,1.515,0.45,1.066,0.594,1.731,0.002,0.348,1.235,,,6.629,94.3,5042,8007,0,0,0,148,14,12,162,282,True
1527,1771515512.9618375,16087.209799996344,pawn_shop,11.915,6.084,3.1804,1.0472,480,320,0.909,1.837,0.713,1.124,0.652,1.782,0.002,0.325,1.32,,,7.171,94.3,5042,8007,0,0,0,148,14,12,178,298,True
1528,1771515512.9708402,16096.51770000346,pawn_shop,11.896,6.031,3.2004,1.0472,480,320,0.909,1.578,0.475,1.102,0.638,1.782,0.002,0.359,1.262,,,6.865,94.3,5042,8007,0,0,0,148,14,12,189,309,True
1529,1771515512.9818428,16108.102600002894,pawn_shop,11.872,5.978,3.2164,1.0472,480,320,0.969,1.617,0.478,1.139,0.644,1.92,0.001,0.316,1.249,,,7.028,94.3,5043,8007,0,0,0,148,14,12,200,320,True
1530,1771515512.992846,16119.027699998696,pawn_shop,11.845,5.926,3.2284,1.0472,480,320,0.86,1.506,0.452,1.054,0.587,1.846,0.002,0.369,1.281,,,6.767,95.2,5043,8007,0,0,0,148,14,12,208,328,True
1531,1771515513.0028481,16129.088000001502,pawn_shop,11.816,5.875,3.2364,1.0472,480,320,0.916,1.591,0.491,1.1,0.636,1.875,0.001,0.32,1.212,,,6.839,95.2,5043,8007,0,0,0,148,14,12,216,336,True
1532,1771515513.0148506,16140.250399999786,pawn_shop,11.784,5.823,3.2484,1.0472,480,320,0.951,1.763,0.584,1.179,0.708,2.235,0.003,0.366,1.916,,,8.499,95.2,5044,8007,0,0,0,148,14,12,222,342,True
1533,1771515513.0258536,16151.365400000941,pawn_shop,11.746,5.78,3.2524,1.0472,480,320,0.956,1.774,0.556,1.218,0.728,2.066,0.001,0.38,1.339,,,7.635,95.2,5045,8007,0,0,0,148,14,12,229,349,True
1534,1771515513.034854,16161.114499991527,pawn_shop,11.704,5.744,3.2604,1.0472,480,320,1.001,1.696,0.531,1.165,0.846,2.571,0.001,0.324,1.367,,,8.144,95.2,5045,8007,0,0,0,148,14,12,229,349,True
1535,1771515513.045858,16171.575499989558,pawn_shop,11.658,5.714,3.2644,1.0472,480,320,0.994,1.693,0.536,1.157,0.676,2.007,0.001,0.618,1.49,,,7.779,95.2,5045,8007,0,0,0,148,14,12,235,355,True
1536,1771515513.0558586,16181.406699994113,pawn_shop,11.61,5.688,3.2724,1.0472,480,320,0.922,1.769,0.542,1.227,0.734,2.32,0.002,0.344,1.26,,,7.672,95.2,5046,8007,0,0,0,148,14,12,240,360,True
1537,1771515513.0658612,16191.205900002387,pawn_shop,11.56,5.665,3.2764,1.0472,480,320,0.94,1.819,0.651,1.168,0.73,2.103,0.001,0.355,1.227,,,7.558,95.2,5046,8007,0,0,0,148,14,12,243,363,True
1538,1771515513.0748637,16200.830399990082,pawn_shop,11.508,5.645,3.2804,1.0472,480,320,0.901,1.729,0.542,1.188,0.708,2.103,0.002,0.358,1.245,,,7.375,95.2,5050,8007,0,0,0,148,14,12,246,366,True
1539,1771515513.0858665,16212.079999997513,pawn_shop,11.453,5.627,3.2884,1.0472,480,320,0.886,1.775,0.581,1.195,0.736,2.093,0.002,0.338,1.231,,,7.436,95.2,5053,8007,0,0,0,148,14,12,249,369,True
1540,1771515513.0958683,16221.561899990775,pawn_shop,11.398,5.611,3.3044,1.0472,480,320,0.896,1.74,0.543,1.197,0.73,2.168,0.002,0.367,1.254,,,7.482,97.1,5054,8007,0,0,0,148,14,12,256,376,True
1541,1771515513.1068702,16232.214000003296,pawn_shop,11.342,5.595,3.3284,1.0472,480,320,0.836,1.724,0.55,1.173,0.726,2.158,0.002,0.334,1.198,,,7.277,97.1,5054,8007,0,0,0,148,14,12,262,382,True
1542,1771515513.1158726,16241.730099995038,pawn_shop,11.286,5.58,3.3724,1.0472,480,320,0.761,1.689,0.516,1.173,0.758,2.168,0.001,0.329,1.199,,,7.246,97.1,5054,8007,0,0,0,148,14,11,272,392,True
1543,1771515513.1268752,16252.245800002129,pawn_shop,11.229,5.565,3.4124,1.0472,480,320,0.743,1.829,0.582,1.247,0.829,2.248,0.001,0.348,1.213,,,7.515,97.1,5055,8007,0,0,0,148,14,11,286,406,True
1544,1771515513.1358778,16261.994200001936,pawn_shop,11.172,5.549,3.4564,1.0472,480,320,0.733,1.891,0.568,1.323,0.95,2.347,0.001,0.353,1.216,,,7.888,97.1,5059,8007,0,0,0,148,14,11,294,414,True
1545,1771515513.1458797,16272.059199996875,pawn_shop,11.115,5.532,3.4964,1.0472,480,320,0.754,1.943,0.597,1.345,0.906,2.332,0.001,0.368,1.194,,,7.823,97.1,5067,8007,0,0,0,148,14,11,300,420,True
1546,1771515513.155882,16282.0134999929,pawn_shop,11.059,5.514,3.5364,1.0472,480,320,0.853,1.93,0.583,1.347,0.911,2.336,0.002,0.316,1.212,,,7.842,97.1,5074,8007,0,0,0,148,14,11,309,429,True
1547,1771515513.1658845,16292.047199996887,pawn_shop,11.003,5.495,3.5724,1.0472,480,320,0.909,2.09,0.642,1.447,0.974,2.416,0.002,0.313,1.19,,,8.197,97.1,5088,8007,0,0,0,148,14,11,319,439,True
1548,1771515513.1768878,16302.372599995579,pawn_shop,10.947,5.474,3.6044,1.0472,480,320,0.627,2.138,0.655,1.483,1.023,2.451,0.001,0.328,1.205,,,8.124,97.1,5105,8007,0,0,0,148,14,11,328,448,True
1549,1771515513.1868892,16312.403399992036,pawn_shop,10.892,5.452,3.6284,1.0472,480,320,0.603,2.125,0.607,1.519,1.055,2.512,0.001,0.309,1.187,,,8.095,97.1,5122,8007,0,0,0,148,14,11,339,459,True
1550,1771515513.196891,16322.470699989935,pawn_shop,10.836,5.429,3.6364,1.0472,480,320,0.598,2.176,0.588,1.588,1.086,2.48,0.001,0.321,1.19,,,8.165,99.0,5144,8007,0,0,0,148,14,11,341,461,True
1551,1771515513.2068937,16332.680899999104,pawn_shop,10.781,5.404,3.6524,1.0472,480,320,0.617,2.273,0.631,1.642,1.212,2.551,0.002,0.339,1.242,,,8.56,99.0,5172,8007,0,0,0,148,14,11,347,467,True
1552,1771515513.2178962,16343.435199989472,pawn_shop,10.727,5.378,3.6684,1.0472,480,320,0.632,2.251,0.609,1.642,1.197,2.499,0.001,0.318,1.192,,,8.382,99.0,5199,8007,0,0,0,148,14,11,353,473,True
1553,1771515513.2329004,16358.391399990069,pawn_shop,10.672,5.351,3.6724,1.0472,480,320,0.878,2.353,0.662,1.691,1.206,2.577,0.001,0.363,1.272,,,8.989,99.0,5231,8007,0,0,0,148,14,11,359,479,True
1554,1771515513.2439017,16369.459800000186,pawn_shop,10.611,5.331,3.6764,1.0472,480,320,0.623,2.387,0.67,1.717,1.25,2.585,0.001,0.31,1.226,,,8.694,99.0,5265,8007,0,0,0,148,14,11,362,482,True
1555,1771515513.2549043,16380.408500001067,pawn_shop,10.549,5.318,3.6764,1.0472,480,320,0.576,2.321,0.626,1.695,1.224,2.652,0.002,0.345,1.362,,,8.845,99.0,5300,8007,0,0,0,148,14,11,366,486,True
1556,1771515513.2659063,16391.3448999956,pawn_shop,10.487,5.311,3.6764,1.0472,480,320,0.658,2.516,0.696,1.819,1.289,2.652,0.002,0.371,1.328,,,9.215,99.0,5342,8007,0,0,0,148,14,10,363,483,True
1557,1771515513.2769089,16402.587899996433,pawn_shop,10.423,5.309,3.6764,1.0472,480,320,0.631,2.492,0.685,1.807,1.301,2.617,0.002,0.348,1.269,,,9.075,99.0,5384,8007,0,0,0,148,14,10,355,475,True
1558,1771515513.287912,16413.801100003184,pawn_shop,10.359,5.311,3.6764,1.0472,480,320,0.665,2.413,0.683,1.73,1.283,2.685,0.002,0.372,1.301,,,9.152,99.0,5422,8007,0,0,0,148,14,10,352,472,True
1559,1771515513.298914,16425.125499998103,pawn_shop,10.296,5.316,3.6684,1.0472,480,320,0.654,2.398,0.681,1.718,1.328,2.543,0.002,0.385,1.273,,,8.948,99.0,5456,8007,0,0,0,148,14,10,341,461,True
1560,1771515513.3109174,16436.313099999097,pawn_shop,10.232,5.324,3.6644,1.0472,480,320,0.607,2.422,0.608,1.814,1.23,2.421,0.001,0.318,1.223,,,8.536,88.5,5491,8007,0,0,0,148,14,10,327,447,True
1561,1771515513.3209198,16446.899200003827,pawn_shop,10.168,5.333,3.6524,1.0472,480,320,0.567,2.049,0.554,1.495,1.242,2.422,0.001,0.302,1.218,,,8.102,88.5,5510,8007,0,0,0,148,14,10,319,439,True
1562,1771515513.330921,16457.125899993116,pawn_shop,10.106,5.344,3.6444,1.0472,480,320,0.575,2.056,0.569,1.487,1.167,2.385,0.001,0.296,1.215,,,7.981,88.5,5527,8007,0,0,0,148,14,10,320,440,True
1563,1771515513.340923,16467.098699999042,pawn_shop,10.044,5.357,3.6324,1.0472,480,320,0.575,1.988,0.57,1.418,1.126,2.367,0.001,0.305,1.211,,,7.864,88.5,5539,8007,0,0,0,148,14,10,319,439,True
1564,1771515513.3509262,16476.952700002585,pawn_shop,9.983,5.37,3.6124,1.0472,480,320,0.599,2.007,0.577,1.43,1.108,2.38,0.001,0.287,1.24,,,7.826,88.5,5548,8007,0,0,0,148,14,10,318,438,True
1565,1771515513.360928,16486.79529999208,pawn_shop,9.924,5.385,3.5964,1.0472,480,320,0.601,2.009,0.592,1.417,1.115,2.404,0.002,0.321,1.221,,,7.963,88.5,5554,8007,0,0,0,148,14,10,318,438,True
1566,1771515513.3709307,16496.675999995205,pawn_shop,9.864,5.401,3.5804,1.0472,480,320,0.634,1.89,0.556,1.333,1.058,2.325,0.001,0.299,1.193,,,7.668,88.5,5556,8007,0,0,0,148,14,10,310,430,True
1567,1771515513.3819332,16508.096799996565,pawn_shop,9.805,5.418,3.5724,1.0472,480,320,0.62,1.941,0.593,1.349,1.041,2.323,0.001,0.319,1.231,,,7.753,88.5,5559,8007,0,0,0,148,14,10,306,426,True
1568,1771515513.391936,16517.819300002884,pawn_shop,9.746,5.436,3.5684,1.0472,480,320,0.604,1.885,0.57,1.316,1.043,2.236,0.001,0.307,1.235,,,7.582,88.5,5560,8007,0,0,0,148,14,10,300,420,True
1569,1771515513.4029386,16529.11829999357,pawn_shop,9.686,5.455,3.5644,1.0472,480,320,0.622,1.896,0.588,1.308,0.976,2.232,0.001,0.307,1.227,,,7.529,88.5,5562,8007,0,0,0,148,14,10,294,414,True
1570,1771515513.412941,16538.685099993018,pawn_shop,9.627,5.474,3.5644,1.0472,480,320,0.583,1.774,0.505,1.269,0.957,2.145,0.001,0.325,1.211,,,7.252,97.1,5565,8007,0,0,0,148,14,10,284,404,True
1571,1771515513.422943,16549.174599989783,pawn_shop,9.569,5.494,3.5604,1.0472,480,320,0.627,1.848,0.566,1.281,0.926,2.172,0.001,0.31,1.232,,,7.389,97.1,5567,8007,0,0,0,148,14,10,280,400,True
1572,1771515513.4329445,16558.43069999537,pawn_shop,9.511,5.514,3.5604,1.0472,480,320,0.592,1.761,0.504,1.256,0.945,2.116,0.001,0.304,1.212,,,7.202,97.1,5568,8007,0,0,0,148,14,10,270,390,True
1573,1771515513.4429471,16569.05469999765,pawn_shop,9.454,5.534,3.5604,1.0472,480,320,0.628,1.788,0.556,1.232,0.907,2.094,0.001,0.327,1.257,,,7.284,97.1,5569,8007,0,0,0,148,14,10,261,381,True
1574,1771515513.4539497,16580.128899993724,pawn_shop,9.395,5.556,3.5564,1.0472,480,320,0.627,1.75,0.553,1.196,0.91,2.072,0.001,0.298,1.208,,,7.111,97.1,5569,8007,0,0,0,148,14,10,252,372,True
1575,1771515513.4649518,16591.033699995023,pawn_shop,9.336,5.577,3.5564,1.0472,480,320,0.589,1.688,0.487,1.2,0.876,2.062,0.001,0.314,1.24,,,7.04,97.1,5571,8007,0,0,0,148,14,10,253,373,True
1576,1771515513.4759543,16602.032900002087,pawn_shop,9.277,5.599,3.5564,1.0472,480,320,0.635,1.742,0.511,1.232,0.96,2.112,0.001,0.337,1.618,,,7.692,97.1,5571,8007,0,0,0,148,14,10,255,375,True
1577,1771515513.4859574,16611.725900002057,pawn_shop,9.218,5.621,3.5564,1.0472,480,320,0.614,1.736,0.52,1.216,0.905,2.155,0.002,0.355,1.253,,,7.346,97.1,5572,8007,0,0,0,148,14,9,250,370,True
1578,1771515513.4959588,16622.06919999153,pawn_shop,9.16,5.643,3.5564,1.0472,480,320,0.741,1.788,0.586,1.203,0.926,2.108,0.002,0.343,1.26,,,7.508,97.1,5572,8007,0,0,0,148,14,9,249,369,True
1579,1771515513.5059617,16631.50200000382,pawn_shop,9.102,5.665,3.5564,1.0472,480,320,0.622,1.734,0.55,1.184,0.895,2.106,0.002,0.369,1.252,,,7.308,97.1,5572,8007,0,0,0,148,14,9,244,364,True
1580,1771515513.5159626,16642.07919999899,pawn_shop,9.045,5.687,3.5564,1.0472,480,320,0.641,1.752,0.514,1.238,0.919,2.152,0.002,0.347,1.307,,,7.509,97.1,5572,8007,0,0,0,148,14,9,240,360,True
1581,1771515513.5259662,16651.638700001058,pawn_shop,8.988,5.708,3.5604,1.0472,480,320,0.628,1.696,0.534,1.162,0.885,2.069,0.001,0.366,1.264,,,7.165,97.1,5572,8007,0,0,0,148,14,9,234,354,True
1582,1771515513.5359676,16662.160799998674,pawn_shop,8.931,5.73,3.5644,1.0472,480,320,0.665,1.722,0.547,1.175,0.897,2.031,0.002,0.359,1.453,,,7.388,97.1,5572,8007,0,0,0,148,14,9,233,353,True
1583,1771515513.5459707,16671.76899999322,pawn_shop,8.874,5.752,3.5764,1.0472,480,320,0.636,1.74,0.524,1.217,1.04,2.142,0.002,0.335,1.36,,,7.535,97.1,5572,8007,0,0,0,148,14,9,228,348,True
1584,1771515513.5579727,16683.323499994003,pawn_shop,8.816,5.773,3.6004,1.0472,480,320,0.644,1.744,0.516,1.228,0.92,2.099,0.002,0.339,1.284,,,7.374,97.1,5572,8007,0,0,0,148,14,9,228,348,True
1585,1771515513.5669742,16693.143099997542,pawn_shop,8.758,5.794,3.6364,1.0472,480,320,0.63,1.696,0.53,1.166,0.909,2.119,0.002,0.355,1.318,,,7.427,97.1,5572,8007,0,0,0,148,14,9,232,352,True
1586,1771515513.5769775,16702.72410000325,pawn_shop,8.7,5.813,3.6764,1.0472,480,320,0.766,1.673,0.508,1.164,1.028,2.105,0.001,0.341,1.262,,,7.51,97.1,5572,8007,0,0,0,148,14,10,234,354,True
1587,1771515513.5889792,16714.36410000024,pawn_shop,8.641,5.832,3.7404,1.0472,480,320,0.614,1.711,0.535,1.176,1.193,2.25,0.001,0.389,1.256,,,7.779,97.1,5572,8007,0,0,0,148,14,10,240,360,True
1588,1771515513.5989816,16724.473499998567,pawn_shop,8.582,5.848,3.7884,1.0472,480,320,0.623,1.782,0.553,1.229,1.03,2.242,0.002,0.403,1.291,,,7.737,97.1,5572,8007,0,0,0,148,14,10,245,365,True
1589,1771515513.6089842,16734.611299994867,pawn_shop,8.523,5.862,3.8324,1.0472,480,320,0.681,1.76,0.518,1.241,1.286,2.225,0.002,0.425,1.258,,,8.018,97.1,5572,8007,0,0,0,148,14,10,238,358,True
1590,1771515513.6189866,16745.171299990034,pawn_shop,8.462,5.875,3.8524,1.0472,480,320,0.666,1.807,0.541,1.266,1.121,2.037,0.001,0.334,1.221,,,7.523,97.1,5572,8007,0,0,0,148,14,10,231,351,True
1591,1771515513.6289885,16754.635199991753,pawn_shop,8.402,5.886,3.8524,1.0472,480,320,0.616,1.651,0.508,1.143,0.99,1.99,0.001,0.35,1.259,,,7.194,97.1,5572,8007,0,0,0,148,14,10,223,343,True
1592,1771515513.638991,16765.150899998844,pawn_shop,8.342,5.896,3.8524,1.0472,480,320,0.656,1.739,0.526,1.214,1.084,2.131,0.002,0.369,1.315,,,7.685,97.1,5572,8007,0,0,0,148,14,10,216,336,True
1593,1771515513.648994,16775.104100001045,pawn_shop,8.281,5.905,3.8524,1.0472,480,320,0.858,1.965,0.775,1.19,1.008,2.102,0.002,0.339,1.256,,,7.855,97.1,5572,8007,0,0,0,148,14,10,214,334,True
1594,1771515513.6589956,16784.98270000273,pawn_shop,8.221,5.913,3.8524,1.0472,480,320,0.649,1.618,0.479,1.139,1.018,1.987,0.001,0.337,1.237,,,7.168,97.1,5572,8007,0,0,0,148,14,10,214,334,True
1595,1771515513.6689973,16795.106199992006,pawn_shop,8.161,5.92,3.8524,1.0472,480,320,0.635,1.668,0.5,1.168,0.974,1.976,0.002,0.385,1.575,,,7.586,97.1,5572,8007,0,0,0,148,14,10,215,335,True
1596,1771515513.6790004,16804.982999994536,pawn_shop,8.101,5.927,3.8524,1.0472,480,320,0.653,1.638,0.501,1.137,0.954,2.011,0.002,0.391,1.279,,,7.251,97.1,5572,8007,0,0,0,148,14,10,214,334,True
1597,1771515513.6900022,16816.23959999706,pawn_shop,8.04,5.934,3.8524,1.0472,480,320,0.857,1.941,0.563,1.378,1.121,2.031,0.002,0.341,1.264,,,7.937,97.1,5572,8007,0,0,0,148,14,10,215,335,True
1598,1771515513.7000043,16826.155100003234,pawn_shop,7.979,5.94,3.8524,1.0472,480,320,0.675,1.653,0.511,1.143,1.006,1.984,0.002,0.343,1.275,,,7.256,97.1,5572,8007,0,0,0,148,14,10,214,334,True
1599,1771515513.711008,16837.15150000353,pawn_shop,7.917,5.946,3.8524,1.0472,480,320,0.634,1.716,0.542,1.173,0.982,1.933,0.001,0.333,1.244,,,7.148,97.1,5572,8007,0,0,0,148,14,10,212,332,True
1600,1771515513.7220097,16848.150199992233,pawn_shop,7.855,5.952,3.8524,1.0472,480,320,0.653,1.682,0.53,1.153,1.015,2.029,0.002,0.354,1.326,,,7.393,97.1,5572,8007,0,0,0,148,14,10,213,333,True
1601,1771515513.732012,16857.89859999204,pawn_shop,7.793,5.957,3.8524,1.0472,480,320,0.766,1.676,0.523,1.153,0.962,1.925,0.001,0.346,1.257,,,7.24,97.1,5572,8007,0,0,0,148,14,10,210,330,True
1602,1771515513.744014,16869.338399992557,pawn_shop,7.73,5.963,3.8524,1.0472,480,320,0.679,1.667,0.515,1.153,1.015,2.081,0.002,0.352,1.283,,,7.425,97.1,5572,8007,0,0,0,148,14,10,209,329,True
1603,1771515513.7530177,16878.718399995705,pawn_shop,7.668,5.968,3.8524,1.0472,480,320,0.768,1.871,0.537,1.334,0.971,1.951,0.001,0.325,1.257,,,7.458,97.1,5572,8007,0,0,0,148,14,10,207,327,True
1604,1771515513.7640197,16890.159000002313,pawn_shop,7.605,5.973,3.8524,1.0472,480,320,0.665,1.611,0.496,1.115,0.876,1.901,0.001,0.344,1.258,,,6.965,97.1,5572,8007,0,0,0,148,14,9,206,326,True
1605,1771515513.775022,16900.718699995195,pawn_shop,7.542,5.978,3.8324,1.0472,480,320,0.706,1.607,0.494,1.113,0.858,1.894,0.001,0.316,1.256,,,6.961,97.1,5572,8007,0,0,0,148,14,9,206,326,True
1606,1771515513.7840238,16909.825199996703,pawn_shop,7.481,5.984,3.8204,1.0472,480,320,0.632,1.582,0.485,1.097,0.952,1.914,0.002,0.357,1.272,,,6.943,97.1,5572,8007,0,0,0,148,14,9,203,323,True
1607,1771515513.7950256,16920.48669999349,pawn_shop,7.419,5.99,3.8084,1.0472,480,320,0.656,1.605,0.506,1.099,0.889,1.854,0.002,0.328,1.263,,,6.828,97.1,5572,8007,0,0,0,148,14,9,198,318,True
1608,1771515513.8040278,16929.79419999756,pawn_shop,7.358,5.996,3.7964,1.0472,480,320,0.922,1.793,0.578,1.215,0.862,1.777,0.002,0.4,1.319,,,7.406,97.1,5572,8007,0,0,0,148,14,9,201,321,True
1609,1771515513.816032,16941.426599994884,pawn_shop,7.297,6.002,3.7844,1.0472,480,320,0.665,1.64,0.532,1.109,0.819,1.729,0.001,0.356,1.355,,,6.827,97.1,5572,8007,0,0,0,148,14,9,203,323,True
1610,1771515513.825033,16950.559199991403,pawn_shop,7.235,6.01,3.7844,1.0472,480,320,0.617,1.598,0.5,1.098,0.805,1.802,0.001,0.354,1.335,,,6.853,97.1,5572,8007,0,0,0,148,14,9,208,328,True
1611,1771515513.8360353,16962.252800003625,pawn_shop,7.173,6.017,3.7884,1.0472,480,320,0.649,1.654,0.516,1.138,0.847,1.803,0.001,0.336,1.277,,,6.853,97.1,5572,8007,0,0,0,148,14,9,209,329,True
1612,1771515513.8480387,16973.368899998604,pawn_shop,7.11,6.025,3.7924,1.0472,480,320,0.609,1.612,0.496,1.116,0.857,1.879,0.002,0.362,1.327,,,6.887,97.1,5572,8007,0,0,0,148,14,9,213,333,True
1613,1771515513.8590405,16984.52099999122,pawn_shop,7.047,6.033,3.7804,1.0472,480,320,0.662,1.645,0.512,1.133,0.837,1.875,0.001,0.337,1.306,,,6.961,97.1,5572,8007,0,0,0,148,14,9,218,338,True
1614,1771515513.8680432,16993.502999990596,pawn_shop,6.984,6.041,3.7644,1.0472,480,320,0.606,1.63,0.501,1.129,0.877,1.913,0.002,0.335,1.296,,,6.967,97.1,5572,8007,0,0,0,148,14,9,221,341,True
1615,1771515513.8790448,17004.52360000054,pawn_shop,6.923,6.05,3.7404,1.0472,480,320,0.656,1.644,0.511,1.133,0.887,1.908,0.001,0.332,1.309,,,7.032,97.1,5572,8007,0,0,0,148,14,8,222,342,True
1616,1771515513.8880472,17013.746199998423,pawn_shop,6.861,6.06,3.7244,1.0472,480,320,0.634,1.631,0.491,1.14,0.869,1.974,0.001,0.347,1.306,,,7.074,97.1,5572,8007,0,0,0,148,14,8,222,342,True
1617,1771515513.8990493,17024.374200002057,pawn_shop,6.801,6.07,3.7044,1.0472,480,320,0.612,1.686,0.52,1.165,0.872,1.881,0.001,0.347,1.284,,,6.986,97.1,5572,8007,0,0,0,148,14,8,219,339,True
1618,1771515513.9080517,17033.662300003925,pawn_shop,6.741,6.081,3.6884,1.0472,480,320,0.728,1.673,0.544,1.129,0.868,1.846,0.001,0.367,1.567,,,7.477,97.1,5572,8007,0,0,0,148,14,8,215,335,True
1619,1771515513.9190536,17044.40820000309,pawn_shop,6.681,6.092,3.6804,1.0472,480,320,0.691,1.694,0.506,1.188,0.845,1.849,0.002,0.377,1.276,,,7.053,97.1,5572,8007,0,0,0,148,14,8,215,335,True
1620,1771515513.9280562,17053.55939999572,pawn_shop,6.621,6.105,3.6804,1.0472,480,320,0.653,1.637,0.494,1.143,0.844,2.001,0.002,0.4,1.39,,,7.313,97.1,5572,8007,0,0,0,148,14,8,216,336,True
1621,1771515513.9390588,17064.43909999507,pawn_shop,6.562,6.117,3.6764,1.0472,480,320,0.637,1.665,0.523,1.142,0.989,2.115,0.002,0.34,1.259,,,7.322,97.1,5572,8007,0,0,0,148,14,8,215,335,True
1622,1771515513.948061,17073.823300001095,pawn_shop,6.503,6.13,3.6964,1.0472,480,320,0.684,1.634,0.491,1.144,0.864,2.004,0.003,0.342,1.286,,,7.128,97.1,5572,8007,0,0,0,148,14,8,218,338,True
1623,1771515513.9590628,17084.434599993983,pawn_shop,6.444,6.143,3.7524,1.0472,480,320,0.663,1.697,0.51,1.187,0.911,2.158,0.002,0.358,1.287,,,7.368,97.1,5572,8007,0,0,0,148,14,8,224,344,True
1624,1771515513.968065,17093.874199999846,pawn_shop,6.385,6.154,3.8244,1.0472,480,320,0.629,1.737,0.549,1.188,0.919,1.914,0.001,0.335,1.318,,,7.175,97.1,5572,8007,0,0,0,148,14,8,231,351,True
1625,1771515513.9790678,17104.72960000334,pawn_shop,6.325,6.163,3.9324,1.0472,480,320,0.637,1.782,0.532,1.25,0.999,2.069,0.002,0.378,1.262,,,7.476,97.1,5572,8007,0,0,0,148,14,8,239,359,True
1626,1771515513.9890702,17114.39459999383,pawn_shop,6.266,6.169,4.0524,1.0472,480,320,0.626,1.715,0.496,1.219,0.984,1.915,0.002,0.345,1.259,,,7.152,97.1,5572,8007,0,0,0,148,14,9,220,340,True
1627,1771515513.9980724,17124.048099998618,pawn_shop,6.212,6.165,4.1844,1.0472,480,320,0.818,1.546,0.468,1.078,1.008,1.714,0.002,0.398,1.285,,,7.181,97.1,5572,8007,0,0,0,148,14,9,183,303,True
1628,1771515514.009075,17134.61589999497,pawn_shop,6.172,6.151,4.3444,1.0472,480,320,0.617,1.411,0.411,1.0,0.891,1.941,0.002,0.328,1.295,,,6.801,97.1,5572,8007,0,0,0,148,14,11,140,260,True
1629,1771515514.0180771,17143.61949999875,pawn_shop,6.145,6.131,4.4764,1.0472,480,320,0.64,1.269,0.36,0.909,0.796,1.449,0.001,0.362,1.435,,,6.223,97.1,5572,8007,0,0,0,148,14,10,111,231,True
1630,1771515514.0290792,17154.570799990324,pawn_shop,6.13,6.106,4.6284,1.0472,480,320,0.631,1.182,0.336,0.847,0.699,1.274,0.002,0.406,1.256,,,5.74,100.0,5572,8007,0,0,0,148,14,10,82,202,True
1631,1771515514.0400815,17165.62790000171,pawn_shop,6.126,6.078,4.7644,1.0472,480,320,0.669,1.122,0.31,0.812,0.669,1.151,0.001,0.366,1.22,,,5.458,100.0,5572,8007,0,0,0,148,14,10,68,188,True
1632,1771515514.0500834,17175.38760000025,pawn_shop,6.131,6.048,4.8684,1.0472,480,320,0.621,1.07,0.29,0.78,0.686,1.206,0.001,0.342,1.245,,,5.427,100.0,5572,8007,0,0,0,148,14,9,66,186,True
1633,1771515514.0600874,17185.61960000079,pawn_shop,6.145,6.018,4.9364,1.0472,480,320,0.667,1.245,0.306,0.939,0.694,1.179,0.002,0.326,1.248,,,5.656,100.0,5572,8007,0,0,0,148,14,9,66,186,True
1634,1771515514.071088,17196.484200001578,pawn_shop,6.167,5.988,4.9924,1.0472,480,320,0.658,1.108,0.307,0.801,0.686,1.241,0.002,0.351,1.226,,,5.56,100.0,5572,8007,0,0,0,148,14,9,71,191,True
1635,1771515514.0810912,17206.43759999075,pawn_shop,6.194,5.958,5.0084,1.0472,480,320,0.625,1.132,0.316,0.816,0.645,1.203,0.001,0.335,1.205,,,5.402,100.0,5572,8007,0,0,0,148,14,9,72,192,True
1636,1771515514.090093,17216.272299992852,pawn_shop,6.227,5.929,5.0164,1.0472,480,320,0.622,1.118,0.298,0.82,0.648,1.208,0.001,0.379,1.226,,,5.501,100.0,5572,8007,0,0,0,148,14,9,72,192,True
1637,1771515514.100095,17226.258399998187,pawn_shop,6.263,5.899,5.0204,1.0472,480,320,0.678,1.127,0.307,0.82,0.667,1.191,0.002,0.345,1.208,,,5.504,100.0,5572,8007,0,0,0,148,14,9,71,191,True
1638,1771515514.1100974,17236.22079999768,pawn_shop,6.302,5.87,5.0204,1.0472,480,320,0.658,1.115,0.301,0.813,0.678,1.175,0.001,0.33,1.23,,,5.461,100.0,5572,8007,0,0,0,148,14,9,71,191,True
1639,1771515514.1201,17246.223699999973,pawn_shop,6.344,5.842,5.0204,1.0472,480,320,0.615,1.129,0.3,0.829,0.635,1.182,0.002,0.335,1.232,,,5.396,100.0,5572,8007,0,0,0,148,14,9,71,191,True
1640,1771515514.1301022,17256.30199999432,pawn_shop,6.388,5.813,5.0244,1.0472,480,320,0.639,1.106,0.309,0.798,0.685,1.18,0.001,0.323,1.218,,,5.412,98.0,5572,8007,0,0,0,148,14,9,71,191,True
1641,1771515514.1401043,17266.22259999567,pawn_shop,6.434,5.785,5.0244,1.0472,480,320,0.614,1.104,0.299,0.805,0.716,1.172,0.001,0.431,1.201,,,5.504,98.0,5572,8007,0,0,0,148,14,9,73,193,True
1642,1771515514.150107,17276.251699993736,pawn_shop,6.481,5.757,5.0244,1.0472,480,320,0.647,1.131,0.306,0.825,0.667,1.17,0.001,0.319,1.209,,,5.4,98.0,5572,8007,0,0,0,148,14,9,76,196,True
1643,1771515514.1601086,17286.218900000677,pawn_shop,6.529,5.729,5.0244,1.0472,480,320,0.609,1.123,0.303,0.82,0.682,1.214,0.001,0.324,1.203,,,5.421,98.0,5572,8007,0,0,0,148,14,9,79,199,True
1644,1771515514.1701117,17296.226799997385,pawn_shop,6.578,5.701,5.0244,1.0472,480,320,0.641,1.16,0.314,0.847,0.704,1.171,0.001,0.317,1.219,,,5.472,98.0,5572,8007,0,0,0,148,14,9,82,202,True
1645,1771515514.1801128,17306.23239999113,pawn_shop,6.628,5.674,5.0244,1.0472,480,320,0.6,1.149,0.311,0.838,0.851,1.177,0.001,0.355,1.209,,,5.608,98.0,5572,8007,0,0,0,148,14,9,87,207,True
1646,1771515514.1901147,17316.242000000784,pawn_shop,6.679,5.646,5.0244,1.0472,480,320,0.615,1.246,0.352,0.894,0.784,1.262,0.001,0.339,1.195,,,5.701,98.0,5574,8007,0,0,0,148,14,9,91,211,True
1647,1771515514.2011175,17326.528199992026,pawn_shop,6.723,5.613,5.0244,1.0472,480,320,0.6,1.196,0.333,0.863,0.767,1.209,0.001,0.318,1.204,,,5.523,98.0,5575,8007,0,0,0,148,14,9,95,215,True
1648,1771515514.2101197,17336.222300000372,pawn_shop,6.763,5.576,5.0244,1.0472,480,320,0.625,1.26,0.328,0.933,0.959,1.272,0.002,0.317,1.214,,,5.9,98.0,5576,8007,0,0,0,148,14,9,97,217,True
1649,1771515514.2241228,17350.278500001878,pawn_shop,6.799,5.535,5.0244,1.0472,480,320,0.665,1.262,0.346,0.916,0.838,1.308,0.001,0.345,1.217,,,5.89,98.0,5578,8007,0,0,0,148,14,9,99,219,True
1650,1771515514.2321253,17358.035899989773,pawn_shop,6.834,5.489,5.0244,1.0472,480,320,0.672,1.235,0.329,0.905,0.91,1.242,0.001,0.312,1.191,,,5.807,98.0,5581,8007,0,0,0,148,14,9,101,221,True
1651,1771515514.2421272,17368.24529999285,pawn_shop,6.865,5.441,5.0244,1.0472,480,320,0.666,1.277,0.365,0.911,1.137,1.304,0.002,0.388,1.233,,,6.296,98.0,5584,8007,0,0,0,148,14,9,104,224,True
1652,1771515514.2521298,17378.224100000807,pawn_shop,6.893,5.392,5.0244,1.0472,480,320,0.623,1.283,0.328,0.955,1.009,1.312,0.001,0.329,1.231,,,6.051,98.0,5587,8007,0,0,0,148,14,9,104,224,True
1653,1771515514.262132,17388.27389999642,pawn_shop,6.92,5.341,5.0244,1.0472,480,320,0.654,1.319,0.353,0.966,1.082,1.351,0.002,0.307,1.274,,,6.272,98.0,5596,8007,0,0,0,148,14,9,106,226,True
1654,1771515514.2721338,17398.247499993886,pawn_shop,6.945,5.341,5.0244,1.0472,480,320,0.632,1.249,0.359,0.89,1.167,1.327,0.001,0.334,1.229,,,6.212,98.0,5596,8007,0,0,0,148,14,9,110,230,True
1655,1771515514.282136,17408.263599994825,pawn_shop,6.969,5.341,5.0244,1.0472,480,320,0.654,1.304,0.365,0.939,1.14,1.306,0.001,0.323,1.213,,,6.2,98.0,5600,8007,0,0,0,148,14,9,113,233,True
1656,1771515514.2921383,17418.287299995427,pawn_shop,6.992,5.341,5.0204,1.0472,480,320,0.646,1.304,0.378,0.926,1.173,1.31,0.001,0.339,1.231,,,6.258,98.0,5601,8007,0,0,0,148,14,9,115,235,True
1657,1771515514.302141,17428.38089998986,pawn_shop,7.014,5.341,5.0124,1.0472,480,320,0.635,1.299,0.368,0.931,1.214,1.317,0.001,0.325,1.201,,,6.256,98.0,5602,8007,0,0,0,148,14,9,120,240,True
1658,1771515514.313143,17438.66299999354,pawn_shop,7.035,5.341,5.0004,1.0472,480,320,0.632,1.341,0.379,0.962,1.277,1.434,0.003,0.354,1.209,,,6.47,98.0,5604,8007,0,0,0,148,14,9,125,245,True
1659,1771515514.3231452,17448.520899997675,pawn_shop,7.055,5.341,4.9684,1.0472,480,320,0.639,1.344,0.387,0.956,1.28,1.358,0.001,0.336,1.219,,,6.424,98.0,5608,8007,0,0,0,148,14,9,125,245,True
1660,1771515514.333147,17458.514600002673,pawn_shop,7.074,5.341,4.9324,1.0472,480,320,0.597,1.264,0.365,0.899,1.257,1.34,0.001,0.375,1.207,,,6.296,100.0,5608,8007,0,0,0,148,14,9,124,244,True
1661,1771515514.34315,17468.622100001085,pawn_shop,7.091,5.341,4.8924,1.0472,480,320,0.628,1.3,0.386,0.914,1.342,1.347,0.001,0.33,1.196,,,6.405,100.0,5608,8007,0,0,0,148,14,9,122,242,True
1662,1771515514.3531523,17478.47489999549,pawn_shop,7.107,5.341,4.8484,1.0472,480,320,0.639,1.261,0.364,0.897,1.362,1.372,0.001,0.33,1.232,,,6.452,100.0,5610,8007,0,0,0,148,14,9,118,238,True
1663,1771515514.3631542,17488.46739999135,pawn_shop,7.12,5.341,4.8044,1.0472,480,320,0.625,1.224,0.365,0.858,1.265,1.354,0.001,0.339,1.216,,,6.284,100.0,5610,8007,0,0,0,148,14,9,113,233,True
1664,1771515514.3731565,17498.667599997134,pawn_shop,7.132,5.341,4.7564,1.0472,480,320,0.637,1.194,0.354,0.84,1.22,1.329,0.001,0.319,1.193,,,6.126,100.0,5610,8007,0,0,0,148,14,9,107,227,True
1665,1771515514.3831587,17508.4760000027,pawn_shop,7.142,5.341,4.7124,1.0472,480,320,0.583,1.125,0.308,0.817,1.184,1.267,0.001,0.282,1.162,,,5.814,100.0,5610,8007,0,0,0,148,14,9,105,225,True
1666,1771515514.3921604,17518.43569999619,pawn_shop,7.149,5.341,4.6844,1.0472,480,320,0.628,1.149,0.331,0.818,1.167,1.278,0.001,0.285,1.176,,,5.895,100.0,5610,8007,0,0,0,148,14,9,104,224,True
1667,1771515514.4041636,17529.630699995323,pawn_shop,7.147,5.341,4.6684,1.0472,480,320,0.589,1.147,0.335,0.813,1.159,1.269,0.001,0.299,1.173,,,5.859,100.0,5610,8007,0,0,0,148,14,9,101,221,True
1668,1771515514.414166,17540.310299998964,pawn_shop,7.137,5.341,4.6604,1.0472,480,320,0.561,1.105,0.305,0.8,1.108,1.224,0.001,0.298,1.16,,,5.655,100.0,5610,8007,0,0,0,148,14,9,97,217,True
1669,1771515514.4241679,17550.20759999752,pawn_shop,7.12,5.341,4.6604,1.0472,480,320,0.513,1.006,0.263,0.743,1.051,1.18,0.001,0.272,1.149,,,5.365,100.0,5610,8007,0,0,0,148,14,9,92,212,True
1670,1771515514.43417,17560.256500000833,pawn_shop,7.098,5.341,4.6564,1.0472,480,320,0.54,1.007,0.265,0.742,1.032,1.153,0.001,0.236,1.147,,,5.306,98.0,5610,8007,0,0,0,148,14,9,85,205,True
1671,1771515514.444173,17570.29540000076,pawn_shop,7.072,5.341,4.6564,1.0472,480,320,0.591,1.029,0.279,0.75,0.967,1.149,0.001,0.276,1.16,,,5.382,98.0,5610,8007,0,0,0,148,14,9,77,197,True
1672,1771515514.4541748,17580.217900002026,pawn_shop,7.042,5.341,4.6564,1.0472,480,320,0.506,0.938,0.241,0.697,0.884,1.071,0.001,0.257,1.129,,,4.965,98.0,5610,8007,0,0,0,148,14,9,67,187,True
1673,1771515514.464177,17590.258500000346,pawn_shop,7.01,5.341,4.6524,1.0472,480,320,0.522,0.904,0.229,0.674,0.77,1.034,0.001,0.207,1.158,,,4.773,98.0,5610,8007,0,0,0,148,14,10,56,176,True
1674,1771515514.474179,17600.211800003308,pawn_shop,6.975,5.341,4.6524,1.0472,480,320,0.519,0.878,0.214,0.664,0.729,1.023,0.001,0.196,1.162,,,4.69,98.0,5611,8007,0,0,0,148,14,10,50,170,True
1675,1771515514.4841814,17610.204900003737,pawn_shop,6.938,5.341,4.6524,1.0472,480,320,0.518,0.867,0.211,0.656,0.67,0.998,0.001,0.202,1.129,,,4.568,98.0,5612,8007,0,0,0,148,14,10,47,167,True
1676,1771515514.4941838,17620.218099997146,pawn_shop,6.9,5.341,4.6524,1.0472,480,320,0.506,0.851,0.202,0.649,0.64,0.989,0.001,0.28,1.137,,,4.589,98.0,5613,8007,0,0,0,148,14,10,44,164,True
1677,1771515514.5041857,17630.218599995715,pawn_shop,6.861,5.341,4.6524,1.0472,480,320,0.512,0.882,0.209,0.673,0.613,0.994,0.001,0.241,1.161,,,4.585,98.0,5616,8007,0,0,0,148,14,10,43,163,True
1678,1771515514.514188,17640.211899997666,pawn_shop,6.821,5.341,4.6524,1.0472,480,320,0.507,0.834,0.2,0.634,0.587,0.982,0.001,0.28,1.138,,,4.521,98.0,5616,8007,0,0,0,148,14,10,41,161,True
1679,1771515514.5241904,17650.216099995305,pawn_shop,6.779,5.341,4.6524,1.0472,480,320,0.512,0.844,0.199,0.645,0.555,0.95,0.0,0.26,1.129,,,4.432,98.0,5617,8007,0,0,0,148,14,9,41,161,True
1680,1771515514.5341928,17660.332400002517,pawn_shop,6.738,5.341,4.6564,1.0472,480,320,0.608,0.931,0.243,0.688,0.522,0.987,0.001,0.295,1.171,,,4.716,100.0,5617,8007,0,0,0,148,14,9,40,160,True
1681,1771515514.5441952,17670.28869999922,pawn_shop,6.695,5.3,4.6604,1.0472,480,320,0.558,0.878,0.21,0.668,0.487,0.957,0.001,0.209,1.131,,,4.407,100.0,5618,8007,0,0,0,148,14,9,37,157,True
1682,1771515514.5551977,17681.269699998666,pawn_shop,6.652,5.258,4.6684,1.0472,480,320,0.507,0.851,0.198,0.652,0.451,0.916,0.001,0.234,1.165,,,4.305,100.0,5619,8007,0,0,0,148,14,9,35,155,True
1683,1771515514.5651999,17691.351899993606,pawn_shop,6.616,5.213,4.6724,1.0472,480,320,0.523,0.815,0.198,0.617,0.421,0.912,0.001,0.222,1.159,,,4.233,100.0,5619,8007,0,0,0,148,14,9,31,151,True
1684,1771515514.5762022,17702.29770000151,pawn_shop,6.586,5.164,4.6764,1.0472,480,320,0.574,0.846,0.205,0.642,0.403,0.932,0.001,0.272,1.171,,,4.383,100.0,5620,8007,0,0,0,148,14,9,27,147,True
1685,1771515514.5862045,17712.25389999745,pawn_shop,6.561,5.113,4.6804,1.0472,480,320,0.489,0.768,0.177,0.591,0.37,0.892,0.001,0.269,1.148,,,4.115,100.0,5620,8007,0,0,0,148,14,9,24,144,True
1686,1771515514.5962067,17722.231099993223,pawn_shop,6.541,5.061,4.6804,1.0472,480,320,0.506,0.767,0.179,0.588,0.336,0.877,0.001,0.192,1.144,,,4.001,100.0,5620,8007,0,0,0,148,14,9,19,139,True
1687,1771515514.606209,17732.27159999078,pawn_shop,6.524,5.007,4.6844,1.0472,480,320,0.51,0.75,0.179,0.571,0.314,0.834,0.001,0.208,1.155,,,3.905,100.0,5620,8007,0,0,0,148,14,9,15,135,True
1688,1771515514.6162112,17742.249599992647,pawn_shop,6.51,4.952,4.6844,1.0472,480,320,0.525,0.747,0.177,0.569,0.3,0.843,0.001,0.245,1.156,,,3.949,100.0,5620,8007,0,0,0,148,14,9,9,129,True
1689,1771515514.6262133,17752.225599993835,pawn_shop,6.498,4.896,4.6844,1.0472,480,320,0.495,0.69,0.153,0.537,0.264,0.829,0.001,0.274,1.136,,,3.817,100.0,5620,8007,0,0,0,148,14,9,6,126,True
1690,1771515514.6362162,17762.31469999766,pawn_shop,6.488,4.839,4.6884,1.0472,480,320,0.536,0.713,0.166,0.547,0.255,0.84,0.001,0.213,1.156,,,3.845,98.0,5620,8007,0,0,0,148,14,9,3,123,True
1691,1771515514.646218,17772.245899992413,pawn_shop,6.48,4.782,4.6884,1.0472,480,320,0.506,0.684,0.155,0.529,0.003,0.795,0.001,0.215,1.162,,,3.49,98.0,5620,8007,0,0,0,148,14,9,0,120,True
1692,1771515514.6562204,17782.410300002084,pawn_shop,6.473,4.724,4.6884,1.0472,480,320,0.657,0.811,0.211,0.6,0.005,0.917,0.001,0.346,1.247,,,4.152,98.0,5620,8007,0,0,0,148,14,9,0,120,True
1693,1771515514.6662235,17792.344300003606,pawn_shop,6.466,4.666,4.6884,1.0472,480,320,0.593,0.765,0.194,0.571,0.004,0.862,0.0,0.291,1.182,,,3.832,98.0,5620,8007,0,0,0,148,14,9,0,120,True
1694,1771515514.6762247,17802.280399992014,pawn_shop,6.461,4.607,4.6884,1.0472,480,320,0.539,0.731,0.169,0.563,0.004,0.92,0.001,0.258,1.158,,,3.745,98.0,5620,8007,0,0,0,148,14,9,0,120,True
1695,1771515514.6862268,17812.25629999244,pawn_shop,6.457,4.549,4.6884,1.0472,480,320,0.546,0.697,0.154,0.543,0.003,0.904,0.001,0.241,1.173,,,3.695,98.0,5620,8007,0,0,0,148,14,9,0,120,True
1696,1771515514.6962295,17822.267600000487,pawn_shop,6.453,4.49,4.6884,1.0472,480,320,0.523,0.719,0.162,0.556,0.004,0.999,0.001,0.262,1.167,,,3.807,98.0,5620,8007,0,0,0,148,14,9,0,120,True
1697,1771515514.7062316,17832.284399992204,pawn_shop,6.449,4.431,4.6884,1.0472,480,320,0.562,0.729,0.169,0.559,0.004,1.014,0.0,0.219,1.16,,,3.814,98.0,5620,8007,0,0,0,148,14,9,0,120,True
1698,1771515514.716234,17842.267899992294,pawn_shop,6.446,4.371,4.6884,1.0472,480,320,0.516,0.702,0.158,0.544,0.003,1.037,0.001,0.202,1.156,,,3.741,98.0,5620,8007,0,0,0,148,14,9,0,120,True
1699,1771515514.7262359,17852.275199998985,pawn_shop,6.443,4.312,4.6884,1.0472,480,320,0.54,0.714,0.162,0.552,0.003,1.067,0.001,0.216,1.153,,,3.821,98.0,5620,8007,0,0,0,148,14,9,0,120,True
1700,1771515514.7362382,17862.26569999417,pawn_shop,6.441,4.252,4.6884,1.0472,480,320,0.526,0.69,0.156,0.534,0.003,1.107,0.001,0.265,1.156,,,3.872,100.0,5620,8007,0,0,0,148,14,9,0,120,True
1701,1771515514.746241,17872.35599999258,pawn_shop,6.438,4.193,4.6844,1.0472,480,320,0.58,0.756,0.181,0.575,0.004,1.207,0.001,0.268,1.164,,,4.11,100.0,5620,8007,0,0,0,148,14,9,0,120,True
1702,1771515514.7562428,17882.35359999817,pawn_shop,6.436,4.133,4.6684,1.0472,480,320,0.519,0.706,0.155,0.55,0.004,1.25,0.001,0.262,1.147,,,4.06,100.0,5620,8007,0,0,0,148,14,9,0,120,True
1703,1771515514.7662451,17892.35209999606,pawn_shop,6.433,4.073,4.6404,1.0472,480,320,0.503,0.7,0.154,0.546,0.004,1.362,0.001,0.188,1.144,,,4.072,100.0,5620,8007,0,0,0,148,14,9,0,120,True
1704,1771515514.7762475,17902.485500002513,pawn_shop,6.437,4.016,4.6004,1.0472,480,320,0.536,0.724,0.164,0.56,0.004,1.485,0.001,0.246,1.153,,,4.326,100.0,5620,8007,0,0,0,148,14,8,0,120,True
1705,1771515514.7862496,17912.383399991086,pawn_shop,6.447,3.96,4.5524,1.0472,480,320,0.496,0.691,0.148,0.543,0.003,1.537,0.001,0.256,1.147,,,4.305,100.0,5620,8007,0,0,0,148,14,8,0,120,True
1706,1771515514.796252,17922.426299992367,pawn_shop,6.461,3.905,4.4924,1.0472,480,320,0.566,0.734,0.164,0.57,0.004,1.525,0.001,0.225,1.159,,,4.389,100.0,5620,8007,0,0,0,148,14,7,0,120,True
1707,1771515514.8062544,17932.399899989832,pawn_shop,6.478,3.851,4.4084,1.0472,480,320,0.5,0.705,0.151,0.554,0.003,1.587,0.001,0.267,1.149,,,4.386,100.0,5620,8007,0,0,0,148,14,6,0,120,True
1708,1771515514.8162565,17942.398699990008,pawn_shop,6.495,3.796,4.3204,1.0472,480,320,0.514,0.731,0.157,0.574,0.004,1.691,0.001,0.199,1.157,,,4.469,100.0,5620,8007,0,0,0,148,14,6,0,120,True
1709,1771515514.826259,17952.44839999941,pawn_shop,6.513,3.741,4.2324,1.0472,480,320,0.559,0.788,0.184,0.604,0.004,1.977,0.001,0.272,1.155,,,4.932,100.0,5620,8007,0,0,0,148,14,7,0,120,True
1710,1771515514.8362608,17962.41330000339,pawn_shop,6.53,3.685,4.1364,1.0472,480,320,0.521,0.74,0.158,0.581,0.004,2.225,0.001,0.239,1.153,,,5.055,100.0,5620,8007,0,0,0,148,14,7,0,120,True
1711,1771515514.8462634,17972.396600001957,pawn_shop,6.545,3.629,4.0404,1.0472,480,320,0.525,0.718,0.15,0.568,0.003,2.427,0.001,0.224,1.141,,,5.208,100.0,5620,8007,0,0,0,148,14,8,0,120,True
1712,1771515514.8562655,17982.41070000222,pawn_shop,6.557,3.571,3.9524,1.0472,480,320,0.516,0.773,0.159,0.614,0.004,0.554,0.001,0.197,1.149,,,3.366,100.0,5620,8007,0,0,0,148,14,7,0,120,True
1713,1771515514.866268,17992.403399999603,pawn_shop,6.567,3.514,3.8724,1.0472,480,320,0.514,0.747,0.156,0.591,0.004,0.549,0.001,0.194,1.145,,,3.324,100.0,5620,8007,0,0,0,148,14,6,0,120,True
1714,1771515514.8762698,18002.413800000795,pawn_shop,6.574,3.456,3.8044,1.0472,480,320,0.515,0.742,0.156,0.586,0.004,0.536,0.001,0.203,1.149,,,3.322,100.0,5620,8007,0,0,0,148,14,6,0,120,True
1715,1771515514.8862724,18012.403499989887,pawn_shop,6.577,3.398,3.7404,1.0472,480,320,0.505,0.751,0.156,0.595,0.003,0.548,0.0,0.246,1.151,,,3.376,100.0,5620,8007,0,0,0,148,14,6,0,120,True
1716,1771515514.8962743,18022.400999994716,pawn_shop,6.577,3.339,3.6844,1.0472,480,320,0.508,0.729,0.151,0.578,0.003,0.546,0.0,0.234,1.16,,,3.352,100.0,5620,8007,0,0,0,148,14,6,0,120,True
1717,1771515514.9062767,18032.40489999007,pawn_shop,6.574,3.281,3.6324,1.0472,480,320,0.499,0.729,0.152,0.577,0.004,0.56,0.001,0.259,1.138,,,3.361,100.0,5620,8007,0,0,0,148,14,6,0,120,True
1718,1771515514.9172792,18043.421900001704,pawn_shop,6.568,3.223,3.5764,1.0472,480,320,0.51,0.731,0.154,0.577,0.003,0.549,0.001,0.245,1.164,,,3.374,100.0,5620,8007,0,0,0,148,14,6,0,120,True
1719,1771515514.928282,18053.68379999709,pawn_shop,6.558,3.163,3.5364,1.0472,480,320,0.611,0.884,0.206,0.678,0.005,0.58,0.001,0.377,1.214,,,3.87,100.0,5620,8007,0,0,0,148,14,6,0,120,True
1720,1771515514.938284,18064.483900001505,pawn_shop,6.546,3.105,3.5084,1.0472,480,320,0.587,0.824,0.18,0.644,0.005,0.557,0.001,0.225,1.21,,,3.594,98.0,5620,8007,0,0,0,148,14,6,0,120,True
1721,1771515514.9482863,18074.567399991793,pawn_shop,6.531,3.047,3.4844,1.0472,480,320,0.553,0.805,0.175,0.63,0.242,0.593,0.001,0.264,1.22,,,3.866,98.0,5620,8007,0,0,0,148,14,6,2,122,True
1722,1771515514.9582891,18084.459799996694,pawn_shop,6.514,2.989,3.4644,1.0472,480,320,0.587,0.853,0.195,0.658,0.248,0.594,0.001,0.228,1.204,,,3.903,98.0,5620,8007,0,0,0,148,14,6,3,123,True
1723,1771515514.9692914,18095.42080000392,pawn_shop,6.494,2.931,3.4444,1.0472,480,320,0.539,0.825,0.178,0.647,0.245,0.602,0.001,0.285,1.172,,,3.857,98.0,5620,8007,0,0,0,148,14,6,4,124,True
1724,1771515514.9802945,18106.436200003373,pawn_shop,6.472,2.873,3.4244,1.0472,480,320,0.547,0.821,0.169,0.652,0.257,0.61,0.001,0.231,1.189,,,3.85,98.0,5620,8007,0,0,0,148,14,6,5,125,True
1725,1771515514.9912963,18117.406599994865,pawn_shop,6.447,2.815,3.4044,1.0472,480,320,0.525,0.803,0.167,0.636,0.251,0.602,0.001,0.262,1.176,,,3.801,98.0,5620,8007,0,0,0,148,14,6,7,127,True
1726,1771515515.0022986,18128.43270000303,pawn_shop,6.421,2.757,3.3764,1.0472,480,320,0.572,0.888,0.182,0.706,0.276,0.624,0.001,0.263,1.185,,,3.998,98.0,5620,8007,0,0,0,148,14,6,10,130,True
1727,1771515515.013302,18139.465300002485,pawn_shop,6.393,2.7,3.3484,1.0472,480,320,0.662,0.86,0.181,0.679,0.282,0.644,0.001,0.259,1.201,,,4.101,98.0,5620,8007,0,0,0,148,14,6,14,134,True
1728,1771515515.0253048,18150.66129999468,pawn_shop,6.363,2.643,3.3324,1.0472,480,320,0.632,0.937,0.223,0.714,0.28,0.618,0.001,0.3,1.219,,,4.189,98.0,5620,8007,0,0,0,148,14,6,13,133,True
1729,1771515515.035306,18161.511899990728,pawn_shop,6.332,2.587,3.3444,1.0472,480,320,0.539,0.824,0.167,0.656,0.238,0.558,0.0,0.312,1.213,,,3.872,98.0,5620,8007,0,0,0,148,14,6,4,124,True
1730,1771515515.0463092,18172.531999996863,pawn_shop,6.301,2.53,3.3644,1.0472,480,320,0.605,0.9,0.21,0.69,0.005,0.541,0.001,0.304,1.207,,,3.748,91.7,5620,8007,0,0,0,148,14,6,0,120,True
1731,1771515515.057311,18183.51950000215,pawn_shop,6.262,2.482,3.3684,1.0472,480,320,0.566,0.814,0.168,0.645,0.005,0.532,0.001,0.257,1.197,,,3.546,91.7,5620,8007,0,0,0,148,14,6,0,120,True
1732,1771515515.0683136,18194.422100001248,pawn_shop,6.219,2.44,3.3724,1.0472,480,320,0.534,0.859,0.166,0.693,0.004,0.52,0.001,0.209,1.183,,,3.487,91.7,5623,8007,0,0,0,148,14,6,0,120,True
1733,1771515515.0793169,18205.546700002742,pawn_shop,6.172,2.404,3.3724,1.0472,480,320,0.673,0.961,0.219,0.742,0.005,0.542,0.001,0.332,1.229,,,3.938,91.7,5626,8007,0,0,0,148,14,6,0,120,True
1734,1771515515.0903187,18216.380799989565,pawn_shop,6.121,2.372,3.3724,1.0472,480,320,0.539,0.921,0.161,0.76,0.005,0.523,0.001,0.218,1.184,,,3.568,91.7,5632,8007,0,0,0,148,14,6,0,120,True
1735,1771515515.1013207,18227.357399999164,pawn_shop,6.068,2.343,3.3724,1.0472,480,320,0.523,0.937,0.158,0.779,0.003,0.513,0.001,0.288,1.178,,,3.618,91.7,5640,8007,0,0,0,148,14,6,0,120,True
1736,1771515515.1123235,18238.36279999523,pawn_shop,6.012,2.316,3.3724,1.0472,480,320,0.527,0.976,0.151,0.825,0.003,0.508,0.001,0.317,1.179,,,3.698,91.7,5651,8007,0,0,0,148,14,6,0,120,True
1737,1771515515.123326,18249.408799994853,pawn_shop,5.955,2.292,3.3724,1.0472,480,320,0.635,0.984,0.194,0.79,0.005,0.528,0.001,0.292,1.206,,,3.835,91.7,5660,8007,0,0,0,148,14,6,0,120,True
1738,1771515515.1343288,18260.4038999998,pawn_shop,5.896,2.27,3.3724,1.0472,480,320,0.577,0.922,0.178,0.744,0.004,0.528,0.001,0.294,1.203,,,3.708,91.7,5668,8007,0,0,0,148,14,6,0,120,True
1739,1771515515.1453307,18271.3717000006,pawn_shop,5.837,2.249,3.3724,1.0472,480,320,0.54,0.918,0.154,0.764,0.004,0.514,0.001,0.241,1.17,,,3.559,91.7,5679,8007,0,0,0,148,14,6,0,120,True
1740,1771515515.156334,18282.359099990572,pawn_shop,5.776,2.23,3.3724,1.0472,480,320,0.525,0.891,0.155,0.736,0.003,0.512,0.001,0.275,1.169,,,3.553,90.9,5688,8007,0,0,0,148,14,6,0,120,True
1741,1771515515.1673357,18293.45719999401,pawn_shop,5.715,2.211,3.3724,1.0472,480,320,0.717,0.965,0.198,0.767,0.005,0.528,0.001,0.281,1.198,,,3.878,90.9,5697,8007,0,0,0,148,14,6,0,120,True
1742,1771515515.1783383,18304.383800001233,pawn_shop,5.653,2.193,3.3724,1.0472,480,320,0.728,0.905,0.165,0.739,0.004,0.52,0.001,0.252,1.185,,,3.77,90.9,5706,8007,0,0,0,148,14,6,0,120,True
1743,1771515515.1893406,18315.388199989684,pawn_shop,5.59,2.175,3.3724,1.0472,480,320,0.739,0.916,0.173,0.744,0.004,0.523,0.001,0.212,1.193,,,3.766,90.9,5715,8007,0,0,0,148,14,6,0,120,True
1744,1771515515.2003436,18326.4393999998,pawn_shop,5.528,2.158,3.3724,1.0472,480,320,0.79,0.973,0.205,0.769,0.005,0.535,0.001,0.305,1.209,,,4.008,90.9,5723,8007,0,0,0,148,14,6,0,120,True
1745,1771515515.2123463,18337.6666999975,pawn_shop,5.464,2.142,3.3164,1.0472,480,320,0.875,0.962,0.21,0.752,0.005,0.531,0.001,0.296,1.226,,,4.081,90.9,5731,8007,0,0,0,148,14,5,0,120,True
1746,1771515515.2223482,18348.54350000387,pawn_shop,5.401,2.128,3.2604,1.0472,480,320,0.725,0.754,0.171,0.583,0.004,0.514,0.001,0.233,1.17,,,3.587,90.9,5731,8007,0,0,0,148,14,5,0,120,True
1747,1771515515.2383523,18363.75209999096,pawn_shop,5.337,2.116,3.2124,1.0472,480,320,0.733,0.76,0.177,0.583,0.004,0.525,0.001,0.251,1.205,,,3.659,90.9,5731,8007,0,0,0,148,14,5,0,120,True
1748,1771515515.2443533,18370.51929999143,pawn_shop,5.337,2.105,3.1844,1.0472,480,320,0.697,0.727,0.157,0.57,0.004,0.515,0.001,0.291,1.173,,,3.584,90.9,5731,8007,0,0,0,148,14,5,0,120,True
1749,1771515515.2553558,18381.5154999902,pawn_shop,5.337,2.096,3.1564,1.0472,480,320,0.711,0.743,0.163,0.58,0.004,0.514,0.001,0.277,1.176,,,3.602,90.9,5731,8007,0,0,0,148,14,5,0,120,True
1750,1771515515.2663589,18392.5040000031,pawn_shop,5.337,2.09,3.1364,1.0472,480,320,0.705,0.749,0.171,0.579,0.004,0.517,0.001,0.29,1.18,,,3.625,90.9,5731,8007,0,0,0,148,14,5,0,120,True
1751,1771515515.2773612,18403.515300000436,pawn_shop,5.337,2.084,3.1164,1.0472,480,320,0.75,0.753,0.172,0.581,0.004,0.522,0.001,0.234,1.184,,,3.625,90.9,5731,8007,0,0,0,148,14,5,0,120,True
1752,1771515515.2893634,18414.66870000295,pawn_shop,5.337,2.071,3.1004,1.0472,480,320,0.756,0.784,0.189,0.595,0.005,0.531,0.001,0.268,1.163,,,3.689,90.9,5731,8007,0,0,0,148,14,5,0,120,True
1753,1771515515.299366,18425.572699998156,pawn_shop,5.337,2.052,3.0764,1.0472,480,320,0.741,0.757,0.174,0.583,0.004,0.523,0.001,0.214,1.182,,,3.602,90.9,5731,8007,0,0,0,148,14,5,0,120,True
1754,1771515515.3103688,18436.54989999777,pawn_shop,5.337,2.029,3.0524,1.0472,480,320,0.727,0.753,0.165,0.588,0.005,0.565,0.001,0.267,1.157,,,3.653,90.9,5731,8007,0,0,0,148,14,5,0,120,True
1755,1771515515.321371,18447.549399992567,pawn_shop,5.337,2.002,3.0204,1.0472,480,320,0.733,0.764,0.169,0.595,0.004,0.557,0.001,0.232,1.183,,,3.656,90.9,5731,8007,0,0,0,148,14,5,0,120,True
1756,1771515515.3323736,18458.569599999464,pawn_shop,5.337,1.972,2.9884,1.0472,480,320,0.786,0.752,0.165,0.586,0.004,0.574,0.001,0.311,1.18,,,3.804,90.9,5731,8007,0,0,0,148,14,5,0,120,True
1757,1771515515.3433766,18469.55500000331,pawn_shop,5.337,1.941,2.9564,1.0472,480,320,0.768,0.774,0.173,0.601,0.004,0.564,0.0,0.282,1.164,,,3.738,90.9,5731,8007,0,0,0,148,14,5,0,120,True
1758,1771515515.3543785,18480.610799990245,pawn_shop,5.337,1.909,2.9324,1.0472,480,320,0.728,0.752,0.167,0.585,0.004,0.559,0.001,0.239,1.157,,,3.619,90.9,5731,8007,0,0,0,148,14,5,0,120,True
1759,1771515515.3653805,18491.505400001188,pawn_shop,5.337,1.877,2.9204,1.0472,480,320,0.739,0.774,0.176,0.598,0.004,0.553,0.001,0.229,1.161,,,3.639,90.9,5731,8007,0,0,0,148,14,5,0,120,True
1760,1771515515.3763835,18502.46679999691,pawn_shop,5.337,1.844,2.9164,1.0472,480,320,0.716,0.743,0.158,0.584,0.004,0.547,0.001,0.293,1.161,,,3.645,90.9,5731,8007,0,0,0,148,14,5,0,120,True
1761,1771515515.3873858,18513.49040000059,pawn_shop,5.337,1.81,2.9124,1.0472,480,320,0.775,0.791,0.176,0.614,0.004,0.56,0.001,0.249,1.169,,,3.727,90.9,5731,8007,0,0,0,148,14,5,0,120,True
1762,1771515515.3983886,18524.43679999851,pawn_shop,5.337,1.777,2.9124,1.0472,480,320,0.726,0.748,0.161,0.587,0.004,0.548,0.001,0.203,1.158,,,3.563,90.9,5731,8007,0,0,0,148,14,5,0,120,True
1763,1771515515.409391,18535.568699997384,pawn_shop,5.337,1.753,2.9124,1.0472,480,320,0.741,0.769,0.174,0.594,0.004,0.551,0.001,0.235,1.172,,,3.645,90.9,5731,8007,0,0,0,148,14,5,0,120,True
1764,1771515515.4203935,18546.48659999657,pawn_shop,5.337,1.736,2.9084,1.0472,480,320,0.732,0.832,0.167,0.665,0.004,0.555,0.001,0.247,1.164,,,3.706,90.9,5733,8007,0,0,0,148,14,5,0,120,True
1765,1771515515.4313955,18557.434799993644,pawn_shop,5.337,1.726,2.9084,1.0472,480,320,0.729,0.741,0.161,0.58,0.004,0.552,0.001,0.282,1.158,,,3.641,90.9,5733,8007,0,0,0,148,14,5,0,120,True
1766,1771515515.4423983,18568.443700001808,pawn_shop,5.337,1.721,2.9084,1.0472,480,320,0.727,0.747,0.162,0.586,0.004,0.558,0.001,0.216,1.154,,,3.591,90.9,5733,8007,0,0,0,148,14,5,0,120,True
1767,1771515515.4534016,18579.436599990004,pawn_shop,5.337,1.72,2.9084,1.0472,480,320,0.7,0.747,0.155,0.592,0.004,0.552,0.001,0.278,1.153,,,3.611,90.9,5733,8007,0,0,0,148,14,5,0,120,True
1768,1771515515.4644034,18590.542899997672,pawn_shop,5.337,1.722,2.9044,1.0472,480,320,0.778,0.802,0.186,0.615,0.005,0.563,0.001,0.28,1.173,,,3.78,90.9,5733,8007,0,0,0,148,14,5,0,120,True
1769,1771515515.4754052,18601.444400002947,pawn_shop,5.337,1.727,2.9044,1.0472,480,320,0.702,0.742,0.158,0.584,0.004,0.548,0.001,0.239,1.154,,,3.563,90.9,5733,8007,0,0,0,148,14,5,0,120,True
1770,1771515515.4864082,18612.48529999284,pawn_shop,5.337,1.734,2.9004,1.0472,480,320,0.711,0.731,0.157,0.574,0.003,0.543,0.001,0.301,1.17,,,3.638,90.9,5733,8007,0,0,0,148,14,5,0,120,True
1771,1771515515.4974105,18623.53549999534,pawn_shop,5.337,1.743,2.8964,1.0472,480,320,0.785,0.791,0.186,0.605,0.004,0.561,0.001,0.279,1.161,,,3.76,90.9,5733,8007,0,0,0,148,14,5,0,120,True
1772,1771515515.508413,18634.497499995632,pawn_shop,5.337,1.753,2.8884,1.0472,480,320,0.711,0.754,0.157,0.597,0.004,0.547,0.001,0.213,1.145,,,3.551,90.9,5734,8007,0,0,0,148,14,5,0,120,True
1773,1771515515.5194156,18645.544899991364,pawn_shop,5.337,1.765,2.8804,1.0472,480,320,0.764,0.786,0.178,0.608,0.005,0.556,0.001,0.232,1.168,,,3.692,90.9,5734,8007,0,0,0,148,14,5,0,120,True
1774,1771515515.530418,18656.554899993353,pawn_shop,5.337,1.778,2.8604,1.0472,480,320,0.717,0.835,0.165,0.67,0.005,0.565,0.001,0.271,1.163,,,3.736,90.9,5735,8007,0,0,0,148,14,6,0,120,True
1775,1771515515.5414202,18667.544600000838,pawn_shop,5.337,1.792,2.8444,1.0472,480,320,0.732,0.746,0.162,0.584,0.004,0.55,0.001,0.284,1.178,,,3.677,90.9,5735,8007,0,0,0,148,14,6,0,120,True
1776,1771515515.5524235,18678.617400000803,pawn_shop,5.337,1.808,2.8284,1.0472,480,320,0.811,0.852,0.192,0.66,0.004,0.614,0.001,0.274,1.176,,,3.916,90.9,5737,8007,0,0,0,148,14,6,0,120,True
1777,1771515515.5634267,18689.59249999898,pawn_shop,5.337,1.824,2.8204,1.0472,480,320,0.708,0.765,0.158,0.607,0.004,0.55,0.001,0.274,1.158,,,3.636,90.9,5739,8007,0,0,0,148,14,6,0,120,True
1778,1771515515.5744278,18700.545100000454,pawn_shop,5.337,1.842,2.8124,1.0472,480,320,0.752,0.763,0.173,0.59,0.004,0.564,0.001,0.232,1.163,,,3.655,90.9,5739,8007,0,0,0,148,14,6,0,120,True
1779,1771515515.58543,18711.535299997195,pawn_shop,5.337,1.86,2.8084,1.0472,480,320,0.743,0.759,0.166,0.593,0.005,0.556,0.001,0.231,1.172,,,3.642,90.9,5739,8007,0,0,0,148,14,6,0,120,True
1780,1771515515.5964334,18722.62289999344,pawn_shop,5.337,1.879,2.8044,1.0472,480,320,0.808,0.83,0.195,0.635,0.005,0.569,0.001,0.287,1.175,,,3.856,90.9,5740,8007,0,0,0,148,14,6,0,120,True
1781,1771515515.607436,18733.544699993217,pawn_shop,5.337,1.899,2.8004,1.0472,480,320,0.708,0.784,0.179,0.606,0.005,0.565,0.001,0.266,1.175,,,3.686,90.9,5740,8007,0,0,0,148,14,6,0,120,True
1782,1771515515.6184382,18744.530199997826,pawn_shop,5.337,1.919,2.7964,1.0472,480,320,0.698,0.751,0.162,0.59,0.004,0.552,0.001,0.203,1.147,,,3.528,90.9,5741,8007,0,0,0,148,14,6,0,120,True
1783,1771515515.6294405,18755.660199996782,pawn_shop,5.337,1.939,2.7924,1.0472,480,320,0.722,0.779,0.173,0.605,0.004,0.553,0.001,0.226,1.176,,,3.653,90.9,5742,8007,0,0,0,148,14,6,0,120,True
1784,1771515515.6404428,18766.53229999647,pawn_shop,5.337,1.961,2.7884,1.0472,480,320,0.723,0.806,0.166,0.64,0.004,0.561,0.001,0.233,1.18,,,3.687,90.9,5744,8007,0,0,0,148,14,6,0,120,True
1785,1771515515.651445,18777.55349999643,pawn_shop,5.337,1.982,2.7884,1.0472,480,320,0.689,0.745,0.158,0.586,0.004,0.547,0.001,0.279,1.158,,,3.601,90.9,5745,8007,0,0,0,148,14,6,0,120,True
1786,1771515515.662448,18788.490099992487,pawn_shop,5.337,2.004,2.7884,1.0472,480,320,0.752,0.771,0.166,0.605,0.004,0.565,0.001,0.279,1.198,,,3.759,90.9,5746,8007,0,0,0,148,14,6,0,120,True
1787,1771515515.6734512,18799.641799996607,pawn_shop,5.337,2.016,2.7884,1.0472,480,320,0.772,0.799,0.187,0.612,0.005,0.573,0.001,0.264,1.167,,,3.764,90.9,5747,8007,0,0,0,148,14,6,0,120,True
1788,1771515515.684453,18810.530799994012,pawn_shop,5.337,2.02,2.7884,1.0472,480,320,0.724,0.733,0.17,0.563,0.004,0.566,0.001,0.245,1.157,,,3.608,90.9,5747,8007,0,0,0,148,14,6,0,120,True
1789,1771515515.695455,18821.50589999219,pawn_shop,5.337,2.017,2.7884,1.0472,480,320,0.703,0.727,0.163,0.564,0.004,0.567,0.001,0.22,1.153,,,3.562,90.9,5747,8007,0,0,0,148,14,6,0,120,True
1790,1771515515.7064576,18832.499199997983,pawn_shop,5.337,2.01,2.7884,1.0472,480,320,0.716,0.741,0.167,0.573,0.004,0.564,0.001,0.228,1.164,,,3.591,90.9,5747,8007,0,0,0,148,14,6,0,120,True
1791,1771515515.7174604,18843.5513000004,pawn_shop,5.337,1.999,2.7924,1.0472,480,320,0.777,0.776,0.183,0.594,0.004,0.567,0.001,0.29,1.172,,,3.768,90.9,5747,8007,0,0,0,148,14,6,0,120,True
1792,1771515515.7284632,18854.556599995703,pawn_shop,5.337,1.984,2.7964,1.0472,480,320,0.722,0.737,0.163,0.573,0.004,0.561,0.001,0.259,1.156,,,3.613,90.9,5747,8007,0,0,0,148,14,6,0,120,True
1793,1771515515.7394655,18865.533499993035,pawn_shop,5.337,1.967,2.8004,1.0472,480,320,0.701,0.732,0.166,0.566,0.003,0.556,0.001,0.285,1.168,,,3.625,90.9,5747,8007,0,0,0,148,14,6,0,120,True
1794,1771515515.750468,18876.54469998961,pawn_shop,5.337,1.947,2.8004,1.0472,480,320,0.717,0.76,0.167,0.593,0.004,0.569,0.001,0.246,1.158,,,3.63,90.9,5747,8007,0,0,0,148,14,6,0,120,True
1795,1771515515.7614698,18887.525700003607,pawn_shop,5.337,1.926,2.8044,1.0472,480,320,0.694,0.733,0.161,0.572,0.004,0.553,0.001,0.245,1.158,,,3.559,90.9,5747,8007,0,0,0,148,14,6,0,120,True
1796,1771515515.7724724,18898.559299996123,pawn_shop,5.337,1.903,2.8084,1.0472,480,320,0.745,0.735,0.164,0.572,0.004,0.563,0.001,0.265,1.164,,,3.606,90.9,5747,8007,0,0,0,148,14,6,0,120,True
1797,1771515515.7834756,18909.6062000026,pawn_shop,5.337,1.879,2.8124,1.0472,480,320,0.711,0.733,0.161,0.572,0.003,0.549,0.001,0.28,1.141,,,3.544,90.9,5747,8007,0,0,0,148,14,6,0,120,True
1798,1771515515.794478,18920.500499996706,pawn_shop,5.337,1.854,2.8124,1.0472,480,320,0.688,0.724,0.156,0.568,0.004,0.552,0.001,0.285,1.154,,,3.533,90.9,5747,8007,0,0,0,148,14,6,0,120,True
1799,1771515515.80548,18931.576599992695,pawn_shop,5.337,1.828,2.8164,1.0472,480,320,0.742,0.751,0.165,0.586,0.004,0.568,0.001,0.235,1.152,,,3.582,90.9,5747,8007,0,0,0,148,14,6,0,120,True
1800,1771515515.8164825,18942.51449999865,pawn_shop,5.337,1.802,2.8164,1.0472,480,320,0.708,0.748,0.167,0.582,0.004,0.556,0.001,0.217,1.16,,,3.521,90.9,5747,8007,0,0,0,148,14,6,0,120,True
1801,1771515515.827485,18953.51859999937,pawn_shop,5.337,1.774,2.8164,1.0472,480,320,0.719,0.738,0.159,0.579,0.004,0.556,0.001,0.223,1.156,,,3.527,90.9,5747,8007,0,0,0,148,14,6,0,120,True
1802,1771515515.8384879,18964.563300003647,pawn_shop,5.337,1.747,2.8204,1.0472,480,320,0.725,0.766,0.162,0.604,0.004,0.56,0.001,0.26,1.16,,,3.608,90.9,5748,8007,0,0,0,148,14,6,0,120,True
1803,1771515515.8494902,18975.56859999895,pawn_shop,5.337,1.719,2.8204,1.0472,480,320,0.761,0.812,0.188,0.624,0.005,0.567,0.001,0.338,1.18,,,3.808,90.9,5748,8007,0,0,0,148,14,6,0,120,True
1804,1771515515.8604922,18986.524299994926,pawn_shop,5.337,1.691,2.8204,1.0472,480,320,0.719,0.78,0.156,0.624,0.005,0.558,0.001,0.255,1.155,,,3.601,90.9,5749,8007,0,0,0,148,14,6,0,120,True
1805,1771515515.8714948,18997.515600000042,pawn_shop,5.277,1.662,2.8204,1.0472,480,320,0.73,0.741,0.158,0.584,0.004,0.56,0.001,0.254,1.171,,,3.586,90.9,5749,8007,0,0,0,148,14,6,0,120,True
1806,1771515515.8824973,19008.53169999027,pawn_shop,5.218,1.633,2.8204,1.0472,480,320,0.773,0.764,0.163,0.6,0.004,0.556,0.001,0.217,1.163,,,3.605,90.9,5749,8007,0,0,0,148,14,6,0,120,True
1807,1771515515.8935003,19019.531700003427,pawn_shop,5.159,1.604,2.8204,1.0472,480,320,0.721,0.777,0.164,0.613,0.004,0.598,0.001,0.257,1.156,,,3.64,90.9,5750,8007,0,0,0,148,14,6,0,120,True
1808,1771515515.9045026,19030.56959999958,pawn_shop,5.1,1.575,2.8244,1.0472,480,320,0.743,0.769,0.154,0.615,0.004,0.6,0.001,0.279,1.152,,,3.674,90.9,5752,8007,0,0,0,148,14,6,0,120,True
1809,1771515515.915505,19041.58489999827,pawn_shop,5.041,1.546,2.8284,1.0472,480,320,0.762,0.808,0.172,0.636,0.004,0.631,0.001,0.223,1.15,,,3.708,90.9,5754,8007,0,0,0,148,14,6,0,120,True
1810,1771515515.9265077,19052.562600001693,pawn_shop,4.982,1.517,2.8324,1.0472,480,320,0.711,0.763,0.156,0.607,0.004,0.595,0.001,0.288,1.153,,,3.641,90.9,5755,8007,0,0,0,148,14,5,0,120,True
1811,1771515515.9375103,19063.602299997,pawn_shop,4.923,1.487,2.8364,1.0472,480,320,0.738,0.741,0.162,0.579,0.004,0.61,0.001,0.243,1.143,,,3.67,90.9,5755,8007,0,0,0,148,14,5,0,120,True
1812,1771515515.9485128,19074.585399997886,pawn_shop,4.865,1.457,2.8404,1.0472,480,320,0.737,0.753,0.171,0.582,0.004,0.621,0.001,0.228,1.148,,,3.683,90.9,5755,8007,0,0,0,148,14,5,0,120,True
1813,1771515515.959515,19085.617199991248,pawn_shop,4.806,1.427,2.8444,1.0472,480,320,0.759,0.768,0.174,0.594,0.243,0.664,0.001,0.282,1.157,,,4.072,90.9,5755,8007,0,0,0,148,14,5,2,122,True
1814,1771515515.970518,19096.61110000161,pawn_shop,4.747,1.397,2.8524,1.0472,480,320,0.723,0.824,0.175,0.649,0.293,0.695,0.001,0.287,1.157,,,4.186,90.9,5755,8007,0,0,0,148,14,5,8,128,True
1815,1771515515.98052,19106.628299996373,pawn_shop,4.69,1.367,2.8644,1.0472,480,320,0.714,0.808,0.175,0.633,0.307,0.737,0.001,0.237,1.152,,,4.155,90.9,5755,8007,0,0,0,148,14,5,14,134,True
1816,1771515515.9905221,19116.62869999418,pawn_shop,4.634,1.336,2.8724,1.0472,480,320,0.737,0.839,0.188,0.651,0.322,0.774,0.001,0.223,1.15,,,4.244,90.9,5755,8007,0,0,0,148,14,5,20,140,True
1817,1771515516.0005243,19126.57439999748,pawn_shop,4.578,1.306,2.8764,1.0472,480,320,0.69,0.787,0.173,0.614,0.308,0.748,0.001,0.284,1.17,,,4.193,90.9,5755,8007,0,0,0,148,14,5,17,137,True
1818,1771515516.0105262,19136.598400000366,pawn_shop,4.524,1.306,2.8844,1.0472,480,320,0.709,0.791,0.173,0.618,0.297,0.709,0.001,0.273,1.136,,,4.113,90.9,5755,8007,0,0,0,148,14,5,15,135,True
1819,1771515516.0215287,19147.61980000185,pawn_shop,4.468,1.306,2.8924,1.0472,480,320,0.754,0.823,0.19,0.633,0.296,0.714,0.001,0.271,1.153,,,4.215,90.9,5755,8007,0,0,0,148,14,5,13,133,True
1820,1771515516.031531,19157.60199999204,pawn_shop,4.414,1.306,2.8964,1.0472,480,320,0.712,0.81,0.176,0.634,0.292,0.712,0.001,0.215,1.145,,,4.086,95.2,5755,8007,0,0,0,148,14,5,12,132,True
1821,1771515516.0425339,19168.621399992844,pawn_shop,4.359,1.306,2.9004,1.0472,480,320,0.707,0.781,0.171,0.611,0.281,0.726,0.001,0.232,1.165,,,4.09,95.2,5755,8007,0,0,0,148,14,5,11,131,True
1822,1771515516.0535364,19179.650199992466,pawn_shop,4.304,1.306,2.9044,1.0472,480,320,0.77,0.826,0.195,0.631,0.278,0.71,0.001,0.28,1.158,,,4.229,95.2,5755,8007,0,0,0,148,14,5,9,129,True
1823,1771515516.0635388,19189.642400000594,pawn_shop,4.25,1.306,2.9084,1.0472,480,320,0.758,0.804,0.182,0.622,0.271,0.742,0.001,0.241,1.148,,,4.164,95.2,5755,8007,0,0,0,148,14,5,8,128,True
1824,1771515516.0735412,19199.703799997224,pawn_shop,4.195,1.306,2.9084,1.0472,480,320,0.743,0.79,0.176,0.614,0.267,0.718,0.001,0.241,1.161,,,4.117,95.2,5755,8007,0,0,0,148,14,5,7,127,True
1825,1771515516.083543,19209.596300002886,pawn_shop,4.139,1.306,2.9084,1.0472,480,320,0.727,0.78,0.17,0.61,0.258,0.706,0.001,0.226,1.156,,,4.048,95.2,5755,8007,0,0,0,148,14,5,6,126,True
1826,1771515516.0935457,19219.62309999799,pawn_shop,4.083,1.306,2.9124,1.0472,480,320,0.725,0.794,0.171,0.623,0.249,0.729,0.001,0.279,1.148,,,4.121,95.2,5755,8007,0,0,0,148,14,5,4,124,True
1827,1771515516.1035476,19229.68519999995,pawn_shop,4.026,1.301,2.9124,1.0472,480,320,0.861,0.855,0.208,0.646,0.256,0.754,0.001,0.301,1.179,,,4.424,95.2,5755,8007,0,0,0,148,14,5,3,123,True
1828,1771515516.1145499,19240.626300001168,pawn_shop,3.968,1.301,2.9124,1.0472,480,320,0.988,0.907,0.255,0.652,0.299,0.757,0.001,0.307,1.182,,,4.666,95.2,5755,8007,0,0,0,148,14,5,2,122,True
1829,1771515516.125552,19251.70399999479,pawn_shop,3.909,1.302,2.9124,1.0472,480,320,0.775,0.813,0.184,0.629,0.238,0.726,0.001,0.309,1.175,,,4.24,95.2,5755,8007,0,0,0,148,14,5,1,121,True
1830,1771515516.136555,19262.62290000159,pawn_shop,3.848,1.305,2.9124,1.0472,480,320,0.762,0.781,0.162,0.618,0.004,0.725,0.001,0.294,1.181,,,3.94,95.2,5755,8007,0,0,0,148,14,5,0,120,True
1831,1771515516.1475573,19273.629100003745,pawn_shop,3.787,1.311,2.9124,1.0472,480,320,0.793,0.797,0.181,0.616,0.005,0.736,0.001,0.365,1.205,,,4.106,95.2,5755,8007,0,0,0,148,14,5,0,120,True
1832,1771515516.15856,19284.659800003283,pawn_shop,3.726,1.318,2.9124,1.0472,480,320,0.839,0.837,0.195,0.642,0.005,0.753,0.001,0.288,1.216,,,4.138,95.2,5755,8007,0,0,0,148,14,5,0,120,True
1833,1771515516.1705623,19295.887400003267,pawn_shop,3.664,1.327,2.9084,1.0472,480,320,0.856,0.857,0.213,0.644,0.005,0.743,0.001,0.331,1.213,,,4.235,95.2,5755,8007,0,0,0,148,14,5,0,120,True
1834,1771515516.1805646,19306.77769999602,pawn_shop,3.601,1.337,2.8964,1.0472,480,320,0.793,0.812,0.185,0.628,0.005,0.701,0.001,0.268,1.182,,,3.896,95.2,5755,8007,0,0,0,148,14,5,0,120,True
1835,1771515516.1905677,19316.766699994332,pawn_shop,3.54,1.349,2.8764,1.0472,480,320,0.819,0.823,0.195,0.628,0.004,0.704,0.001,0.292,1.182,,,4.012,95.2,5755,8007,0,0,0,148,14,5,0,120,True
1836,1771515516.2005692,19326.72409999941,pawn_shop,3.479,1.361,2.8484,1.0472,480,320,0.798,0.752,0.16,0.593,0.236,0.736,0.001,0.199,1.152,,,4.05,95.2,5755,8007,0,0,0,148,14,5,1,121,True
1837,1771515516.2105713,19336.71940000204,pawn_shop,3.419,1.375,2.8044,1.0472,480,320,0.692,0.75,0.155,0.595,0.273,0.755,0.001,0.228,1.152,,,4.028,95.2,5755,8007,0,0,0,148,14,5,4,124,True
1838,1771515516.223574,19349.07499999099,pawn_shop,3.359,1.391,2.7564,1.0472,480,320,5.353,0.869,0.218,0.651,0.293,0.857,0.001,0.29,1.187,,,9.05,95.2,5755,8007,0,0,0,148,14,5,9,129,True
1839,1771515516.2345772,19360.058899997966,pawn_shop,3.297,1.41,2.6924,1.0472,480,320,0.708,0.797,0.176,0.621,0.304,0.873,0.001,0.185,1.165,,,4.215,95.2,5755,8007,0,0,0,148,14,5,15,135,True
1840,1771515516.2455797,19370.96919999749,pawn_shop,3.237,1.431,2.6324,1.0472,480,320,0.744,0.88,0.2,0.68,0.335,0.998,0.001,0.266,1.173,,,4.587,92.6,5755,8007,0,0,0,148,14,5,21,141,True
1841,1771515516.2555816,19381.752399989637,pawn_shop,3.177,1.456,2.5564,1.0472,480,320,0.718,0.869,0.194,0.675,0.395,1.043,0.001,0.205,1.14,,,4.553,92.6,5755,8007,0,0,0,148,14,5,29,149,True
1842,1771515516.266584,19392.761700000847,pawn_shop,3.119,1.483,2.4804,1.0472,480,320,0.705,0.893,0.207,0.686,0.411,1.027,0.001,0.217,1.156,,,4.599,92.6,5755,8007,0,0,0,148,14,6,40,160,True
1843,1771515516.278587,19404.00039999804,pawn_shop,3.063,1.514,2.4004,1.0472,480,320,0.693,0.929,0.22,0.709,0.45,1.165,0.001,0.249,1.17,,,4.843,92.6,5755,8007,0,0,0,148,14,6,57,177,True
1844,1771515516.2895894,19414.911799991387,pawn_shop,3.009,1.548,2.3244,1.0472,480,320,0.894,1.095,0.297,0.798,0.509,1.337,0.001,0.308,1.205,,,5.557,92.6,5755,8007,0,0,0,148,14,6,65,185,True
1845,1771515516.2995923,19425.805999999284,pawn_shop,2.957,1.586,2.2484,1.0472,480,320,0.757,1.017,0.249,0.768,0.565,1.425,0.001,0.237,1.195,,,5.395,92.6,5755,8007,0,0,0,148,14,8,76,196,True
1846,1771515516.3105938,19436.80339999264,pawn_shop,2.909,1.627,2.1644,1.0472,480,320,0.77,1.117,0.286,0.831,0.597,1.604,0.001,0.285,1.21,,,5.779,92.6,5755,8007,0,0,0,148,14,8,93,213,True
1847,1771515516.3205965,19446.779599995352,pawn_shop,2.864,1.67,2.0884,1.0472,480,320,0.763,1.14,0.297,0.843,0.664,1.714,0.001,0.248,1.213,,,5.945,92.6,5755,8007,0,0,0,148,14,8,111,231,True
1848,1771515516.3305986,19456.76509999612,pawn_shop,2.823,1.715,2.0124,1.0472,480,320,0.701,1.17,0.306,0.863,0.68,1.808,0.001,0.273,1.191,,,6.024,92.6,5755,8007,0,0,0,148,14,8,131,251,True
1849,1771515516.3416011,19466.98219999962,pawn_shop,2.78,1.757,1.9244,1.0472,480,320,0.73,1.251,0.34,0.911,0.742,1.958,0.001,0.271,1.185,,,6.357,92.6,5755,8007,0,0,0,148,14,9,149,269,True
1850,1771515516.3516035,19477.791199999047,pawn_shop,2.733,1.797,1.8484,1.0472,480,320,0.746,1.28,0.35,0.931,0.809,2.06,0.001,0.292,1.207,,,6.617,93.5,5755,8007,0,0,0,148,14,8,159,279,True
1851,1771515516.362606,19488.82099999173,pawn_shop,2.686,1.836,1.7644,1.0472,480,320,0.747,1.294,0.364,0.93,0.845,2.183,0.001,0.281,1.193,,,6.75,93.5,5755,8007,0,0,0,148,14,8,167,287,True
1852,1771515516.3736093,19499.81110000226,pawn_shop,2.637,1.876,1.6844,1.0472,480,320,0.756,1.319,0.373,0.946,0.849,2.311,0.001,0.259,1.187,,,6.894,93.5,5755,8007,0,0,0,148,14,9,175,295,True
1853,1771515516.3836114,19509.803799999645,pawn_shop,2.589,1.915,1.6164,1.0472,480,320,0.791,1.353,0.386,0.967,0.848,2.425,0.001,0.272,1.182,,,7.083,93.5,5755,8007,0,0,0,148,14,11,181,301,True
1854,1771515516.3936138,19519.80409999669,pawn_shop,2.543,1.956,1.5484,1.0472,480,320,0.782,1.364,0.392,0.972,0.848,2.555,0.001,0.239,1.183,,,7.178,93.5,5755,8007,0,0,0,148,14,11,189,309,True
1855,1771515516.4056158,19531.024500000058,pawn_shop,2.497,1.998,1.4724,1.0472,480,320,0.731,1.352,0.385,0.967,0.85,2.684,0.001,0.286,1.189,,,7.302,93.5,5755,8007,0,0,0,148,14,11,197,317,True
1856,1771515516.4156184,19541.807899993728,pawn_shop,2.453,2.043,1.4084,1.0472,480,320,0.8,1.394,0.406,0.988,0.876,2.848,0.001,0.256,1.186,,,7.579,93.5,5755,8007,0,0,0,148,14,12,200,320,True
1857,1771515516.4266207,19552.897699992172,pawn_shop,2.41,2.09,1.3284,1.0472,480,320,0.783,1.422,0.424,0.998,0.89,3.044,0.001,0.242,1.201,,,7.799,93.5,5755,8007,0,0,0,148,14,13,208,328,True
1858,1771515516.4366224,19562.47409999196,pawn_shop,2.371,2.138,1.2644,1.0472,480,320,0.761,1.419,0.411,1.008,0.873,3.135,0.001,0.285,1.211,,,7.925,93.5,5755,8007,0,0,0,148,14,13,214,334,True
1859,1771515516.4476252,19573.894699991797,pawn_shop,2.334,2.188,1.1804,1.0472,480,320,0.81,1.44,0.422,1.018,0.877,3.215,0.001,0.247,1.204,,,8.013,93.5,5755,8007,0,0,0,148,14,13,218,338,True
1860,1771515516.457628,19583.728199999314,pawn_shop,2.301,2.24,1.1124,1.0472,480,320,0.768,1.453,0.421,1.032,0.877,3.201,0.001,0.272,1.198,,,7.995,94.3,5755,8007,0,0,0,148,14,13,226,346,True
1861,1771515516.4676301,19593.50629999244,pawn_shop,2.271,2.293,1.0404,1.0472,480,320,0.74,1.433,0.406,1.026,0.862,3.035,0.001,0.273,1.186,,,7.747,94.3,5755,8007,0,0,0,148,14,13,222,342,True
1862,1771515516.4796324,19604.99130000244,pawn_shop,2.244,2.348,0.9524,1.0472,480,320,0.792,1.556,0.429,1.127,0.901,2.959,0.002,0.287,1.21,,,7.962,94.3,5756,8007,0,0,0,148,14,13,227,347,True
1863,1771515516.4886348,19614.93559999508,pawn_shop,2.231,2.402,0.8764,1.0472,480,320,0.792,1.498,0.433,1.065,0.872,2.541,0.001,0.23,1.182,,,7.329,94.3,5756,8007,0,0,0,148,14,13,225,345,True
1864,1771515516.4996376,19625.91970000358,pawn_shop,2.228,2.454,0.7924,1.0472,480,320,0.73,1.461,0.409,1.052,0.844,2.269,0.001,0.286,1.186,,,6.997,94.3,5757,8007,0,0,0,148,14,13,226,346,True
1865,1771515516.5096402,19635.903699992923,pawn_shop,2.235,2.504,0.7084,1.0472,480,320,0.767,1.475,0.414,1.061,0.845,1.765,0.001,0.233,1.195,,,6.493,94.3,5757,8007,0,0,0,148,14,13,220,340,True
1866,1771515516.5206416,19646.916800003964,pawn_shop,2.25,2.552,0.6204,1.0472,480,320,0.735,1.444,0.409,1.035,0.782,1.742,0.001,0.307,1.191,,,6.431,94.3,5757,8007,0,0,0,148,14,13,215,335,True
1867,1771515516.5316446,19657.88669999165,pawn_shop,2.273,2.597,0.5404,1.0472,480,320,0.814,1.438,0.409,1.029,0.733,1.704,0.001,0.258,1.178,,,6.33,94.3,5757,8007,0,0,0,148,14,13,210,330,True
1868,1771515516.542647,19668.93539999728,pawn_shop,2.303,2.639,0.4684,1.0472,480,320,0.771,1.501,0.429,1.072,0.762,3.44,0.001,0.305,1.216,,,8.261,94.3,5757,8007,0,0,0,148,14,13,215,335,True
1869,1771515516.5536494,19679.12429998978,pawn_shop,2.337,2.678,0.4084,1.0472,480,320,0.798,1.489,0.418,1.071,0.701,1.739,0.001,0.243,1.238,,,6.436,94.3,5757,8007,0,0,0,148,14,12,215,335,True
1870,1771515516.5646517,19689.96979999065,pawn_shop,2.377,2.713,0.3484,1.0472,480,320,0.823,1.536,0.452,1.084,0.666,1.742,0.001,0.293,1.211,,,6.49,94.3,5757,8007,0,0,0,148,14,12,209,329,True
1871,1771515516.5756538,19700.97409999289,pawn_shop,2.421,2.736,0.2844,1.0472,480,320,0.806,1.441,0.407,1.034,0.62,1.677,0.001,0.242,1.179,,,6.182,94.3,5757,8007,0,0,0,148,14,12,199,319,True
1872,1771515516.5856566,19711.92039999005,pawn_shop,2.466,2.748,0.2204,1.0472,480,320,0.733,1.38,0.379,1.0,0.584,1.593,0.001,0.214,1.182,,,5.893,94.3,5757,8007,0,0,0,148,14,11,186,306,True
1873,1771515516.5956595,19721.92109999014,pawn_shop,2.513,2.751,0.1604,1.0472,480,320,0.777,1.323,0.363,0.96,0.561,1.471,0.001,0.243,1.189,,,5.768,94.3,5757,8007,0,0,0,148,14,11,166,286,True
1874,1771515516.6056614,19731.92389999167,pawn_shop,2.559,2.745,0.0964,1.0472,480,320,0.716,1.29,0.338,0.952,0.511,1.346,0.001,0.302,1.208,,,5.606,94.3,5757,8007,0,0,0,148,14,10,142,262,True
1875,1771515516.6166637,19742.95169999823,pawn_shop,2.605,2.732,0.0284,1.0472,480,320,0.716,1.198,0.317,0.881,0.458,1.225,0.001,0.271,1.209,,,5.289,94.3,5757,8007,0,0,0,148,14,9,122,242,True
1876,1771515516.6276662,19753.91820000368,pawn_shop,2.652,2.712,-0.0436,1.0472,480,320,0.7,1.114,0.275,0.84,0.387,1.04,0.001,0.248,1.182,,,4.864,94.3,5757,8007,0,0,0,148,14,9,95,215,True
1877,1771515516.6396685,19765.01059999282,pawn_shop,2.697,2.687,-0.1116,1.0472,480,320,0.725,1.048,0.26,0.788,0.343,0.923,0.001,0.259,1.173,,,4.669,94.3,5757,8007,0,0,0,148,14,9,69,189,True
1878,1771515516.6496708,19775.93530000013,pawn_shop,2.741,2.656,-0.1676,1.0472,480,320,0.721,0.955,0.209,0.746,0.3,0.754,0.001,0.247,1.179,,,4.353,94.3,5757,8007,0,0,0,148,14,9,37,157,True
1879,1771515516.6606739,19786.92990000127,pawn_shop,2.784,2.62,-0.2036,1.0472,480,320,0.706,0.823,0.163,0.661,0.233,0.588,0.001,0.244,1.151,,,3.932,94.3,5757,8007,0,0,0,148,14,9,4,124,True
1880,1771515516.6706755,19796.761199992034,pawn_shop,2.824,2.581,-0.2156,1.0472,480,320,0.697,0.876,0.16,0.716,0.004,0.555,0.001,0.2,1.157,,,3.668,93.5,5760,8007,0,0,0,148,14,9,0,120,True
1881,1771515516.6816785,19807.806299999356,pawn_shop,2.863,2.539,-0.2196,1.0472,480,320,0.779,0.941,0.185,0.756,0.005,0.563,0.001,0.274,1.171,,,3.917,93.5,5764,8007,0,0,0,148,14,9,0,120,True
1882,1771515516.6916804,19817.818099996657,pawn_shop,2.902,2.495,-0.2156,1.0472,480,320,0.769,0.891,0.167,0.724,0.004,0.569,0.001,0.22,1.172,,,3.806,93.5,5767,8007,0,0,0,148,14,9,0,120,True
1883,1771515516.702683,19828.926799993496,pawn_shop,2.94,2.45,-0.1676,1.0472,480,320,0.711,0.886,0.161,0.725,0.004,0.555,0.001,0.264,1.184,,,3.784,93.5,5770,8007,0,0,0,148,14,9,0,120,True
1884,1771515516.7146854,19840.04909999203,pawn_shop,2.979,2.403,-0.0956,1.0472,480,320,0.722,0.944,0.174,0.771,0.004,0.566,0.001,0.239,1.159,,,3.765,93.5,5775,8007,0,0,0,148,14,9,0,120,True
1885,1771515516.7236876,19849.936799990246,pawn_shop,3.018,2.357,-0.0236,1.0472,480,320,0.728,0.912,0.166,0.747,0.004,0.572,0.001,0.228,1.172,,,3.816,93.5,5781,8007,0,0,0,148,14,9,0,120,True
1886,1771515516.73369,19859.918000001926,pawn_shop,3.058,2.312,0.0564,1.0472,480,320,0.73,0.863,0.178,0.685,0.005,0.628,0.001,0.285,1.181,,,3.89,93.5,5783,8007,0,0,0,148,14,9,0,120,True
1887,1771515516.7436924,19869.960700001684,pawn_shop,3.1,2.269,0.1364,1.0472,480,320,0.748,0.855,0.165,0.689,0.004,0.617,0.001,0.253,1.151,,,3.814,93.5,5788,8007,0,0,0,148,14,9,0,120,True
1888,1771515516.753695,19879.92929999018,pawn_shop,3.144,2.228,0.2204,1.0472,480,320,0.761,0.924,0.17,0.754,0.288,0.649,0.001,0.249,1.2,,,4.262,93.5,5796,8007,0,0,0,148,14,9,1,121,True
1889,1771515516.7646966,19890.76889998978,pawn_shop,3.19,2.188,0.2324,1.0472,480,320,0.668,0.945,0.15,0.794,0.003,0.585,0.001,0.266,1.175,,,3.839,93.5,5808,8007,0,0,0,148,14,9,0,120,True
1890,1771515516.7756991,19901.75659999659,pawn_shop,3.237,2.149,0.2364,1.0472,480,320,0.713,0.883,0.162,0.722,0.004,0.602,0.001,0.248,1.164,,,3.805,95.2,5816,8007,0,0,0,148,14,9,0,120,True
1891,1771515516.7867017,19912.733099990874,pawn_shop,3.287,2.111,0.2364,1.0472,480,320,0.714,0.959,0.157,0.801,0.004,0.601,0.001,0.225,1.18,,,3.875,95.2,5829,8007,0,0,0,148,14,9,0,120,True
1892,1771515516.797705,19923.837499998626,pawn_shop,3.339,2.083,0.2364,1.0472,480,320,0.702,0.959,0.16,0.799,0.004,0.608,0.001,0.285,1.177,,,3.93,95.2,5842,8007,0,0,0,148,14,9,0,120,True
1893,1771515516.8077066,19933.725199996843,pawn_shop,3.392,2.064,0.2364,1.0472,480,320,0.685,0.944,0.155,0.788,0.004,0.619,0.001,0.245,1.151,,,3.828,95.2,5855,8007,0,0,0,148,14,9,0,120,True
1894,1771515516.8187087,19944.736399993417,pawn_shop,3.448,2.05,0.2364,1.0472,480,320,0.712,0.987,0.159,0.828,0.003,0.62,0.001,0.193,1.15,,,3.857,95.2,5870,8007,0,0,0,148,14,9,0,120,True
1895,1771515516.8297117,19955.73770000192,pawn_shop,3.505,2.043,0.2364,1.0472,480,320,0.721,0.947,0.166,0.781,0.004,0.641,0.001,0.228,1.161,,,3.899,95.2,5882,8007,0,0,0,148,14,9,0,120,True
1896,1771515516.8407137,19966.856500002905,pawn_shop,3.558,2.047,0.2364,1.0472,480,320,0.741,0.848,0.165,0.683,0.004,0.627,0.001,0.229,1.157,,,3.8,95.2,5888,8007,0,0,0,148,14,9,0,120,True
1897,1771515516.8517163,19977.739099995233,pawn_shop,3.607,2.062,0.2364,1.0472,480,320,0.743,0.772,0.172,0.6,0.004,0.61,0.001,0.232,1.153,,,3.706,95.2,5889,8007,0,0,0,148,14,9,0,120,True
1898,1771515516.8627195,19988.764199995785,pawn_shop,3.654,2.084,0.2364,1.0472,480,320,0.847,0.799,0.181,0.618,0.004,0.626,0.001,0.279,1.195,,,3.95,95.2,5890,8007,0,0,0,148,14,9,0,120,True
1899,1771515516.872722,19998.775000000023,pawn_shop,3.697,2.112,0.2364,1.0472,480,320,0.758,0.72,0.159,0.561,0.004,0.562,0.0,0.259,1.162,,,3.646,95.2,5890,8007,0,0,0,148,14,9,0,120,True
1900,1771515516.8837242,20009.758799991687,pawn_shop,3.697,2.146,0.2364,1.0472,480,320,0.732,0.727,0.166,0.562,0.004,0.559,0.001,0.221,1.155,,,3.584,92.6,5890,8007,0,0,0,148,14,9,0,120,True
1901,1771515516.8947258,20020.753799995873,pawn_shop,3.697,2.184,0.2364,1.0472,480,320,0.725,0.727,0.162,0.565,0.004,0.556,0.001,0.23,1.141,,,3.561,92.6,5890,8007,0,0,0,148,14,9,0,120,True
1902,1771515516.905729,20031.789400003618,pawn_shop,3.697,2.226,0.2404,1.0472,480,320,0.717,0.733,0.171,0.562,0.004,0.557,0.0,0.252,1.154,,,3.597,92.6,5890,8007,0,0,0,148,14,9,0,120,True
1903,1771515516.9167314,20042.8596999991,pawn_shop,3.697,2.27,0.2404,1.0472,480,320,0.725,0.723,0.161,0.562,0.004,0.561,0.001,0.258,1.146,,,3.607,92.6,5890,8007,0,0,0,148,14,9,0,120,True
1904,1771515516.9277346,20053.919199999655,pawn_shop,3.697,2.317,0.2484,1.0472,480,320,0.786,0.747,0.17,0.578,0.004,0.568,0.001,0.252,1.168,,,3.719,92.6,5890,8007,0,0,0,148,14,9,0,120,True
1905,1771515516.9387362,20064.888399996562,pawn_shop,3.697,2.366,0.2604,1.0472,480,320,0.723,0.729,0.164,0.565,0.004,0.56,0.001,0.215,1.156,,,3.566,92.6,5890,8007,0,0,0,148,14,9,0,120,True
1906,1771515516.949739,20075.811999995494,pawn_shop,3.697,2.416,0.2684,1.0472,480,320,0.711,0.718,0.163,0.555,0.004,0.561,0.0,0.236,1.151,,,3.56,92.6,5890,8007,0,0,0,148,14,9,0,120,True
1907,1771515516.960742,20086.860499999602,pawn_shop,3.697,2.468,0.2764,1.0472,480,320,0.688,0.732,0.156,0.576,0.005,0.564,0.001,0.288,1.157,,,3.622,92.6,5890,8007,0,0,0,148,14,9,0,120,True
1908,1771515516.971744,20097.857699991437,pawn_shop,3.697,2.521,0.2884,1.0472,480,320,0.746,0.722,0.162,0.56,0.004,0.557,0.001,0.281,1.146,,,3.647,92.6,5890,8007,0,0,0,148,14,9,0,120,True
1909,1771515516.9827466,20108.886299989535,pawn_shop,3.697,2.575,0.3084,1.0472,480,320,0.725,0.722,0.164,0.558,0.004,0.562,0.001,0.284,1.159,,,3.649,92.6,5890,8007,0,0,0,148,14,9,0,120,True
1910,1771515516.9937491,20119.92199999804,pawn_shop,3.697,2.631,0.3284,1.0472,480,320,0.781,0.763,0.185,0.577,0.005,0.568,0.001,0.298,1.187,,,3.796,90.9,5890,8007,0,0,0,148,14,9,0,120,True
1911,1771515517.0037518,20129.923699991195,pawn_shop,3.697,2.686,0.3564,1.0472,480,320,0.744,0.856,0.202,0.654,0.311,0.677,0.001,0.249,1.155,,,4.184,90.9,5891,8007,0,0,0,148,14,9,16,136,True
1912,1771515517.013754,20139.897699991707,pawn_shop,3.697,2.741,0.3804,1.0472,480,320,0.729,0.843,0.203,0.641,0.42,0.781,0.001,0.271,1.156,,,4.41,90.9,5891,8007,0,0,0,148,14,9,37,157,True
1913,1771515517.024756,20150.92719999666,pawn_shop,3.697,2.797,0.4084,1.0472,480,320,0.752,0.988,0.261,0.727,0.468,0.959,0.001,0.264,1.156,,,4.796,90.9,5892,8007,0,0,0,148,14,9,60,180,True
1914,1771515517.035758,20161.884699991788,pawn_shop,3.697,2.855,0.4284,1.0472,480,320,0.715,1.086,0.284,0.802,0.562,1.13,0.001,0.231,1.137,,,5.069,90.9,5894,8007,0,0,0,148,14,9,97,217,True
1915,1771515517.0457604,20171.880399997463,pawn_shop,3.697,2.912,0.4444,1.0472,480,320,0.712,1.254,0.333,0.921,0.67,1.436,0.001,0.253,1.144,,,5.682,90.9,5896,8007,0,0,0,148,14,9,157,277,True
1916,1771515517.056763,20182.87930000224,pawn_shop,3.697,2.97,0.4564,1.0472,480,320,0.737,1.534,0.445,1.089,0.787,1.917,0.001,0.25,1.154,,,6.609,90.9,5896,8007,0,0,0,148,14,9,239,359,True
1917,1771515517.0677652,20193.88340000296,pawn_shop,3.697,3.029,0.4684,1.0472,480,320,0.765,1.602,0.495,1.106,0.834,2.023,0.001,0.282,1.174,,,6.921,90.9,5896,8007,0,0,0,148,14,9,247,367,True
1918,1771515517.077768,20203.882399990107,pawn_shop,3.697,3.088,0.4804,1.0472,480,320,0.74,1.521,0.445,1.076,0.836,2.016,0.001,0.282,1.16,,,6.785,90.9,5896,8007,0,0,0,148,14,9,251,371,True
1919,1771515517.0887697,20214.836699989974,pawn_shop,3.697,3.147,0.4844,1.0472,480,320,0.719,1.546,0.459,1.086,0.865,2.043,0.001,0.226,1.152,,,6.779,90.9,5896,8007,0,0,0,148,14,9,259,379,True
1920,1771515517.0997727,20225.79479998967,pawn_shop,3.697,3.208,0.4844,1.0472,480,320,0.689,1.514,0.442,1.071,0.847,2.033,0.001,0.284,1.161,,,6.76,94.3,5896,8007,0,0,0,148,14,9,260,380,True
1921,1771515517.1107748,20236.848300002748,pawn_shop,3.697,3.268,0.4884,1.0472,480,320,0.709,1.546,0.444,1.102,0.874,2.044,0.001,0.283,1.151,,,6.837,94.3,5896,8007,0,0,0,148,14,9,264,384,True
1922,1771515517.1207771,20246.82689999463,pawn_shop,3.697,3.328,0.4884,1.0472,480,320,0.781,1.67,0.509,1.161,0.893,2.094,0.001,0.28,1.161,,,7.094,94.3,5896,8007,0,0,0,148,14,9,269,389,True
1923,1771515517.1307797,20256.809200000134,pawn_shop,3.717,3.388,0.4884,1.0472,480,320,0.697,1.555,0.445,1.109,0.903,2.084,0.001,0.27,1.153,,,6.895,94.3,5896,8007,0,0,0,148,14,9,272,392,True
1924,1771515517.1417818,20267.852099990705,pawn_shop,3.737,3.448,0.4844,1.0472,480,320,0.578,1.685,0.491,1.194,0.916,2.154,0.001,0.231,1.148,,,6.939,94.3,5899,8007,0,0,0,148,14,9,279,399,True
1925,1771515517.151784,20277.85749999748,pawn_shop,3.756,3.508,0.4804,1.0472,480,320,0.522,1.636,0.472,1.165,0.934,2.14,0.001,0.252,1.142,,,6.854,94.3,5901,8007,0,0,0,148,14,9,284,404,True
1926,1771515517.1617863,20287.85059999791,pawn_shop,3.776,3.567,0.4764,1.0472,480,320,0.514,1.603,0.467,1.137,0.993,2.153,0.001,0.276,1.144,,,6.914,94.3,5901,8007,0,0,0,148,14,9,289,409,True
1927,1771515517.1717885,20297.851399998763,pawn_shop,3.795,3.626,0.4684,1.0472,480,320,0.503,1.639,0.478,1.161,1.039,2.179,0.001,0.282,1.15,,,7.013,94.3,5901,8007,0,0,0,148,14,9,293,413,True
1928,1771515517.181791,20307.89989999903,pawn_shop,3.814,3.684,0.4604,1.0472,480,320,0.565,1.755,0.509,1.245,1.172,2.25,0.001,0.279,1.172,,,7.453,94.3,5903,8007,0,0,0,148,14,9,298,418,True
1929,1771515517.1927943,20319.082599991816,pawn_shop,3.834,3.684,0.4444,1.0472,480,320,0.602,1.737,0.512,1.225,1.073,2.23,0.001,0.29,1.166,,,7.376,94.3,5904,8007,0,0,0,148,14,9,297,417,True
1930,1771515517.2037964,20330.038500003866,pawn_shop,3.861,3.684,0.4204,1.0472,480,320,0.541,1.706,0.504,1.202,1.066,2.235,0.001,0.257,1.15,,,7.124,96.2,5904,8007,0,0,0,148,14,9,299,419,True
1931,1771515517.2137988,20339.94239999447,pawn_shop,3.893,3.684,0.3884,1.0472,480,320,0.537,1.679,0.491,1.188,1.073,2.238,0.001,0.283,1.168,,,7.217,96.2,5904,8007,0,0,0,148,14,9,294,414,True
1932,1771515517.228802,20354.422599993995,pawn_shop,3.931,3.684,0.3484,1.0472,480,320,0.604,1.804,0.571,1.234,0.976,2.261,0.001,0.319,1.182,,,7.393,96.2,5904,8007,0,0,0,148,14,9,287,407,True
1933,1771515517.2378037,20363.69260000356,pawn_shop,3.976,3.684,0.2964,1.0472,480,320,0.543,1.651,0.459,1.192,0.912,2.12,0.001,0.271,1.16,,,6.881,96.2,5906,8007,0,0,0,148,14,9,275,395,True
1934,1771515517.2488065,20375.06530000246,pawn_shop,4.024,3.684,0.2364,1.0472,480,320,0.582,1.672,0.504,1.168,0.861,2.11,0.001,0.285,1.171,,,6.911,96.2,5907,8007,0,0,0,148,14,9,262,382,True
1935,1771515517.2588089,20384.993500003475,pawn_shop,4.075,3.684,0.1844,1.0472,480,320,0.529,1.533,0.429,1.105,0.787,1.983,0.001,0.245,1.159,,,6.463,96.2,5908,8007,0,0,0,148,14,9,248,368,True
1936,1771515517.2698114,20396.01309999125,pawn_shop,4.128,3.684,0.1324,1.0472,480,320,0.537,1.511,0.425,1.086,0.737,1.918,0.001,0.235,1.15,,,6.305,96.2,5910,8007,0,0,0,148,14,9,238,358,True
1937,1771515517.280814,20407.0081999962,pawn_shop,4.184,3.684,0.0924,1.0472,480,320,0.585,1.591,0.445,1.147,0.716,1.897,0.001,0.326,1.199,,,6.575,96.2,5915,8007,0,0,0,148,14,9,226,346,True
1938,1771515517.2908158,20417.01109999849,pawn_shop,4.241,3.684,0.0644,1.0472,480,320,0.613,1.576,0.483,1.094,0.698,1.851,0.002,0.315,1.172,,,6.481,96.2,5916,8007,0,0,0,148,14,9,219,339,True
1939,1771515517.3018181,20428.049699999974,pawn_shop,4.3,3.7,0.0444,1.0472,480,320,0.68,1.61,0.503,1.107,0.685,1.852,0.001,0.355,1.185,,,6.62,96.2,5920,8007,0,0,0,148,14,9,214,334,True
1940,1771515517.31182,20437.965699995402,pawn_shop,4.358,3.7,0.0404,1.0472,480,320,0.646,1.601,0.507,1.094,0.689,1.892,0.002,0.342,1.236,,,6.692,92.6,5923,8007,0,0,0,148,14,9,211,331,True
1941,1771515517.321823,20447.98009999795,pawn_shop,4.417,3.7,0.0364,1.0472,480,320,0.752,1.784,0.531,1.254,0.786,1.907,0.001,0.315,1.19,,,7.038,92.6,5926,8007,0,0,0,148,14,9,208,328,True
1942,1771515517.3318255,20458.001699997112,pawn_shop,4.477,3.7,0.0324,1.0472,480,320,0.586,1.485,0.453,1.032,0.669,1.801,0.001,0.283,1.171,,,6.213,92.6,5926,8007,0,0,0,148,14,9,202,322,True
1943,1771515517.341827,20467.877499992028,pawn_shop,4.536,3.7,0.0324,1.0472,480,320,0.556,1.429,0.405,1.024,0.667,1.814,0.001,0.271,1.158,,,6.125,92.6,5926,8007,0,0,0,148,14,9,202,322,True
1944,1771515517.351829,20477.904699990177,pawn_shop,4.595,3.7,0.0324,1.0472,480,320,0.633,1.52,0.479,1.041,0.649,1.817,0.001,0.301,1.211,,,6.338,92.6,5926,8007,0,0,0,148,14,9,204,324,True
1945,1771515517.3628314,20488.894099995377,pawn_shop,4.656,3.7,0.0324,1.0472,480,320,0.564,1.412,0.402,1.01,0.643,1.787,0.001,0.257,1.146,,,6.019,92.6,5926,8007,0,0,0,148,14,9,204,324,True
1946,1771515517.3728337,20498.895299999276,pawn_shop,4.716,3.7,0.0324,1.0472,480,320,0.554,1.421,0.408,1.013,0.66,1.827,0.001,0.272,1.186,,,6.146,92.6,5926,8007,0,0,0,148,14,9,205,325,True
1947,1771515517.3828359,20508.89620000089,pawn_shop,4.777,3.7,0.0324,1.0472,480,320,0.546,1.421,0.415,1.006,0.654,1.823,0.001,0.291,1.201,,,6.172,92.6,5926,8007,0,0,0,148,14,9,207,327,True
1948,1771515517.3928382,20518.90270000149,pawn_shop,4.837,3.7,0.0324,1.0472,480,320,0.575,1.432,0.42,1.012,0.638,1.864,0.001,0.249,1.164,,,6.131,92.6,5926,8007,0,0,0,148,14,9,207,327,True
1949,1771515517.4028406,20528.894000002765,pawn_shop,4.897,3.7,0.0324,1.0472,480,320,0.549,1.428,0.408,1.02,0.646,1.87,0.001,0.257,1.188,,,6.149,92.6,5927,8007,0,0,0,148,14,9,209,329,True
1950,1771515517.4128428,20538.901399995666,pawn_shop,4.958,3.7,0.0324,1.0472,480,320,0.528,1.403,0.406,0.997,0.642,1.877,0.001,0.261,1.196,,,6.12,99.0,5927,8007,0,0,0,148,14,9,209,329,True
1951,1771515517.4228451,20548.893200000748,pawn_shop,5.018,3.7,0.0324,1.0472,480,320,0.535,1.386,0.396,0.99,0.648,1.876,0.001,0.245,1.172,,,6.071,99.0,5927,8007,0,0,0,148,14,9,208,328,True
1952,1771515517.432847,20558.899499999825,pawn_shop,5.078,3.7,0.0324,1.0472,480,320,0.538,1.405,0.405,1.0,0.649,1.895,0.001,0.259,1.176,,,6.133,99.0,5927,8007,0,0,0,148,14,9,206,326,True
1953,1771515517.4428494,20568.912899994757,pawn_shop,5.138,3.7,0.0324,1.0472,480,320,0.556,1.422,0.422,1.0,0.642,1.903,0.001,0.27,1.195,,,6.204,99.0,5927,8007,0,0,0,148,14,9,207,327,True
1954,1771515517.4528518,20578.907999995863,pawn_shop,5.198,3.7,0.0324,1.0472,480,320,0.564,1.443,0.415,1.028,0.629,1.911,0.001,0.233,1.175,,,6.169,99.0,5929,8007,0,0,0,148,14,9,206,326,True
1955,1771515517.462854,20588.916199994856,pawn_shop,5.258,3.7,0.0324,1.0472,480,320,0.555,1.486,0.441,1.044,0.641,1.965,0.001,0.279,1.179,,,6.322,99.0,5931,8007,0,0,0,148,14,9,205,325,True
1956,1771515517.4728563,20598.913099995116,pawn_shop,5.318,3.7,0.0324,1.0472,480,320,0.552,1.409,0.404,1.005,0.62,1.953,0.001,0.249,1.193,,,6.193,99.0,5932,8007,0,0,0,148,14,9,205,325,True
1957,1771515517.4828584,20608.915299992077,pawn_shop,5.378,3.7,0.0324,1.0472,480,320,0.556,1.427,0.419,1.009,0.624,1.978,0.001,0.26,1.171,,,6.228,99.0,5933,8007,0,0,0,148,14,8,202,322,True
1958,1771515517.492861,20618.90119999589,pawn_shop,5.438,3.7,0.0324,1.0472,480,320,0.532,1.366,0.388,0.978,0.623,1.983,0.001,0.285,1.172,,,6.19,99.0,5934,8007,0,0,0,148,14,8,200,320,True
1959,1771515517.5038633,20629.979899997124,pawn_shop,5.499,3.7,0.0324,1.0472,480,320,0.596,1.436,0.439,0.997,0.627,2.073,0.001,0.289,1.178,,,6.415,99.0,5934,8007,0,0,0,148,14,8,195,315,True
1960,1771515517.5148656,20640.949299995555,pawn_shop,5.561,3.7,0.0284,1.0472,480,320,0.538,1.341,0.382,0.959,0.555,2.017,0.001,0.285,1.169,,,6.128,98.0,5934,8007,0,0,0,148,14,8,194,314,True
1961,1771515517.524868,20650.98579999176,pawn_shop,5.623,3.7,0.0204,1.0472,480,320,0.54,1.385,0.401,0.985,0.587,2.1,0.001,0.27,1.182,,,6.295,98.0,5934,8007,0,0,0,148,14,8,194,314,True
1962,1771515517.5358706,20662.03089999908,pawn_shop,5.685,3.7,0.0044,1.0472,480,320,0.551,1.383,0.397,0.986,0.561,2.142,0.001,0.286,1.194,,,6.341,98.0,5934,8007,0,0,0,148,14,8,197,317,True
1963,1771515517.5468729,20673.018399989814,pawn_shop,5.749,3.701,-0.0116,1.0472,480,320,0.569,1.416,0.416,0.999,0.555,2.183,0.001,0.322,1.183,,,6.498,98.0,5934,8007,0,0,0,148,14,8,195,315,True
1964,1771515517.5578752,20684.032799996203,pawn_shop,5.812,3.701,-0.0276,1.0472,480,320,0.552,1.387,0.398,0.99,0.546,2.258,0.001,0.278,1.187,,,6.449,98.0,5934,8007,0,0,0,148,14,8,193,313,True
1965,1771515517.568878,20695.05979999667,pawn_shop,5.877,3.701,-0.0476,1.0472,480,320,0.592,1.422,0.423,0.999,0.547,2.342,0.001,0.309,1.219,,,6.728,98.0,5934,8007,0,0,0,148,14,8,187,307,True
1966,1771515517.5788803,20705.122400002438,pawn_shop,5.936,3.692,-0.0636,1.0472,480,320,0.574,1.398,0.411,0.988,0.529,2.489,0.002,0.29,1.192,,,6.728,98.0,5934,8007,0,0,0,148,14,8,184,304,True
1967,1771515517.5888824,20715.01939999871,pawn_shop,5.991,3.675,-0.0756,1.0472,480,320,0.551,1.357,0.385,0.972,0.523,2.513,0.001,0.263,1.177,,,6.609,98.0,5934,8007,0,0,0,148,14,8,183,303,True
1968,1771515517.5998847,20726.003000003402,pawn_shop,6.044,3.653,-0.0796,1.0472,480,320,0.557,1.359,0.388,0.971,0.657,2.573,0.001,0.294,1.197,,,6.878,98.0,5934,8007,0,0,0,148,14,8,179,299,True
1969,1771515517.6098871,20736.046099991654,pawn_shop,6.094,3.626,-0.0836,1.0472,480,320,0.586,1.404,0.403,1.001,0.524,2.664,0.001,0.309,1.19,,,6.921,98.0,5934,8007,0,0,0,148,14,8,176,296,True
1970,1771515517.6198897,20745.993599994108,pawn_shop,6.142,3.595,-0.0876,1.0472,480,320,0.55,1.322,0.369,0.953,0.507,2.722,0.001,0.287,1.202,,,6.845,95.2,5934,8007,0,0,0,148,14,8,172,292,True
1971,1771515517.6298916,20756.13509998948,pawn_shop,6.193,3.569,-0.0876,1.0472,480,320,0.595,1.359,0.406,0.953,0.501,2.901,0.001,0.309,1.191,,,7.095,95.2,5934,8007,0,0,0,148,14,7,168,288,True
1972,1771515517.639894,20765.955199996824,pawn_shop,6.245,3.547,-0.0876,1.0472,480,320,0.536,1.288,0.36,0.928,0.492,3.009,0.001,0.271,1.177,,,7.007,95.2,5934,8007,0,0,0,148,14,7,166,286,True
1973,1771515517.6498961,20775.98429999489,pawn_shop,6.298,3.528,-0.0876,1.0472,480,320,0.563,1.309,0.377,0.932,0.493,3.057,0.001,0.277,1.181,,,7.108,95.2,5934,8007,0,0,0,148,14,7,160,280,True
1974,1771515517.6598985,20785.956599997007,pawn_shop,6.353,3.512,-0.0876,1.0472,480,320,0.542,1.276,0.355,0.922,0.504,3.21,0.001,0.271,1.344,,,7.393,95.2,5934,8007,0,0,0,148,14,7,158,278,True
1975,1771515517.670901,20796.971899995697,pawn_shop,6.409,3.498,-0.0876,1.0472,480,320,0.604,1.321,0.388,0.933,0.49,1.396,0.001,0.287,1.188,,,5.505,95.2,5934,8007,0,0,0,148,14,6,157,277,True
1976,1771515517.6819034,20807.956199991168,pawn_shop,6.468,3.485,-0.0876,1.0472,480,320,0.533,1.231,0.344,0.887,0.475,1.352,0.001,0.285,1.195,,,5.309,95.2,5934,8007,0,0,0,148,14,6,152,272,True
1977,1771515517.692906,20819.031999999424,pawn_shop,6.527,3.473,-0.0876,1.0472,480,320,0.577,1.309,0.389,0.919,0.484,1.363,0.001,0.29,1.182,,,5.425,95.2,5934,8007,0,0,0,148,14,6,149,269,True
1978,1771515517.7029083,20828.99519999046,pawn_shop,6.587,3.463,-0.0876,1.0472,480,320,0.541,1.22,0.339,0.881,0.469,1.329,0.001,0.284,1.177,,,5.245,95.2,5934,8007,0,0,0,148,14,6,148,268,True
1979,1771515517.7139108,20839.97869999439,pawn_shop,6.648,3.453,-0.0876,1.0472,480,320,0.564,1.265,0.36,0.906,0.479,1.322,0.001,0.29,1.18,,,5.327,95.2,5934,8007,0,0,0,148,14,6,145,265,True
1980,1771515517.7249131,20851.005399992573,pawn_shop,6.71,3.444,-0.0876,1.0472,480,320,0.539,1.192,0.334,0.858,0.478,1.283,0.001,0.277,1.178,,,5.176,95.2,5934,8007,0,0,0,148,14,6,139,259,True
1981,1771515517.7349153,20861.022999990382,pawn_shop,6.771,3.436,-0.0876,1.0472,480,320,0.571,1.257,0.353,0.905,0.552,1.332,0.002,0.325,1.197,,,5.49,95.2,5934,8007,0,0,0,148,14,6,136,256,True
1982,1771515517.744918,20871.013500000117,pawn_shop,6.832,3.428,-0.0876,1.0472,480,320,0.657,1.293,0.392,0.901,0.469,1.314,0.001,0.298,1.212,,,5.486,95.2,5934,8007,0,0,0,148,14,6,135,255,True
1983,1771515517.7559202,20882.125299991458,pawn_shop,6.894,3.421,-0.0876,1.0472,480,320,0.617,1.352,0.415,0.937,0.477,1.291,0.001,0.319,1.212,,,5.515,95.2,5935,8007,0,0,0,148,14,6,134,254,True
1984,1771515517.7659223,20892.098800002714,pawn_shop,6.956,3.414,-0.0916,1.0472,480,320,0.597,1.28,0.367,0.913,0.479,1.305,0.002,0.412,1.244,,,5.595,95.2,5935,8007,0,0,0,148,14,6,131,251,True
1985,1771515517.7759247,20902.128599991556,pawn_shop,7.017,3.408,-0.0996,1.0472,480,320,0.598,1.277,0.373,0.904,0.446,1.245,0.001,0.324,1.188,,,5.3,95.2,5935,8007,0,0,0,148,14,6,126,246,True
1986,1771515517.7869275,20913.130699991598,pawn_shop,7.079,3.401,-0.1076,1.0472,480,320,0.605,1.28,0.369,0.911,0.452,1.219,0.001,0.295,1.2,,,5.28,95.2,5935,8007,0,0,0,148,14,6,122,242,True
1987,1771515517.797931,20924.21959999774,pawn_shop,7.142,3.394,-0.1116,1.0472,480,320,0.599,1.279,0.373,0.906,0.435,1.197,0.001,0.321,1.165,,,5.2,95.2,5935,8007,0,0,0,148,14,6,118,238,True
1988,1771515517.8089323,20935.089399994467,pawn_shop,7.205,3.387,-0.1116,1.0472,480,320,0.622,1.28,0.356,0.924,0.434,1.192,0.001,0.29,1.186,,,5.212,95.2,5936,8007,0,0,0,148,14,6,115,235,True
1989,1771515517.819935,20946.077899992815,pawn_shop,7.269,3.38,-0.0796,1.0472,480,320,0.53,1.169,0.295,0.873,0.439,1.201,0.001,0.246,1.147,,,4.876,95.2,5936,8007,0,0,0,148,14,6,125,245,True
1990,1771515517.829937,20956.020600002375,pawn_shop,7.332,3.374,-0.0676,1.0472,480,320,0.509,1.144,0.284,0.859,0.44,1.206,0.001,0.235,1.136,,,4.81,95.2,5936,8007,0,0,0,148,14,6,126,246,True
1991,1771515517.8399394,20965.971400000853,pawn_shop,7.394,3.368,-0.0676,1.0472,480,320,0.527,1.192,0.307,0.884,0.44,1.206,0.001,0.27,1.15,,,4.935,95.2,5936,8007,0,0,0,148,14,6,124,244,True
1992,1771515517.8499422,20976.023199997144,pawn_shop,7.456,3.363,-0.0676,1.0472,480,320,0.612,1.378,0.399,0.979,0.514,1.263,0.001,0.324,1.214,,,5.514,95.2,5936,8007,0,0,0,148,14,6,123,243,True
1993,1771515517.8609447,20987.005199989653,pawn_shop,7.519,3.358,-0.0676,1.0472,480,320,0.578,1.265,0.327,0.938,0.451,1.217,0.001,0.302,1.17,,,5.135,95.2,5936,8007,0,0,0,148,14,6,120,240,True
1994,1771515517.8709464,20996.988200000487,pawn_shop,7.581,3.353,-0.0676,1.0472,480,320,0.535,1.184,0.29,0.894,0.439,1.171,0.001,0.266,1.172,,,4.918,95.2,5936,8007,0,0,0,148,14,6,117,237,True
1995,1771515517.8809488,21007.01499999559,pawn_shop,7.643,3.348,-0.0676,1.0472,480,320,0.581,1.249,0.328,0.92,0.448,1.181,0.001,0.307,1.207,,,5.13,95.2,5936,8007,0,0,0,148,14,6,114,234,True
1996,1771515517.890951,21017.13110000128,pawn_shop,7.704,3.343,-0.0676,1.0472,480,320,0.633,1.376,0.368,1.008,0.506,1.183,0.001,0.326,1.189,,,5.391,95.2,5936,8007,0,0,0,148,14,6,111,231,True
1997,1771515517.9019532,21028.155299994978,pawn_shop,7.763,3.347,-0.0676,1.0472,480,320,0.522,1.174,0.287,0.886,0.438,1.135,0.001,0.217,1.129,,,4.756,95.2,5936,8007,0,0,0,148,14,6,111,231,True
1998,1771515517.9119556,21037.977799991495,pawn_shop,7.82,3.358,-0.0676,1.0472,480,320,0.523,1.191,0.297,0.894,0.441,1.158,0.001,0.251,1.187,,,4.899,95.2,5936,8007,0,0,0,148,14,6,111,231,True
1999,1771515517.921958,21048.171100002946,pawn_shop,7.874,3.374,-0.0676,1.0472,480,320,0.657,1.481,0.446,1.035,0.576,1.228,0.001,0.307,1.192,,,5.632,95.2,5936,8007,0,0,0,148,14,6,111,231,True
2000,1771515517.9319603,21058.02440000116,pawn_shop,7.927,3.394,-0.0676,1.0472,480,320,0.555,1.221,0.306,0.916,0.45,1.197,0.001,0.269,1.158,,,4.997,98.0,5936,8007,0,0,0,148,14,6,112,232,True
2001,1771515517.9419622,21067.974899997353,pawn_shop,7.978,3.418,-0.0676,1.0472,480,320,0.498,1.171,0.274,0.897,0.436,1.183,0.001,0.265,1.124,,,4.817,98.0,5937,8007,0,0,0,148,14,6,115,235,True
2002,1771515517.952965,21078.982299994095,pawn_shop,8.029,3.446,-0.0676,1.0472,480,320,0.537,1.207,0.303,0.904,0.456,1.218,0.001,0.261,1.144,,,4.969,98.0,5937,8007,0,0,0,148,14,6,117,237,True
2003,1771515517.9629674,21089.018300001044,pawn_shop,8.079,3.475,-0.0676,1.0472,480,320,0.602,1.403,0.369,1.035,0.548,1.284,0.002,0.347,1.195,,,5.599,98.0,5939,8007,0,0,0,148,14,6,120,240,True
2004,1771515517.9729705,21099.04000000097,pawn_shop,8.128,3.507,-0.0676,1.0472,480,320,0.641,1.281,0.336,0.945,0.485,1.29,0.001,0.283,1.15,,,5.281,98.0,5939,8007,0,0,0,148,14,6,121,241,True
2005,1771515517.9829717,21109.01319999539,pawn_shop,8.177,3.54,-0.0676,1.0472,480,320,0.525,1.208,0.301,0.906,0.478,1.27,0.001,0.211,1.14,,,4.975,98.0,5939,8007,0,0,0,148,14,6,125,245,True
2006,1771515517.9929745,21119.026999993366,pawn_shop,8.225,3.574,-0.0676,1.0472,480,320,0.552,1.279,0.33,0.95,0.5,1.327,0.001,0.293,1.164,,,5.273,98.0,5940,8007,0,0,0,148,14,6,130,250,True
2007,1771515518.0039768,21129.384799991385,pawn_shop,8.275,3.601,-0.0756,1.0472,480,320,0.73,1.378,0.397,0.981,0.513,1.355,0.001,0.301,1.161,,,5.61,98.0,5940,8007,0,0,0,148,14,6,129,249,True
2008,1771515518.012979,21139.18269998976,pawn_shop,8.326,3.622,-0.1076,1.0472,480,320,0.56,1.259,0.338,0.921,0.475,1.31,0.001,0.267,1.167,,,5.232,98.0,5940,8007,0,0,0,148,14,6,120,240,True
2009,1771515518.0239809,21150.172199995723,pawn_shop,8.38,3.638,-0.1516,1.0472,480,320,0.534,1.164,0.297,0.867,0.45,1.209,0.001,0.229,1.152,,,4.93,98.0,5940,8007,0,0,0,148,14,6,106,226,True
2010,1771515518.0339832,21160.137999992003,pawn_shop,8.435,3.648,-0.1876,1.0472,480,320,0.509,1.086,0.258,0.828,0.405,1.188,0.001,0.201,1.14,,,4.717,98.0,5940,8007,0,0,0,148,14,6,91,211,True
2011,1771515518.0439856,21170.14560000098,pawn_shop,8.491,3.655,-0.2116,1.0472,480,320,0.535,1.099,0.282,0.816,0.402,1.07,0.001,0.259,1.147,,,4.701,98.0,5940,8007,0,0,0,148,14,6,79,199,True
2012,1771515518.05399,21180.16409999109,pawn_shop,8.547,3.657,-0.2476,1.0472,480,320,0.566,1.072,0.27,0.802,0.384,1.006,0.001,0.296,1.167,,,4.695,98.0,5940,8007,0,0,0,148,14,6,62,182,True
2013,1771515518.06399,21190.21669999347,pawn_shop,8.604,3.656,-0.2796,1.0472,480,320,0.61,1.04,0.273,0.767,0.373,0.924,0.001,0.307,1.156,,,4.618,98.0,5940,8007,0,0,0,148,14,6,46,166,True
2014,1771515518.0739925,21200.164299996686,pawn_shop,8.66,3.652,-0.3076,1.0472,480,320,0.561,0.955,0.238,0.717,0.339,0.871,0.001,0.302,1.138,,,4.36,98.0,5940,8007,0,0,0,148,14,6,34,154,True
2015,1771515518.0849948,21211.274300003424,pawn_shop,8.718,3.645,-0.3356,1.0472,480,320,0.585,0.947,0.247,0.699,0.32,0.797,0.001,0.289,1.158,,,4.289,98.0,5940,8007,0,0,0,148,14,5,24,144,True
2016,1771515518.095997,21222.17819999787,pawn_shop,8.776,3.634,-0.3676,1.0472,480,320,0.524,0.807,0.172,0.635,0.268,0.72,0.001,0.208,1.158,,,3.865,98.0,5940,8007,0,0,0,148,14,5,11,131,True
2017,1771515518.1059997,21232.17139999906,pawn_shop,8.834,3.622,-0.4036,1.0472,480,320,0.506,0.796,0.166,0.631,0.237,0.689,0.001,0.217,1.152,,,3.779,98.0,5940,8007,0,0,0,148,14,5,3,123,True
2018,1771515518.1160018,21242.277500001364,pawn_shop,8.891,3.606,-0.4476,1.0472,480,320,0.516,0.767,0.178,0.589,0.004,0.636,0.001,0.209,1.15,,,3.461,98.0,5940,8007,0,0,0,148,14,5,0,120,True
2019,1771515518.1270041,21253.278899996076,pawn_shop,8.949,3.588,-0.4996,1.0472,480,320,0.579,0.879,0.214,0.666,0.004,0.685,0.001,0.301,1.174,,,3.816,98.0,5942,8007,0,0,0,148,14,4,0,120,True
2020,1771515518.1370063,21263.25249999354,pawn_shop,9.005,3.567,-0.5476,1.0472,480,320,0.599,0.855,0.217,0.638,0.005,0.672,0.001,0.345,1.202,,,3.88,97.1,5942,8007,0,0,0,148,14,4,0,120,True
2021,1771515518.1470087,21273.277000000235,pawn_shop,9.06,3.544,-0.5876,1.0472,480,320,0.587,0.877,0.214,0.663,0.005,0.632,0.001,0.278,1.205,,,3.766,97.1,5945,8007,0,0,0,148,14,4,0,120,True
2022,1771515518.1570113,21283.188100002008,pawn_shop,9.114,3.519,-0.6156,1.0472,480,320,0.542,0.83,0.158,0.672,0.004,0.541,0.001,0.225,1.145,,,3.461,97.1,5951,8007,0,0,0,148,14,4,0,120,True
2023,1771515518.1680138,21294.16299999866,pawn_shop,9.167,3.491,-0.6436,1.0472,480,320,0.556,0.831,0.165,0.665,0.004,0.557,0.001,0.295,1.148,,,3.568,97.1,5956,8007,0,0,0,148,14,4,0,120,True
2024,1771515518.1780162,21304.15009999706,pawn_shop,9.22,3.462,-0.6556,1.0472,480,320,0.632,0.918,0.184,0.734,0.006,0.591,0.001,0.307,1.19,,,3.837,97.1,5962,8007,0,0,0,148,14,4,0,120,True
2025,1771515518.188018,21314.193300000625,pawn_shop,9.271,3.431,-0.6636,1.0472,480,320,0.688,0.989,0.207,0.783,0.006,0.61,0.001,0.321,1.212,,,4.045,97.1,5970,8007,0,0,0,148,14,4,0,120,True
2026,1771515518.199021,21325.315399997635,pawn_shop,9.323,3.398,-0.6676,1.0472,480,320,0.679,0.989,0.22,0.769,0.006,0.625,0.001,0.392,1.258,,,4.207,97.1,5977,8007,0,0,0,148,14,4,0,120,True
2027,1771515518.2090228,21335.236600003554,pawn_shop,9.376,3.373,-0.6676,1.0472,480,320,0.672,0.924,0.213,0.711,0.005,0.593,0.001,0.306,1.192,,,3.881,97.1,5983,8007,0,0,0,148,14,4,0,120,True
2028,1771515518.2190251,21345.106699998723,pawn_shop,9.431,3.354,-0.6676,1.0472,480,320,0.776,0.887,0.197,0.69,0.005,0.597,0.001,0.298,1.19,,,3.941,97.1,5988,8007,0,0,0,148,14,4,0,120,True
2029,1771515518.2300274,21356.30929999752,pawn_shop,9.486,3.34,-0.6716,1.0472,480,320,0.775,0.948,0.21,0.738,0.006,0.611,0.001,0.307,1.19,,,4.031,97.1,5994,8007,0,0,0,148,14,4,0,120,True
2030,1771515518.2410307,21366.39729999297,pawn_shop,9.543,3.33,-0.6716,1.0472,480,320,0.801,0.97,0.226,0.744,0.005,0.671,0.001,0.29,1.209,,,4.144,97.1,6001,8007,0,0,0,148,14,4,0,120,True
2031,1771515518.2500324,21376.158200000646,pawn_shop,9.601,3.323,-0.6756,1.0472,480,320,0.761,0.874,0.19,0.684,0.005,0.749,0.001,0.304,1.272,,,4.157,97.1,6005,8007,0,0,0,148,14,4,0,120,True
2032,1771515518.2610345,21387.194800001453,pawn_shop,9.66,3.318,-0.6756,1.0472,480,320,0.781,0.926,0.219,0.707,0.005,0.773,0.001,0.349,1.2,,,4.228,97.1,6009,8007,0,0,0,148,14,4,0,120,True
2033,1771515518.271037,21397.257899996475,pawn_shop,9.719,3.315,-0.6756,1.0472,480,320,0.862,0.872,0.206,0.666,0.005,0.802,0.001,0.307,1.207,,,4.246,97.1,6012,8007,0,0,0,148,14,4,0,120,True
2034,1771515518.2810395,21407.16679999605,pawn_shop,9.779,3.315,-0.6796,1.0472,480,320,0.769,0.839,0.186,0.654,0.005,0.863,0.001,0.322,1.199,,,4.198,97.1,6014,8007,0,0,0,148,14,4,0,120,True
2035,1771515518.292042,21418.159499997273,pawn_shop,9.839,3.315,-0.6796,1.0472,480,320,0.777,0.938,0.212,0.726,0.006,0.926,0.001,0.417,1.224,,,4.505,97.1,6014,8007,0,0,0,148,14,3,0,120,True
2036,1771515518.3020437,21428.161599993473,pawn_shop,9.899,3.317,-0.6796,1.0472,480,320,0.939,0.887,0.248,0.639,0.005,0.98,0.001,0.323,1.213,,,4.553,97.1,6014,8007,0,0,0,148,14,3,0,120,True
2037,1771515518.312046,21438.12269999762,pawn_shop,9.96,3.32,-0.6796,1.0472,480,320,0.814,0.822,0.194,0.628,0.005,0.972,0.001,0.272,1.201,,,4.27,97.1,6014,8007,0,0,0,148,14,3,0,120,True
2038,1771515518.3230495,21449.142700002994,pawn_shop,10.021,3.323,-0.6796,1.0472,480,320,0.882,0.831,0.202,0.629,0.006,0.983,0.001,0.315,1.206,,,4.423,97.1,6014,8007,0,0,0,148,14,3,0,120,True
2039,1771515518.3330514,21459.274699998787,pawn_shop,10.082,3.327,-0.6796,1.0472,480,320,0.985,0.84,0.223,0.616,0.005,0.975,0.001,0.349,1.23,,,4.605,97.1,6014,8007,0,0,0,148,14,3,0,120,True
2040,1771515518.3430536,21469.24229999422,pawn_shop,10.142,3.331,-0.6796,1.0472,480,320,0.874,0.885,0.249,0.636,0.005,0.942,0.001,0.345,1.21,,,4.472,97.1,6014,8007,0,0,0,148,14,3,0,120,True
2041,1771515518.3530564,21479.25309999846,pawn_shop,10.203,3.336,-0.6796,1.0472,480,320,0.794,0.82,0.209,0.611,0.005,0.9,0.001,0.307,1.181,,,4.201,97.1,6014,8007,0,0,0,148,14,3,0,120,True
2042,1771515518.3640583,21490.12089999451,pawn_shop,10.264,3.341,-0.6796,1.0472,480,320,0.741,0.761,0.175,0.586,0.005,0.843,0.001,0.264,1.173,,,3.968,97.1,6014,8007,0,0,0,148,14,3,0,120,True
2043,1771515518.3740604,21500.129299995024,pawn_shop,10.326,3.347,-0.6796,1.0472,480,320,0.819,0.794,0.188,0.605,0.005,0.821,0.001,0.272,1.165,,,4.061,97.1,6014,8007,0,0,0,148,14,3,0,120,True
2044,1771515518.384063,21510.129499991308,pawn_shop,10.386,3.352,-0.6796,1.0472,480,320,0.782,0.843,0.184,0.659,0.005,0.779,0.001,0.363,1.199,,,4.163,97.1,6014,8007,0,0,0,148,14,3,0,120,True
2045,1771515518.3940644,21520.23769999505,pawn_shop,10.447,3.358,-0.6796,1.0472,480,320,0.883,0.913,0.264,0.648,0.006,0.641,0.001,0.294,1.19,,,4.125,97.1,6014,8007,0,0,0,148,14,3,0,120,True
2046,1771515518.405067,21531.178999997792,pawn_shop,10.509,3.364,-0.6916,1.0472,480,320,0.733,0.742,0.157,0.585,0.003,0.532,0.0,0.296,1.159,,,3.641,97.1,6014,8007,0,0,0,148,14,3,0,120,True
2047,1771515518.4150693,21541.225199995097,pawn_shop,10.57,3.369,-0.7196,1.0472,480,320,0.71,0.785,0.167,0.618,0.005,0.549,0.001,0.249,1.168,,,3.644,97.1,6014,8007,0,0,0,148,14,3,0,120,True
2048,1771515518.4250717,21551.250899996376,pawn_shop,10.631,3.374,-0.7596,1.0472,480,320,0.727,0.752,0.166,0.587,0.004,0.539,0.001,0.219,1.164,,,3.581,97.1,6014,8007,0,0,0,148,14,3,0,120,True
2049,1771515518.4350739,21561.21909999638,pawn_shop,10.692,3.377,-0.7996,1.0472,480,320,0.721,0.722,0.158,0.564,0.004,0.522,0.001,0.236,1.149,,,3.527,97.1,6014,8007,0,0,0,148,14,3,0,120,True
2050,1771515518.4450762,21571.21239999833,pawn_shop,10.752,3.38,-0.8436,1.0472,480,320,0.686,0.702,0.15,0.551,0.003,0.527,0.001,0.276,1.142,,,3.509,98.0,6014,8007,0,0,0,148,14,3,0,120,True
2051,1771515518.4560785,21582.25209999364,pawn_shop,10.814,3.381,-0.8876,1.0472,480,320,0.743,0.771,0.171,0.6,0.005,0.557,0.001,0.258,1.158,,,3.67,98.0,6014,8007,0,0,0,148,14,3,0,120,True
2052,1771515518.4660807,21592.23259999999,pawn_shop,10.875,3.38,-0.9236,1.0472,480,320,0.733,0.723,0.157,0.567,0.004,0.537,0.001,0.251,1.161,,,3.586,98.0,6014,8007,0,0,0,148,14,3,0,120,True
2053,1771515518.4760833,21602.238699997542,pawn_shop,10.936,3.377,-0.9636,1.0472,480,320,0.735,0.747,0.164,0.583,0.004,0.552,0.001,0.225,1.146,,,3.584,98.0,6014,8007,0,0,0,148,14,4,0,120,True
2054,1771515518.4860854,21612.19539999729,pawn_shop,10.996,3.372,-0.9916,1.0472,480,320,0.705,0.71,0.152,0.559,0.004,0.538,0.001,0.273,1.152,,,3.559,98.0,6014,8007,0,0,0,148,14,4,0,120,True
2055,1771515518.4960878,21622.20349999552,pawn_shop,11.056,3.366,-1.0116,1.0472,480,320,0.73,0.738,0.16,0.578,0.004,0.547,0.001,0.283,1.154,,,3.632,98.0,6014,8007,0,0,0,148,14,4,0,120,True
2056,1771515518.50609,21632.168099997216,pawn_shop,11.116,3.358,-1.0236,1.0472,480,320,0.731,0.749,0.162,0.586,0.004,0.543,0.001,0.29,1.157,,,3.659,98.0,6014,8007,0,0,0,148,14,3,0,120,True
2057,1771515518.5160918,21642.152499989606,pawn_shop,11.175,3.35,-1.0316,1.0472,480,320,0.686,0.724,0.152,0.572,0.004,0.548,0.001,0.284,1.153,,,3.573,98.0,6014,8007,0,0,0,148,14,3,0,120,True
2058,1771515518.5270946,21653.20669999346,pawn_shop,11.236,3.339,-1.0356,1.0472,480,320,0.724,0.767,0.169,0.597,0.004,0.578,0.001,0.288,1.151,,,3.687,98.0,6014,8007,0,0,0,148,14,3,0,120,True
2059,1771515518.5370967,21663.175599998794,pawn_shop,11.295,3.328,-1.0436,1.0472,480,320,0.696,0.744,0.156,0.588,0.004,0.569,0.001,0.266,1.148,,,3.603,98.0,6014,8007,0,0,0,148,14,3,0,120,True
2060,1771515518.5470989,21673.181999998633,pawn_shop,11.355,3.316,-1.0516,1.0472,480,320,0.731,0.75,0.163,0.588,0.004,0.565,0.001,0.281,1.146,,,3.655,98.0,6014,8007,0,0,0,148,14,3,0,120,True
2061,1771515518.5571012,21683.244899992133,pawn_shop,11.414,3.303,-1.0596,1.0472,480,320,0.692,0.736,0.154,0.582,0.003,0.561,0.001,0.191,1.149,,,3.506,98.0,6014,8007,0,0,0,148,14,3,0,120,True
2062,1771515518.5671034,21693.17030000093,pawn_shop,11.473,3.29,-1.0676,1.0472,480,320,0.681,0.725,0.153,0.572,0.003,0.567,0.001,0.26,1.156,,,3.566,98.0,6014,8007,0,0,0,148,14,3,0,120,True
2063,1771515518.5781062,21704.290499998024,pawn_shop,11.527,3.268,-1.0836,1.0472,480,320,0.721,0.746,0.163,0.584,0.003,0.586,0.001,0.25,1.146,,,3.627,98.0,6014,8007,0,0,0,148,14,3,0,120,True
2064,1771515518.5881085,21714.320699989912,pawn_shop,11.576,3.241,-1.1076,1.0472,480,320,0.785,0.807,0.192,0.615,0.005,0.611,0.001,0.286,1.165,,,3.841,98.0,6014,8007,0,0,0,148,14,3,0,120,True
2065,1771515518.5981107,21724.221399999806,pawn_shop,11.621,3.209,-1.1276,1.0472,480,320,0.68,0.729,0.154,0.575,0.004,0.585,0.001,0.249,1.144,,,3.567,98.0,6014,8007,0,0,0,148,14,3,0,120,True
2066,1771515518.6081133,21734.24449999584,pawn_shop,11.662,3.172,-1.1476,1.0472,480,320,0.726,0.76,0.162,0.598,0.004,0.649,0.001,0.26,1.166,,,3.749,98.0,6014,8007,0,0,0,148,14,3,0,120,True
2067,1771515518.6181152,21744.36889999197,pawn_shop,11.699,3.132,-1.1636,1.0472,480,320,0.822,0.857,0.213,0.644,0.005,0.727,0.001,0.338,1.593,,,4.552,98.0,6014,8007,0,0,0,148,14,3,0,120,True
2068,1771515518.6281173,21754.295299993828,pawn_shop,11.734,3.089,-1.1756,1.0472,480,320,0.782,0.826,0.202,0.625,0.005,0.606,0.001,0.305,1.175,,,3.891,98.0,6014,8007,0,0,0,148,14,2,0,120,True
2069,1771515518.63812,21764.205200001015,pawn_shop,11.767,3.044,-1.1796,1.0472,480,320,0.711,0.762,0.161,0.601,0.004,0.576,0.001,0.227,1.161,,,3.619,98.0,6014,8007,0,0,0,148,14,2,0,120,True
2070,1771515518.6481218,21774.2084999918,pawn_shop,11.798,2.997,-1.1836,1.0472,480,320,0.682,0.782,0.164,0.618,0.004,0.58,0.001,0.309,1.16,,,3.7,99.0,6014,8007,0,0,0,148,14,2,0,120,True
2071,1771515518.6581242,21784.181399998488,pawn_shop,11.828,2.949,-1.1836,1.0472,480,320,0.728,0.791,0.172,0.619,0.004,0.539,0.001,0.211,1.15,,,3.6,99.0,6015,8007,0,0,0,148,14,1,0,120,True
2072,1771515518.6681268,21794.176099996548,pawn_shop,11.856,2.899,-1.1836,1.0472,480,320,0.671,0.773,0.169,0.604,0.004,0.471,0.001,0.239,1.16,,,3.493,99.0,6015,8007,0,0,0,148,14,1,0,120,True
2073,1771515518.679129,21805.206199991517,pawn_shop,11.884,2.847,-1.1876,1.0472,480,320,0.664,0.757,0.159,0.598,0.004,0.466,0.001,0.21,1.156,,,3.42,99.0,6015,8007,0,0,0,148,14,1,0,120,True
2074,1771515518.6901312,21816.152699990198,pawn_shop,11.911,2.794,-1.1876,1.0472,480,320,0.647,0.774,0.16,0.615,0.004,0.461,0.001,0.218,1.169,,,3.446,99.0,6016,8007,0,0,0,148,14,1,0,120,True
2075,1771515518.7011337,21827.187899994897,pawn_shop,11.938,2.738,-1.1876,1.0472,480,320,0.755,0.813,0.178,0.635,0.005,0.468,0.001,0.291,1.193,,,3.703,99.0,6016,8007,0,0,0,148,14,1,0,120,True
2076,1771515518.711136,21837.173599997186,pawn_shop,11.963,2.683,-1.1876,1.0472,480,320,0.679,0.818,0.163,0.655,0.005,0.468,0.001,0.28,1.166,,,3.588,99.0,6019,8007,0,0,0,148,14,1,0,120,True
2077,1771515518.7211382,21847.15139999753,pawn_shop,11.989,2.628,-1.1876,1.0472,480,320,0.638,0.749,0.149,0.6,0.003,0.458,0.001,0.265,1.164,,,3.447,99.0,6019,8007,0,0,0,148,14,1,0,120,True
2078,1771515518.7311406,21857.144499997958,pawn_shop,12.013,2.573,-1.1876,1.0472,480,320,0.633,0.779,0.145,0.634,0.003,0.459,0.0,0.246,1.148,,,3.439,99.0,6021,8007,0,0,0,148,14,1,0,120,True
2079,1771515518.741143,21867.146499993396,pawn_shop,12.038,2.517,-1.1876,1.0472,480,320,0.676,0.769,0.155,0.614,0.004,0.455,0.001,0.226,1.137,,,3.435,99.0,6021,8007,0,0,0,148,14,1,0,120,True
2080,1771515518.7511451,21877.170799998567,pawn_shop,12.062,2.462,-1.1876,1.0472,480,320,0.695,0.822,0.168,0.653,0.004,0.462,0.001,0.238,1.154,,,3.546,97.1,6022,8007,0,0,0,148,14,1,0,120,True
2081,1771515518.762148,21888.15759999852,pawn_shop,12.086,2.406,-1.1876,1.0472,480,320,0.639,0.768,0.151,0.617,0.003,0.445,0.0,0.169,1.136,,,3.328,97.1,6022,8007,0,0,0,148,14,0,0,120,True
2082,1771515518.7721498,21898.14479999768,pawn_shop,12.109,2.349,-1.1876,1.0472,480,320,0.636,0.808,0.156,0.651,0.003,0.447,0.001,0.198,1.163,,,3.426,97.1,6023,8007,0,0,0,148,14,0,0,120,True
2083,1771515518.7831523,21909.2682999908,pawn_shop,12.133,2.292,-1.1876,1.0472,480,320,0.769,0.879,0.202,0.677,0.005,0.466,0.001,0.289,1.175,,,3.761,97.1,6024,8007,0,0,0,148,14,0,0,120,True
2084,1771515518.7931557,21919.4118000014,pawn_shop,12.155,2.241,-1.1876,1.0472,480,320,0.793,0.963,0.214,0.749,0.005,0.473,0.001,0.339,1.221,,,3.99,97.1,6027,8007,0,0,0,148,14,0,0,120,True
2085,1771515518.8031573,21929.29179999919,pawn_shop,12.174,2.195,-1.1876,1.0472,480,320,0.853,0.941,0.209,0.732,0.005,0.475,0.001,0.313,1.198,,,3.979,97.1,6029,8007,0,0,0,148,14,0,0,120,True
2086,1771515518.8131595,21939.29519999074,pawn_shop,12.191,2.155,-1.1876,1.0472,480,320,0.811,0.973,0.214,0.76,0.005,0.484,0.001,0.357,1.199,,,4.029,97.1,6031,8007,0,0,0,148,14,0,0,120,True
2087,1771515518.8231616,21949.305299989646,pawn_shop,12.206,2.119,-1.1876,1.0472,480,320,0.769,0.981,0.212,0.769,0.005,0.473,0.001,0.31,1.188,,,3.917,97.1,6034,8007,0,0,0,148,14,0,0,120,True
2088,1771515518.833164,21959.344399991096,pawn_shop,12.22,2.086,-1.1876,1.0472,480,320,0.768,0.961,0.212,0.749,0.005,0.48,0.001,0.306,1.211,,,3.935,97.1,6036,8007,0,0,0,148,14,0,0,120,True
2089,1771515518.843166,21969.303499994567,pawn_shop,12.232,2.057,-1.1876,1.0472,480,320,0.813,0.971,0.213,0.758,0.005,0.483,0.001,0.334,1.206,,,4.02,97.1,6037,8007,0,0,0,148,14,0,0,120,True
2090,1771515518.8531685,21979.395100002876,pawn_shop,12.243,2.031,-1.1876,1.0472,480,320,0.836,1.017,0.224,0.793,0.005,0.48,0.001,0.339,1.2,,,4.076,98.0,6040,8007,0,0,0,148,14,0,0,120,True
2091,1771515518.8641715,21990.331199995126,pawn_shop,12.253,2.007,-1.1876,1.0472,480,320,0.901,0.981,0.219,0.762,0.005,0.489,0.001,0.33,1.2,,,4.11,98.0,6042,8007,0,0,0,148,14,0,0,120,True
2092,1771515518.8751736,22001.350699996692,pawn_shop,12.262,1.985,-1.1876,1.0472,480,320,0.948,0.966,0.229,0.737,0.005,0.491,0.001,0.31,1.242,,,4.165,98.0,6045,8007,0,0,0,148,14,0,0,120,True
2093,1771515518.8861756,22012.33409999986,pawn_shop,12.27,1.965,-1.1876,1.0472,480,320,0.909,0.91,0.218,0.692,0.005,0.492,0.001,0.3,1.196,,,4.006,98.0,6046,8007,0,0,0,148,14,0,0,120,True
2094,1771515518.8961787,22022.335899993777,pawn_shop,12.277,1.948,-1.1876,1.0472,480,320,0.882,0.892,0.219,0.673,0.005,0.48,0.001,0.3,1.194,,,3.945,98.0,6047,8007,0,0,0,148,14,0,0,120,True
2095,1771515518.9061806,22032.34049999446,pawn_shop,12.284,1.933,-1.1876,1.0472,480,320,0.819,0.89,0.21,0.679,0.004,0.477,0.001,0.308,1.189,,,3.878,98.0,6048,8007,0,0,0,148,14,0,0,120,True
2096,1771515518.9161828,22042.319799991674,pawn_shop,12.29,1.919,-1.1876,1.0472,480,320,0.854,0.947,0.21,0.738,0.005,0.495,0.001,0.313,1.214,,,4.03,98.0,6050,8007,0,0,0,148,14,0,0,120,True
2097,1771515518.9261847,22052.302099997178,pawn_shop,12.295,1.906,-1.1876,1.0472,480,320,0.807,0.888,0.216,0.672,0.005,0.475,0.001,0.301,1.18,,,3.844,98.0,6051,8007,0,0,0,148,14,0,0,120,True
2098,1771515518.9361868,22062.29039999016,pawn_shop,12.299,1.895,-1.1876,1.0472,480,320,0.772,0.868,0.204,0.664,0.005,0.478,0.001,0.298,1.178,,,3.738,98.0,6052,8007,0,0,0,148,14,0,0,120,True
2099,1771515518.9461894,22072.312000003876,pawn_shop,12.303,1.886,-1.1876,1.0472,480,320,0.834,0.877,0.208,0.669,0.005,0.477,0.001,0.301,1.178,,,3.817,98.0,6053,8007,0,0,0,148,14,0,0,120,True
2100,1771515518.9561913,22082.296499997028,pawn_shop,12.307,1.877,-1.1876,1.0472,480,320,0.774,0.878,0.206,0.672,0.005,0.472,0.001,0.333,1.171,,,3.784,97.1,6053,8007,0,0,0,148,14,0,0,120,True
2101,1771515518.9661937,22092.228800000157,pawn_shop,12.311,1.869,-1.1876,1.0472,480,320,0.69,0.75,0.157,0.593,0.004,0.448,0.001,0.28,1.122,,,3.421,97.1,6053,8007,0,0,0,148,14,0,0,120,True
2102,1771515518.9771962,22103.21549999935,pawn_shop,12.314,1.861,-1.1876,1.0472,480,320,0.67,0.741,0.157,0.584,0.003,0.449,0.001,0.242,1.135,,,3.364,97.1,6053,8007,0,0,0,148,14,0,0,120,True
2103,1771515518.9871984,22113.21239999961,pawn_shop,12.316,1.855,-1.1876,1.0472,480,320,0.656,0.724,0.149,0.575,0.003,0.45,0.001,0.286,1.155,,,3.398,97.1,6053,8007,0,0,0,148,14,0,0,120,True
2104,1771515518.9972007,22123.221300003934,pawn_shop,12.319,1.849,-1.1876,1.0472,480,320,0.65,0.722,0.152,0.57,0.003,0.451,0.001,0.265,1.143,,,3.358,97.1,6053,8007,0,0,0,148,14,0,0,120,True
2105,1771515519.0072029,22133.22750000225,pawn_shop,12.321,1.844,-1.1876,1.0472,480,320,0.673,0.783,0.162,0.621,0.004,0.453,0.0,0.228,1.141,,,3.405,97.1,6054,8007,0,0,0,148,14,0,0,120,True
2106,1771515519.0172055,22143.21690000361,pawn_shop,12.323,1.839,-1.1876,1.0472,480,320,0.671,0.806,0.159,0.648,0.004,0.449,0.001,0.205,1.155,,,3.414,97.1,6057,8007,0,0,0,148,14,0,0,120,True
2107,1771515519.0272076,22153.229399991687,pawn_shop,12.325,1.835,-1.1876,1.0472,480,320,0.683,0.749,0.155,0.595,0.004,0.45,0.001,0.242,1.143,,,3.396,97.1,6058,8007,0,0,0,148,14,0,0,120,True
2108,1771515519.0372095,22163.252700003795,pawn_shop,12.326,1.831,-1.1876,1.0472,480,320,0.707,0.773,0.176,0.597,0.004,0.453,0.001,0.282,1.148,,,3.495,97.1,6058,8007,0,0,0,148,14,0,0,120,True
2109,1771515519.0472124,22173.244399993564,pawn_shop,12.328,1.828,-1.1876,1.0472,480,320,0.777,0.754,0.166,0.588,0.004,0.457,0.001,0.289,1.15,,,3.557,97.1,6058,8007,0,0,0,148,14,0,0,120,True
2110,1771515519.0572145,22183.23280000186,pawn_shop,12.329,1.825,-1.1876,1.0472,480,320,0.726,0.738,0.156,0.582,0.004,0.448,0.001,0.193,1.134,,,3.368,99.0,6058,8007,0,0,0,148,14,0,0,120,True
2111,1771515519.0672164,22193.22529999772,pawn_shop,12.33,1.822,-1.1876,1.0472,480,320,0.687,0.731,0.151,0.58,0.003,0.449,0.001,0.271,1.135,,,3.399,99.0,6058,8007,0,0,0,148,14,0,0,120,True
2112,1771515519.0772188,22203.232300002128,pawn_shop,12.331,1.82,-1.1876,1.0472,480,320,0.708,0.743,0.152,0.59,0.004,0.448,0.001,0.276,1.136,,,3.439,99.0,6059,8007,0,0,0,148,14,0,0,120,True
2113,1771515519.0882215,22214.249099997687,pawn_shop,12.332,1.818,-1.1876,1.0472,480,320,0.755,0.806,0.18,0.626,0.004,0.458,0.001,0.285,1.159,,,3.602,99.0,6060,8007,0,0,0,148,14,0,0,120,True
2114,1771515519.0982237,22224.265800003195,pawn_shop,12.333,1.816,-1.1876,1.0472,480,320,0.776,0.791,0.173,0.619,0.004,0.453,0.0,0.289,1.161,,,3.603,99.0,6061,8007,0,0,0,148,14,0,0,120,True
2115,1771515519.108226,22234.250299996347,pawn_shop,12.333,1.814,-1.1876,1.0472,480,320,0.669,0.731,0.155,0.576,0.004,0.455,0.001,0.233,1.129,,,3.346,99.0,6061,8007,0,0,0,148,14,0,0,120,True
2116,1771515519.118228,22244.23179999576,pawn_shop,12.334,1.812,-1.1876,1.0472,480,320,0.674,0.726,0.157,0.569,0.003,0.452,0.001,0.182,1.124,,,3.284,99.0,6061,8007,0,0,0,148,14,0,0,120,True
2117,1771515519.1282303,22254.247799995937,pawn_shop,12.335,1.811,-1.1876,1.0472,480,320,0.689,0.726,0.159,0.567,0.004,0.451,0.0,0.275,1.129,,,3.397,99.0,6061,8007,0,0,0,148,14,0,0,120,True
2118,1771515519.1382325,22264.25670000026,pawn_shop,12.335,1.81,-1.1876,1.0472,480,320,0.708,0.767,0.175,0.592,0.004,0.453,0.001,0.288,1.147,,,3.498,99.0,6061,8007,0,0,0,148,14,0,0,120,True
2119,1771515519.1482348,22274.339299998246,pawn_shop,12.336,1.808,-1.1876,1.0472,480,320,0.756,0.817,0.207,0.611,0.005,0.465,0.001,0.308,1.166,,,3.655,99.0,6061,8007,0,0,0,148,14,0,0,120,True
2120,1771515519.1582372,22284.274399993592,pawn_shop,12.336,1.807,-1.1876,1.0472,480,320,0.729,0.758,0.165,0.593,0.005,0.456,0.001,0.253,1.144,,,3.472,99.0,6061,8007,0,0,0,148,14,0,0,120,True
2121,1771515519.1682396,22294.287199998507,pawn_shop,12.337,1.806,-1.1876,1.0472,480,320,0.721,0.751,0.171,0.581,0.005,0.451,0.001,0.241,1.132,,,3.431,99.0,6061,8007,0,0,0,148,14,0,0,120,True
2122,1771515519.1782417,22304.265400001896,pawn_shop,12.337,1.806,-1.1876,1.0472,480,320,0.678,0.722,0.158,0.565,0.004,0.448,0.001,0.201,1.119,,,3.297,99.0,6061,8007,0,0,0,148,14,0,0,120,True
2123,1771515519.1882436,22314.241599990055,pawn_shop,12.337,1.805,-1.1876,1.0472,480,320,0.676,0.701,0.15,0.552,0.003,0.45,0.001,0.243,1.131,,,3.325,99.0,6061,8007,0,0,0,148,14,0,0,120,True
2124,1771515519.198246,22324.24839999294,pawn_shop,12.338,1.804,-1.1876,1.0472,480,320,0.636,0.698,0.151,0.548,0.003,0.452,0.001,0.201,1.113,,,3.226,99.0,6061,8007,0,0,0,148,14,0,0,120,True
2125,1771515519.208249,22334.294799991767,pawn_shop,12.338,1.803,-1.1876,1.0472,480,320,0.717,0.758,0.179,0.579,0.004,0.451,0.001,0.295,1.144,,,3.5,99.0,6061,8007,0,0,0,148,14,0,0,120,True
2126,1771515519.2182505,22344.264600003953,pawn_shop,12.338,1.803,-1.1876,1.0472,480,320,0.692,0.745,0.16,0.584,0.004,0.451,0.001,0.201,1.135,,,3.352,99.0,6061,8007,0,0,0,148,14,0,0,120,True
2127,1771515519.2312539,22357.223899991368,pawn_shop,12.338,1.802,-1.1876,1.0472,480,320,0.663,0.72,0.157,0.563,0.004,0.45,0.001,0.218,1.133,,,3.312,99.0,6061,8007,0,0,0,148,14,0,0,120,True
2128,1771515519.238255,22364.263600000413,pawn_shop,12.338,1.802,-1.1876,1.0472,480,320,0.655,0.722,0.145,0.577,0.003,0.449,0.001,0.246,1.148,,,3.346,99.0,6061,8007,0,0,0,148,14,0,0,120,True
